/* levels_baked.h - original Run 3 explore-mode level bitmaps.
 * Generated by bake_levels.py from orig_levels.bin. Do not edit.
 * 1 bit per tile (1 = solid), row-major, LSB-first.
 * bit = row*n*k + side*k + lane. Out-of-range rows read as solid.
 * 319 levels, 487926 bits (60991 bytes). */
#ifndef LEVELS_BAKED_H
#define LEVELS_BAKED_H

#include <stdint.h>

#define BAKED_TUNNELS 30
#define BAKED_NLEVELS 319

typedef struct {
  uint8_t n, k;      /* cross-section for this level */
  uint16_t rows;     /* rows of baked tiles */
  uint16_t spawn;    /* start tile index (ring = spawn + 0.5) */
  uint32_t bit;      /* bit offset into BAKED_BITS */
} baked_level_t;

static const uint8_t BAKED_BITS[60991] = {
  0xFF, 0xFF, 0x0F, 0xFF, 0x0F, 0xFF, 0xFF, 0xFF, 0xFF, 0xFF, 0xFF, 0xFF, 0xFF, 0xFF, 0xFF, 0xFF,
  0xFF, 0xFF, 0xFF, 0xFF, 0x00, 0x00, 0xFF, 0xFF, 0xFF, 0xFF, 0xFF, 0xFF, 0xFF, 0xFF, 0xFF, 0xFF,
  0x99, 0x99, 0x99, 0x99, 0xFF, 0xFF, 0xFF, 0xFF, 0xFF, 0xFF, 0xFF, 0xFF, 0x0F, 0x0F, 0xFF, 0xFF,
  0xFF, 0xFF, 0xFF, 0xFF, 0xF9, 0xF9, 0xF9, 0xF9, 0xF9, 0xF9, 0x0F, 0xFF, 0x0F, 0xFF, 0xFF, 0x9F,
  0xFF, 0x9F, 0xFF, 0xF6, 0xF6, 0xF6, 0xF6, 0xF0, 0x90, 0xF9, 0x96, 0xF9, 0x96, 0xFF, 0xFF, 0xFF,
  0xFF, 0xFF, 0xFF, 0x9F, 0xFF, 0x9F, 0x6F, 0x9F, 0x6F, 0xFF, 0x69, 0xF6, 0x69, 0x66, 0xF9, 0x66,
  0xF9, 0x66, 0xFF, 0xF0, 0xFF, 0x90, 0x96, 0x90, 0x96, 0x9F, 0x90, 0x9F, 0xF0, 0x00, 0xF8, 0x00,
  0xFC, 0x01, 0xFC, 0x01, 0xFE, 0x03, 0xFE, 0x03, 0xFE, 0x07, 0xEF, 0x02, 0xFF, 0x07, 0xFB, 0x01,
  0xF9, 0x0F, 0xFD, 0x07, 0xFF, 0x07, 0xFF, 0x07, 0xF7, 0x0F, 0xF7, 0x1F, 0xF6, 0x1B, 0xFF, 0x1B,
  0xDF, 0x1F, 0x9F, 0x1F, 0x0F, 0x9E, 0x4F, 0x8C, 0x6F, 0x8E, 0xFC, 0xCF, 0xFF, 0xDF, 0xFF, 0xDF,
  0xFF, 0xFF, 0xDD, 0xF3, 0xDD, 0xBF, 0x9F, 0xBF, 0x0F, 0xFF, 0x0F, 0xFF, 0x0F, 0xF7, 0x07, 0xE7,
  0x07, 0xEE, 0x03, 0xFE, 0x03, 0xFE, 0x03, 0xFF, 0x07, 0xBE, 0x07, 0xBC, 0x03, 0xFC, 0x03, 0xFC,
  0x01, 0x78, 0x03, 0x6C, 0x03, 0xE4, 0x01, 0xFC, 0x05, 0xFC, 0x04, 0xDC, 0x06, 0xD4, 0x06, 0xF4,
  0x02, 0xF0, 0x02, 0xF0, 0x00, 0xF0, 0x00, 0x78, 0x01, 0x78, 0x01, 0xF8, 0x01, 0xF8, 0xFE, 0xFF,
  0xFE, 0xFF, 0xFF, 0xFF, 0xFF, 0xBF, 0xF3, 0xBF, 0xFF, 0xFF, 0xFF, 0xFD, 0xFC, 0xFD, 0xBF, 0xFF,
  0xBF, 0x7F, 0xFF, 0x73, 0xFF, 0xFF, 0x39, 0x9F, 0xFF, 0xFB, 0xEF, 0xFB, 0x6F, 0xFE, 0xFC, 0xFF,
  0xFF, 0xE7, 0xFF, 0xFF, 0xF7, 0xBF, 0xF7, 0xBF, 0xFF, 0xFF, 0xFF, 0xF2, 0x9F, 0x7E, 0xFF, 0x7F,
  0xE7, 0xFF, 0xFF, 0xFF, 0xFF, 0xFB, 0x7E, 0x7A, 0xCF, 0xFF, 0xFF, 0xEF, 0x7F, 0xEF, 0x7F, 0xD9,
  0xFD, 0xDF, 0xFD, 0xFF, 0xEF, 0xFF, 0xEF, 0xFF, 0xFC, 0xBF, 0xFF, 0xA7, 0xFF, 0xFF, 0xFF, 0x3F,
  0xCB, 0xFD, 0xFB, 0xDD, 0xFF, 0xDF, 0xE7, 0xFF, 0xFE, 0xF3, 0xFE, 0xFF, 0xD7, 0xFF, 0xD7, 0xFF,
  0xFC, 0x9C, 0x7F, 0xFC, 0x7C, 0x7C, 0x7C, 0x7C, 0xFC, 0x7F, 0xFF, 0xC7, 0x1F, 0xC7, 0x1F, 0xC7,
  0x1F, 0xFF, 0xFF, 0xFF, 0x7F, 0xFC, 0x63, 0xFC, 0x63, 0xFC, 0xE3, 0xFF, 0xFE, 0x3F, 0x8E, 0x3F,
  0x8E, 0x3F, 0x8F, 0xE3, 0xFF, 0xE3, 0xFF, 0xE3, 0x1C, 0x7F, 0x1C, 0x7F, 0x1C, 0x7F, 0xFF, 0xFF,
  0xFF, 0xF8, 0xFF, 0x88, 0xFF, 0x88, 0xFF, 0x8F, 0x1F, 0xFF, 0x1F, 0xFF, 0x1F, 0x1F, 0xFF, 0x1F,
  0x23, 0x1E, 0x23, 0xFE, 0x23, 0xFE, 0xFF, 0xFF, 0xFF, 0xC7, 0xFF, 0xC7, 0xFF, 0xC7, 0x18, 0xFF,
  0x18, 0xFF, 0x18, 0xE3, 0xFF, 0xE3, 0xFF, 0xE3, 0xFC, 0x7F, 0xFC, 0x7F, 0xFC, 0x7F, 0xFF, 0xFF,
  0x8F, 0xC7, 0x8F, 0xC7, 0x8F, 0xC7, 0x70, 0x70, 0x70, 0x70, 0x70, 0x70, 0x30, 0x70, 0x3E, 0x30,
  0x3E, 0x3E, 0x0E, 0x3E, 0x06, 0x0E, 0xE6, 0x0E, 0xE6, 0x06, 0xE0, 0x06, 0xE7, 0x00, 0xC7, 0x00,
  0xC7, 0x07, 0xC3, 0x07, 0x03, 0x07, 0x03, 0x07, 0x70, 0x07, 0x70, 0x06, 0x7E, 0x06, 0x7E, 0x06,
  0x3E, 0x06, 0x3E, 0x06, 0x3C, 0x06, 0x0C, 0x00, 0x0C, 0x00, 0x0C, 0x0E, 0x0C, 0x0E, 0x00, 0x0E,
  0x00, 0x0E, 0x0E, 0x0C, 0x0E, 0x0C, 0x0E, 0x0C, 0x06, 0x0C, 0x06, 0x0C, 0x06, 0x0C, 0x00, 0x00,
  0x00, 0x00, 0x07, 0x07, 0x07, 0x07, 0x07, 0x07, 0x03, 0x06, 0x03, 0x06, 0x03, 0x06, 0xE3, 0xE0,
  0xE0, 0xE0, 0xE0, 0xE0, 0xE0, 0xEE, 0x60, 0xEE, 0x60, 0x6E, 0x60, 0x6E, 0x60, 0x0C, 0x00, 0x0C,
  0x00, 0x70, 0xE0, 0x70, 0xE0, 0x70, 0xE0, 0x30, 0xC0, 0x30, 0xC0, 0x30, 0xA0, 0xF9, 0xB1, 0xB5,
  0xFD, 0x27, 0xFC, 0xA3, 0xFF, 0xBB, 0xFF, 0x3F, 0xFF, 0xEF, 0x5F, 0xFF, 0x7F, 0xC7, 0xF7, 0x97,
  0xFF, 0x9F, 0xBD, 0x1F, 0xAF, 0x17, 0xFF, 0x1F, 0xFE, 0x6F, 0xFE, 0xFF, 0x36, 0xEF, 0x1F, 0xEF,
  0xDD, 0xD7, 0xFF, 0x55, 0xC5, 0xFF, 0xFD, 0xDD, 0xFA, 0xD7, 0x3E, 0xF7, 0x7F, 0xFD, 0x7F, 0xF8,
  0x7F, 0xFC, 0x7E, 0xFC, 0xFA, 0xB5, 0xFE, 0xFF, 0xDF, 0xFB, 0xDF, 0xE7, 0xCF, 0xFF, 0xCD, 0xB6,
  0x4D, 0xD7, 0x77, 0x1B, 0xFF, 0x5B, 0xFA, 0xF1, 0xEF, 0xF1, 0xFF, 0xFB, 0xF7, 0xFF, 0xCD, 0xFE,
  0x7F, 0xEF, 0x5F, 0xEE, 0xFF, 0xFE, 0xFF, 0xFF, 0x99, 0xFF, 0xD3, 0xFF, 0xFF, 0xDF, 0x78, 0xFD,
  0xFB, 0xB9, 0xA6, 0x7F, 0xEE, 0xFF, 0xFF, 0xFB, 0xFF, 0xFF, 0xFF, 0xFF, 0xFF, 0xFE, 0xCF, 0xFF,
  0xDB, 0xFF, 0xFF, 0x7F, 0xFF, 0xFF, 0x7F, 0xDF, 0xFA, 0xED, 0xFF, 0xFE, 0x7E, 0xBF, 0xFF, 0xFE,
  0xFF, 0xFF, 0xFD, 0xED, 0xFF, 0xFF, 0xEB, 0x7F, 0xDE, 0xD7, 0xFF, 0xFF, 0x55, 0xFF, 0xEF, 0xFF,
  0xFD, 0xDF, 0xFE, 0xFC, 0xEF, 0xFF, 0x6F, 0x7F, 0xE7, 0xFF, 0xFF, 0xFF, 0xED, 0xFD, 0x9E, 0xEF,
  0x7F, 0xFF, 0xF5, 0xFF, 0xD7, 0xFE, 0xBB, 0xF5, 0x3D, 0xFF, 0xFF, 0x6F, 0xEC, 0xFF, 0xFF, 0xDF,
  0xFE, 0xF7, 0xBB, 0x7F, 0xFB, 0xFD, 0xED, 0xFF, 0xD4, 0xBE, 0x7F, 0xEF, 0xDF, 0xEB, 0xBA, 0xFF,
  0xAD, 0xF6, 0xDF, 0x5D, 0x55, 0xFD, 0xFF, 0xAE, 0xB9, 0x3F, 0x45, 0xF9, 0x16, 0x6D, 0xF0, 0x96,
  0xF6, 0x96, 0x96, 0x97, 0x9E, 0xDF, 0x9E, 0xDF, 0xFE, 0xFF, 0x00, 0x0F, 0x0F, 0x0F, 0x9F, 0x9E,
  0x96, 0x9E, 0xF6, 0xF8, 0x60, 0x69, 0x69, 0x69, 0x69, 0x79, 0x0F, 0x3F, 0x0F, 0x3F, 0xBF, 0x96,
  0xF6, 0x96, 0xF6, 0x96, 0xF6, 0xF0, 0xF0, 0xF0, 0x60, 0x69, 0x69, 0x69, 0x6F, 0x79, 0x6F, 0x79,
  0xF9, 0xF0, 0x90, 0x96, 0x96, 0x96, 0x96, 0x96, 0x9E, 0x96, 0xFE, 0xF0, 0x6F, 0x69, 0x6F, 0x69,
  0x69, 0x6F, 0x69, 0x6F, 0xF9, 0xF0, 0xF8, 0xF0, 0x68, 0x79, 0x69, 0x79, 0x69, 0x79, 0x39, 0x0F,
  0xFF, 0x0F, 0xFF, 0xF0, 0xF0, 0xF0, 0x60, 0x69, 0x09, 0x0F, 0x0F, 0x0F, 0x6F, 0x69, 0x69, 0x79,
  0x69, 0x79, 0x69, 0x79, 0x69, 0x69, 0x69, 0x69, 0xF9, 0x96, 0x96, 0x96, 0x96, 0x96, 0x96, 0x96,
  0xF7, 0xF0, 0xF3, 0xF0, 0xD0, 0xFE, 0x1F, 0xFE, 0x3F, 0xC3, 0xB8, 0xEB, 0x8B, 0xEF, 0xCE, 0xEF,
  0xEE, 0xEF, 0x6F, 0xF1, 0x6F, 0x77, 0xCF, 0x7F, 0xCC, 0xFD, 0x4D, 0xF4, 0x4F, 0xF7, 0x6F, 0x37,
  0x7F, 0xA7, 0x7F, 0xE3, 0x75, 0xAF, 0x34, 0xBE, 0x90, 0xBC, 0x86, 0x1C, 0xE6, 0x1E, 0xFE, 0x1E,
  0xFE, 0xD7, 0xDE, 0xD3, 0x9B, 0xF3, 0xB9, 0x89, 0xBD, 0xEC, 0xFF, 0xEC, 0x5F, 0xCC, 0x1B, 0x1D,
  0xBB, 0x7D, 0xF8, 0x79, 0xFF, 0xF3, 0xDF, 0xF3, 0xDE, 0x07, 0xC8, 0x67, 0x79, 0x66, 0x51, 0x6C,
  0xD3, 0xCC, 0xF3, 0xC5, 0xFE, 0xD5, 0x1E, 0xF5, 0x7C, 0x97, 0x4D, 0xD6, 0x6D, 0xC2, 0x6D, 0xC3,
  0x35, 0xC3, 0x80, 0x59, 0xE2, 0x59, 0xF6, 0x1D, 0xF6, 0xDC, 0x36, 0xCC, 0x37, 0xCC, 0xF3, 0x8C,
  0xD3, 0x88, 0xD1, 0x08, 0xC5, 0x08, 0x64, 0x00, 0x64, 0xE8, 0x65, 0xE8, 0x7D, 0x29, 0x3D, 0x0B,
  0x1F, 0x8B, 0x0F, 0xC3, 0x16, 0x83, 0x1C, 0x02, 0xFC, 0xFF, 0xFF, 0xFF, 0xFF, 0xFF, 0xFF, 0xFF,
  0xFF, 0xFF, 0xFF, 0xFF, 0xFF, 0xFF, 0xFF, 0xFF, 0xFF, 0xFF, 0xFF, 0xFF, 0xFF, 0xFF, 0xFF, 0xFF,
  0xFF, 0xFF, 0xFF, 0xFF, 0xFF, 0xFF, 0xFF, 0xFF, 0xFF, 0xFF, 0xFF, 0xFF, 0xFF, 0xFF, 0xFF, 0xFF,
  0xFF, 0xFF, 0xFF, 0xFF, 0xFF, 0xFF, 0xFF, 0xFF, 0xFF, 0xFF, 0xFF, 0xFF, 0xFF, 0xFF, 0xFF, 0xFF,
  0xFF, 0xFF, 0xFF, 0xFF, 0xFF, 0xFF, 0xFF, 0xFF, 0xFF, 0xFF, 0xFF, 0xFF, 0xFF, 0xFF, 0xFF, 0xFF,
  0xFF, 0xFF, 0xFF, 0xFF, 0xFF, 0xFF, 0xFF, 0xFF, 0xFF, 0xFF, 0xFF, 0xFF, 0xFF, 0xFF, 0xFF, 0xFF,
  0xFF, 0xFF, 0xFF, 0xFF, 0xFF, 0xFF, 0xFF, 0xFF, 0xFF, 0xFF, 0xFF, 0xFF, 0xFF, 0xFF, 0xFF, 0xFF,
  0xFF, 0xFF, 0xFF, 0xFF, 0xFF, 0xFF, 0xFF, 0xFF, 0xFF, 0xFF, 0xFF, 0xFF, 0xFF, 0xFF, 0x6F, 0x66,
  0x66, 0x66, 0xF6, 0xFF, 0xFF, 0xFF, 0x6F, 0x66, 0x02, 0x26, 0xF2, 0xFF, 0xFF, 0xFF, 0x4F, 0x26,
  0x66, 0x24, 0xF6, 0xFF, 0xFF, 0xFF, 0x4F, 0x66, 0x44, 0x42, 0xF4, 0xFF, 0xFF, 0xFF, 0x4F, 0x44,
  0x46, 0x46, 0xF2, 0xFF, 0xFF, 0xFF, 0x4F, 0x62, 0x46, 0x26, 0xF4, 0xFF, 0xFF, 0xFF, 0x6F, 0x20,
  0x26, 0x20, 0xF2, 0xFF, 0xFF, 0xFF, 0x4F, 0x46, 0x42, 0x46, 0xF6, 0xFF, 0xFF, 0xFF, 0x2F, 0x02,
  0x24, 0x62, 0xF4, 0xFF, 0xFF, 0xFF, 0x6F, 0x64, 0x00, 0x04, 0xF2, 0xFF, 0xFF, 0xFF, 0x6F, 0x40,
  0x64, 0x46, 0xF4, 0xFF, 0xFF, 0xFF, 0x0F, 0x26, 0x06, 0x20, 0xF2, 0xFF, 0xFF, 0xFF, 0x4F, 0x00,
  0x46, 0x00, 0xF4, 0xFF, 0xFF, 0xFF, 0x0F, 0x66, 0x62, 0x66, 0xF6, 0xFF, 0xFF, 0xFF, 0x2F, 0x00,
  0x26, 0x06, 0xF6, 0xFF, 0xFF, 0xFF, 0x4F, 0x44, 0x46, 0x44, 0xF4, 0xFF, 0xFF, 0xFF, 0x0F, 0x20,
  0x66, 0x26, 0xF6, 0xFF, 0xFF, 0xFF, 0x6F, 0x06, 0x02, 0x06, 0xF2, 0xFF, 0xFF, 0xFF, 0x2F, 0x62,
  0x24, 0x62, 0xF4, 0xFF, 0xED, 0xFF, 0xC5, 0x3F, 0x3F, 0xFE, 0x01, 0xFF, 0x7F, 0x3F, 0xFF, 0xE3,
  0x3E, 0xFF, 0xFF, 0xFF, 0xFF, 0xF3, 0x3F, 0xFE, 0xFF, 0xFF, 0xFF, 0xCF, 0xFF, 0xFF, 0xDF, 0xFF,
  0x9D, 0xFF, 0xF7, 0xFE, 0xFF, 0xFF, 0xFF, 0xFF, 0xF7, 0xFC, 0xFF, 0xFF, 0xF7, 0xC7, 0xFF, 0xF7,
  0x7F, 0xFF, 0xFF, 0xFF, 0xF3, 0xEE, 0xFF, 0xB3, 0xF7, 0x7F, 0xFE, 0xBF, 0xF7, 0x5F, 0xF3, 0xDD,
  0xDF, 0x3F, 0xFF, 0x75, 0xFF, 0xEF, 0xFF, 0x7F, 0x6F, 0xFB, 0xFB, 0xEF, 0xFB, 0xBC, 0xFF, 0xF3,
  0xFB, 0xF9, 0xFF, 0xF9, 0xF7, 0xFF, 0xFF, 0xFF, 0xFF, 0xBF, 0xFE, 0xFE, 0xF8, 0x72, 0xFB, 0xF1,
  0x6F, 0xFF, 0xC7, 0xFF, 0xDF, 0x73, 0xFF, 0xFD, 0xF7, 0xFF, 0xFF, 0xEF, 0xFF, 0xF9, 0xFF, 0x6D,
  0x3F, 0x5D, 0xFF, 0x86, 0xDD, 0x97, 0xDF, 0xBF, 0x7F, 0x98, 0x36, 0xFD, 0xF7, 0xFD, 0xF3, 0xED,
  0xEF, 0x7F, 0xBF, 0x6F, 0xEC, 0xFF, 0x3F, 0xE3, 0x39, 0xA6, 0x7F, 0xF0, 0x5F, 0xF7, 0xF6, 0xD5,
  0xEF, 0xDF, 0xEC, 0x9F, 0xEC, 0xFB, 0x8F, 0xFB, 0xB7, 0xFB, 0xBF, 0xFF, 0xCF, 0x7D, 0xC9, 0xB7,
  0xCC, 0xFF, 0x1E, 0xCF, 0xEF, 0xAF, 0x37, 0x3F, 0xBF, 0xF9, 0xF7, 0xFF, 0xFB, 0xDF, 0x0F, 0xFF,
  0x3C, 0xFF, 0xFC, 0xEB, 0x77, 0xCA, 0x3F, 0x9F, 0xFB, 0xFF, 0xDB, 0x0C, 0x09, 0xFC, 0x3F, 0xFC,
  0xFC, 0xEF, 0x3E, 0xE7, 0x3E, 0x2F, 0xFB, 0x3F, 0xE3, 0xDE, 0xFF, 0xDE, 0x4F, 0x4E, 0xCF, 0x3B,
  0xFE, 0xF3, 0xFF, 0x77, 0xFE, 0x7D, 0x76, 0xB8, 0xF7, 0xA3, 0xB7, 0x3F, 0x35, 0xDF, 0xBD, 0xCF,
  0xCD, 0x2F, 0xCD, 0xBF, 0xFF, 0xB2, 0x7F, 0xFA, 0x73, 0xFB, 0xE6, 0xFF, 0xFC, 0xDF, 0xFD, 0x4D,
  0xFB, 0x5C, 0xE3, 0x3D, 0xFF, 0xF7, 0x33, 0x37, 0x37, 0x27, 0xF7, 0xFE, 0x3E, 0xFA, 0xDC, 0xF3,
  0xDD, 0xF7, 0xCA, 0x3F, 0xFA, 0xFF, 0xF3, 0xCD, 0xCD, 0x4D, 0xCC, 0xB8, 0x3F, 0x33, 0x3F, 0x77,
  0xCF, 0xCF, 0xE4, 0xE8, 0x7C, 0xAA, 0xFB, 0x1B, 0xD2, 0xDB, 0xCB, 0xCF, 0xDD, 0x35, 0xE5, 0x34,
  0xE5, 0xE6, 0xFD, 0xDF, 0xA6, 0xCF, 0x26, 0x5B, 0x5A, 0xB3, 0xDB, 0x3B, 0xDA, 0xE7, 0xDB, 0x27,
  0xBC, 0xDF, 0x3F, 0xCE, 0xE7, 0x2F, 0xCC, 0xC3, 0x00, 0xC0, 0x00, 0xFC, 0xF8, 0xFC, 0xF8, 0x0C,
  0xD8, 0x0D, 0xD8, 0xFD, 0x99, 0xFD, 0x99, 0x81, 0x9F, 0x9D, 0x9F, 0x1F, 0x80, 0x1B, 0x00, 0x18,
  0x3E, 0x18, 0x3E, 0x18, 0x36, 0x1C, 0xF6, 0x1F, 0xF6, 0x03, 0x06, 0xFC, 0x86, 0xFF, 0x9E, 0xC3,
  0x9E, 0xC1, 0x98, 0xC1, 0x98, 0xF9, 0xF8, 0xF9, 0xF8, 0x19, 0x00, 0x18, 0x00, 0xF8, 0xFF, 0xF8,
  0xFF, 0x00, 0xC0, 0x00, 0xC0, 0xFC, 0xC7, 0xFE, 0xC7, 0x06, 0xFE, 0x06, 0xFE, 0x06, 0x00, 0xF6,
  0x0F, 0xF6, 0xEF, 0x37, 0xEC, 0xF3, 0x6C, 0xF0, 0x6C, 0xC0, 0x7C, 0xFC, 0x7C, 0xFE, 0x00, 0x06,
  0xC0, 0x87, 0xCF, 0x83, 0xCF, 0xE0, 0xCD, 0xE0, 0xCD, 0x7C, 0xCC, 0x7F, 0xCC, 0x03, 0x0C, 0x00,
  0xEC, 0xFB, 0xEF, 0xFB, 0x6F, 0x1B, 0x60, 0x9B, 0x7F, 0x9F, 0x7F, 0x9F, 0x01, 0x83, 0x01, 0x80,
  0x00, 0x80, 0x80, 0x80, 0x81, 0x80, 0xC1, 0x00, 0xC1, 0x00, 0x41, 0x80, 0x40, 0x80, 0x02, 0xC2,
  0x02, 0xC6, 0x06, 0x46, 0x46, 0x56, 0x44, 0x14, 0xC4, 0x18, 0xC0, 0x18, 0x80, 0x08, 0x88, 0x08,
  0x08, 0x00, 0x18, 0x00, 0x18, 0x04, 0x10, 0x04, 0x10, 0x24, 0x00, 0x26, 0x04, 0x62, 0x04, 0x62,
  0x26, 0x42, 0x26, 0x40, 0x62, 0x00, 0x62, 0x02, 0x40, 0x06, 0x40, 0x86, 0x00, 0x86, 0x80, 0xC4,
  0x80, 0xC0, 0x80, 0x41, 0x80, 0x41, 0x00, 0x01, 0x00, 0xFD, 0x3F, 0xFE, 0xFF, 0x3F, 0x0E, 0xE0,
  0xFF, 0x0F, 0x00, 0xFF, 0x7F, 0x1C, 0xC7, 0x81, 0xE3, 0xFF, 0xF1, 0xFF, 0x38, 0x8E, 0xE3, 0xFF,
  0x7F, 0xFC, 0x07, 0x80, 0xFF, 0x38, 0xF0, 0xE3, 0xC7, 0x71, 0xFC, 0x07, 0xF0, 0xE3, 0xC0, 0x8F,
  0xFF, 0xF8, 0x71, 0x1C, 0x07, 0x0E, 0xFC, 0xFF, 0xAB, 0xAA, 0xFE, 0xFF, 0xFF, 0xFF, 0x57, 0x55,
  0xFD, 0xFF, 0xFF, 0xFF, 0xAB, 0xBA, 0xFE, 0xFF, 0xFF, 0xFF, 0x03, 0x00, 0xFC, 0xFF, 0xAB, 0xAA,
  0xAA, 0xAA, 0xFE, 0xFF, 0xFF, 0xFF, 0x57, 0x55, 0xE9, 0xEB, 0xFF, 0xFF, 0xAB, 0xAA, 0x7E, 0x7D,
  0xFD, 0xFF, 0x13, 0x04, 0xFC, 0xFF, 0xFF, 0xFF, 0xAB, 0xAA, 0xAA, 0xFE, 0xAB, 0xFE, 0x57, 0x55,
  0x55, 0xFD, 0x57, 0xFD, 0xAB, 0xAA, 0xBE, 0xEA, 0xBF, 0xEA, 0x57, 0x55, 0xFD, 0x57, 0xFD, 0x57,
  0xA9, 0xAA, 0x56, 0x7D, 0xA9, 0xBE, 0x56, 0x55, 0xFD, 0xFF, 0xFF, 0xFF, 0xAB, 0xAA, 0xFE, 0xFF,
  0xFF, 0xFF, 0x57, 0x15, 0xFC, 0xFF, 0xFF, 0xFF, 0x63, 0x08, 0xFE, 0xFF, 0xFF, 0xFF, 0x53, 0x45,
  0xFC, 0xFF, 0xFF, 0xFF, 0x0B, 0xA0, 0x56, 0x55, 0xA9, 0xAA, 0x56, 0x55, 0xA9, 0xAA, 0x9A, 0x99,
  0x99, 0x99, 0x99, 0x99, 0x99, 0x99, 0x81, 0x01, 0x00, 0x00, 0x18, 0x98, 0x99, 0x99, 0x99, 0x99,
  0x99, 0x99, 0x01, 0x98, 0x01, 0x18, 0x18, 0x18, 0x98, 0x01, 0x98, 0x81, 0x19, 0x98, 0x99, 0x99,
  0x99, 0x99, 0x99, 0x99, 0x01, 0x98, 0x01, 0x98, 0x19, 0x80, 0x99, 0x19, 0x98, 0x19, 0x98, 0x81,
  0x19, 0x98, 0x01, 0x98, 0x81, 0x99, 0x99, 0x81, 0x19, 0x80, 0x19, 0x80, 0x19, 0x18, 0x80, 0x19,
  0x80, 0x19, 0x18, 0x80, 0x19, 0x80, 0x19, 0x80, 0x99, 0x19, 0x98, 0x99, 0x99, 0x99, 0x89, 0x88,
  0x88, 0x88, 0x88, 0x88, 0x88, 0x88, 0x88, 0x88, 0xFC, 0xFF, 0xFF, 0xFF, 0xFF, 0xFF, 0x13, 0x11,
  0x11, 0x11, 0x11, 0x11, 0x11, 0x11, 0x01, 0x00, 0xFC, 0xFF, 0xFF, 0xFF, 0xFF, 0xFF, 0x47, 0x44,
  0x44, 0x44, 0x44, 0x44, 0x44, 0x44, 0x44, 0x44, 0xFC, 0xFF, 0xFF, 0xFF, 0xFF, 0xFF, 0x03, 0x00,
  0x10, 0x11, 0x11, 0x11, 0x11, 0x11, 0x11, 0x11, 0xFD, 0xFF, 0xFF, 0xFF, 0xFF, 0xFF, 0x47, 0x44,
  0x44, 0x44, 0x00, 0x00, 0x44, 0x44, 0x44, 0x44, 0xFC, 0xFF, 0xFF, 0xFF, 0xFF, 0xFF, 0x03, 0x00,
  0x10, 0x11, 0x11, 0x11, 0x11, 0x11, 0x01, 0x00, 0xFC, 0xFF, 0xFF, 0xFF, 0xFF, 0xFF, 0x03, 0x00,
  0x00, 0x00, 0x20, 0x22, 0x22, 0x22, 0x22, 0x22, 0xFE, 0xFF, 0xFF, 0xFF, 0xFF, 0xFF, 0x03, 0x00,
  0x00, 0x00, 0x44, 0x44, 0x44, 0x44, 0x80, 0x7F, 0xC0, 0x3F, 0xE0, 0x1F, 0xF0, 0x0F, 0xF8, 0x07,
  0xFC, 0x03, 0xFC, 0x01, 0xFE, 0x00, 0x7F, 0x80, 0x3F, 0xC0, 0x1F, 0xE0, 0x0F, 0xF0, 0x07, 0xF8,
  0x03, 0xFC, 0x03, 0xFE, 0x01, 0xFF, 0x80, 0x7F, 0xC0, 0x3F, 0xE0, 0x1F, 0xF0, 0x0F, 0xF8, 0x07,
  0xFC, 0x03, 0xFC, 0x01, 0xFE, 0x00, 0x7F, 0x80, 0x3F, 0xC0, 0x1F, 0xE0, 0x0F, 0xF0, 0x07, 0xF8,
  0x03, 0xFC, 0x87, 0x00, 0xB4, 0xFE, 0x85, 0x00, 0xFD, 0x7F, 0x7D, 0x40, 0x7C, 0xDF, 0x63, 0xD0,
  0xEC, 0xD7, 0xE2, 0xC7, 0xFC, 0xFF, 0x33, 0x62, 0xB4, 0x6A, 0xB7, 0x6A, 0x30, 0xEA, 0xFD, 0xEB,
  0x7F, 0xE8, 0x43, 0x6F, 0x5C, 0x60, 0xC3, 0x7F, 0x7C, 0xFC, 0x63, 0xFD, 0x6B, 0xFC, 0xEB, 0x1F,
  0x23, 0x5E, 0xBF, 0x5C, 0xA3, 0x1D, 0x2D, 0xFC, 0xE5, 0xE3, 0x31, 0xEA, 0xBD, 0xEA, 0x8F, 0xEA,
  0xEB, 0xCA, 0x08, 0xDA, 0xFA, 0xC3, 0xFC, 0xFF, 0x0F, 0x38, 0xEE, 0xBB, 0x0E, 0xB8, 0xFE, 0xBF,
  0xC6, 0xBF, 0x56, 0xA0, 0x54, 0xAF, 0x55, 0x28, 0xD4, 0xEB, 0x17, 0xE2, 0xF7, 0xFE, 0x07, 0x0E,
  0xFF, 0x6F, 0x3F, 0x2E, 0xBF, 0xA8, 0xA3, 0x8B, 0x2B, 0xF8, 0xEB, 0x8F, 0xEB, 0xA0, 0xEC, 0xBE,
  0xE2, 0x80, 0xFC, 0xFF, 0x03, 0xC4, 0xFB, 0x15, 0x0B, 0x74, 0xEB, 0x07, 0x23, 0xFE, 0xBF, 0xC6,
  0x3F, 0x56, 0xFC, 0x57, 0x05, 0x50, 0xF5, 0x5F, 0x15, 0x40, 0xD5, 0x7F, 0x14, 0xF8, 0xF7, 0x3B,
  0x06, 0xBA, 0xFE, 0xBA, 0xE2, 0xB8, 0xEC, 0xBF, 0x23, 0x20, 0xBC, 0xEF, 0xBF, 0x20, 0xA2, 0xBE,
  0x2A, 0x86, 0xE2, 0xF7, 0xFE, 0x07, 0xF6, 0xF3, 0xF0, 0xF4, 0xFE, 0xCE, 0xCF, 0x6F, 0xDF, 0x3D,
  0xF7, 0xF4, 0xE7, 0xF3, 0x3C, 0xFF, 0x71, 0x7F, 0xDB, 0x6F, 0xCE, 0xE7, 0xFF, 0x3E, 0x6F, 0x66,
  0xE7, 0xF7, 0xFD, 0xDC, 0xB0, 0xCD, 0x37, 0x7B, 0xCE, 0x73, 0xDF, 0xDC, 0xEF, 0x4D, 0x4F, 0x36,
  0x77, 0xE7, 0xB3, 0xFF, 0x3E, 0xFB, 0xF4, 0xF3, 0xA7, 0x4C, 0x3E, 0x5D, 0xEF, 0xF2, 0x4D, 0xFA,
  0xF0, 0xA7, 0xB7, 0x37, 0x3F, 0xCD, 0xF7, 0x54, 0x67, 0x73, 0x3E, 0xFF, 0xCF, 0xCC, 0xDE, 0xED,
  0x2C, 0xB3, 0x4F, 0x35, 0xF3, 0xCC, 0x77, 0xEB, 0x3C, 0xF3, 0xCE, 0xBD, 0xEF, 0x2C, 0xB7, 0xE7,
  0x25, 0xFB, 0xF8, 0xF3, 0xB3, 0x5C, 0x2E, 0xCD, 0xCA, 0xBF, 0x73, 0x36, 0xCF, 0xF2, 0xAF, 0xCF,
  0x38, 0xDD, 0xF2, 0xFC, 0x83, 0x00, 0x84, 0x00, 0x84, 0x00, 0x84, 0x00, 0x84, 0x01, 0x8C, 0x01,
  0x8C, 0x01, 0x88, 0x01, 0x08, 0x01, 0x08, 0x01, 0x21, 0x01, 0x21, 0x80, 0xA1, 0x80, 0xA0, 0x84,
  0xC0, 0x04, 0x40, 0x0C, 0x52, 0x08, 0x16, 0x18, 0x16, 0x11, 0x16, 0x11, 0x04, 0x01, 0x00, 0x81,
  0x88, 0x80, 0x88, 0x88, 0x88, 0x88, 0x0C, 0x08, 0x04, 0x08, 0x02, 0x0A, 0x02, 0x0A, 0x12, 0x0A,
  0x12, 0x00, 0x10, 0x10, 0xB0, 0x90, 0x80, 0x90, 0x80, 0x80, 0x00, 0x88, 0x20, 0x88, 0x20, 0x88,
  0x20, 0x88, 0x60, 0x20, 0x62, 0x20, 0x22, 0x20, 0x22, 0x20, 0x22, 0xA0, 0x00, 0x80, 0x10, 0x80,
  0x10, 0x80, 0x10, 0xC0, 0x30, 0x40, 0x20, 0x40, 0x20, 0x40, 0x20, 0x40, 0x00, 0x40, 0x00, 0x40,
  0x08, 0x40, 0x48, 0x00, 0x49, 0x00, 0x41, 0x00, 0xC1, 0x00, 0x81, 0x00, 0x81, 0x00, 0x81, 0x80,
  0x80, 0x80, 0x80, 0x80, 0x80, 0x81, 0x81, 0x81, 0x01, 0x01, 0x01, 0x03, 0x3F, 0x3F, 0x33, 0x30,
  0x20, 0x20, 0x20, 0x20, 0x30, 0x30, 0xBC, 0xBF, 0x83, 0x81, 0x81, 0x80, 0x80, 0x80, 0x80, 0x80,
  0x80, 0x81, 0x9D, 0x9F, 0x1B, 0x18, 0x10, 0x10, 0x10, 0x10, 0x10, 0x10, 0x10, 0x10, 0x30, 0x30,
  0xF0, 0xF0, 0xC0, 0xC0, 0x80, 0x80, 0x80, 0x81, 0x85, 0x87, 0x07, 0x06, 0x06, 0x04, 0x04, 0x04,
  0x04, 0x04, 0x04, 0x06, 0xF6, 0xF7, 0x33, 0x30, 0x10, 0x10, 0x10, 0x10, 0x10, 0x10, 0x18, 0x18,
  0x9C, 0x9F, 0x83, 0x81, 0x81, 0x80, 0x80, 0x80, 0x80, 0x81, 0x85, 0x87, 0x1F, 0x1E, 0x1A, 0x18,
  0x10, 0x10, 0x10, 0x10, 0x10, 0x10, 0x18, 0x18, 0x9C, 0x9F, 0x83, 0x81, 0x81, 0x80, 0x80, 0x80,
  0x80, 0x81, 0x9D, 0x9F, 0x1B, 0x18, 0x10, 0x10, 0x10, 0x10, 0x10, 0x10, 0x10, 0x10, 0x84, 0xE1,
  0x87, 0xE1, 0xE3, 0x87, 0xE1, 0xB7, 0x81, 0x31, 0x98, 0xFD, 0x18, 0xFC, 0x7C, 0x30, 0x7E, 0x36,
  0x1A, 0x06, 0x98, 0x1F, 0x80, 0xDF, 0x30, 0xC6, 0x30, 0xF6, 0xFF, 0xF0, 0xFF, 0xC0, 0x30, 0xD8,
  0x30, 0x18, 0x00, 0x7E, 0x30, 0x7E, 0x30, 0x18, 0xFC, 0x18, 0xFC, 0xC0, 0x30, 0xC0, 0x30, 0xF0,
  0x03, 0xF6, 0x03, 0xC6, 0x8C, 0xDF, 0x8C, 0x1F, 0x3C, 0x06, 0x3F, 0x06, 0x0F, 0x60, 0x0C, 0x60,
  0xC0, 0xF8, 0xC1, 0xF8, 0xF1, 0x63, 0xF0, 0x63, 0xC3, 0x00, 0xCF, 0xC0, 0x0F, 0xCC, 0x03, 0x0C,
  0x03, 0x3F, 0x63, 0x3F, 0x60, 0x0C, 0xF8, 0x0D, 0xF8, 0x81, 0x61, 0x80, 0x65, 0xE0, 0x07, 0xE6,
  0x03, 0x86, 0x8D, 0x9F, 0x8D, 0x1F, 0x3C, 0x06, 0x3F, 0x66, 0x0F, 0x60, 0x0C, 0xF8, 0x81, 0xF9,
  0x81, 0x61, 0xE0, 0x67, 0xE0, 0x07, 0x80, 0x01, 0x80, 0x01, 0x03, 0x00, 0x0F, 0xC0, 0x0F, 0xC6,
  0x03, 0x06, 0x83, 0x1F, 0x8F, 0x01, 0x8E, 0x39, 0x82, 0x39, 0x80, 0x39, 0x00, 0x00, 0x70, 0x80,
  0x73, 0x8E, 0x73, 0x8E, 0x73, 0x8E, 0x03, 0x80, 0x03, 0x1C, 0x1C, 0x1C, 0x1C, 0x1C, 0x1C, 0x00,
  0x00, 0x00, 0x1C, 0x00, 0x1C, 0x3C, 0x1C, 0x3C, 0x1C, 0x3C, 0x1C, 0x00, 0x80, 0x03, 0x84, 0x03,
  0x86, 0x63, 0x86, 0x63, 0x02, 0x60, 0x00, 0x60, 0xE0, 0x00, 0xE3, 0x00, 0xE3, 0x00, 0xE3, 0x0E,
  0x03, 0x0E, 0x00, 0xCE, 0x00, 0xC0, 0xE0, 0xC1, 0xE0, 0x01, 0xE0, 0x71, 0x00, 0x70, 0x00, 0x70,
  0x00, 0x00, 0x70, 0x80, 0x71, 0x80, 0x71, 0x80, 0x01, 0x80, 0x01, 0x00, 0xC0, 0x70, 0xDC, 0x70,
  0x1C, 0x70, 0x1C, 0x70, 0x9C, 0x71, 0x80, 0x01, 0x00, 0x00, 0x00, 0x1C, 0x30, 0x1C, 0x30, 0x1C,
  0x30, 0x1C, 0x30, 0x00, 0x80, 0x08, 0x80, 0x08, 0x80, 0x08, 0x80, 0x08, 0x80, 0x3B, 0x00, 0x22,
  0x00, 0x22, 0x00, 0x22, 0x00, 0x22, 0x00, 0x22, 0x00, 0x33, 0x00, 0x11, 0x00, 0x11, 0x00, 0x11,
  0x80, 0x19, 0x80, 0x08, 0x80, 0x08, 0xC0, 0x0C, 0x40, 0x04, 0x40, 0x04, 0x40, 0x04, 0x40, 0x04,
  0x40, 0x04, 0xC0, 0x3F, 0x00, 0x22, 0x00, 0x22, 0x00, 0x22, 0x00, 0x22, 0x00, 0x22, 0x00, 0x22,
  0x80, 0x3B, 0x80, 0x08, 0x80, 0x08, 0xC0, 0x0C, 0x40, 0x04, 0x40, 0x04, 0x40, 0x04, 0x40, 0x04,
  0xC0, 0x1D, 0x00, 0x11, 0x00, 0x11, 0x00, 0x11, 0x00, 0x11, 0x00, 0x33, 0x00, 0x22, 0xC0, 0x3F,
  0x40, 0x04, 0x40, 0x04, 0x40, 0x04, 0x40, 0x04, 0x40, 0x04, 0xC0, 0x1D, 0x00, 0x11, 0x00, 0x11,
  0x00, 0x11, 0x00, 0x11, 0xC0, 0x1D, 0x40, 0x04, 0x40, 0x04, 0x40, 0x04, 0x40, 0x04, 0x40, 0x04,
  0xBC, 0xBF, 0xA7, 0xE6, 0xBE, 0x7F, 0x96, 0xC4, 0x97, 0x1F, 0x9D, 0x96, 0xB7, 0x9E, 0xA6, 0x93,
  0x2E, 0xFD, 0x3B, 0x65, 0xAC, 0xF7, 0xA7, 0x5E, 0xB6, 0x53, 0x9E, 0x78, 0xD3, 0xE9, 0x7D, 0x39,
  0x65, 0xD3, 0x7F, 0x52, 0xD2, 0x5F, 0x9E, 0xD6, 0x97, 0x97, 0x14, 0x9E, 0xF4, 0xC7, 0x67, 0x7D,
  0xFE, 0x65, 0x66, 0xFD, 0x6F, 0x2B, 0x79, 0xFE, 0xCB, 0x57, 0x7A, 0xD4, 0xEA, 0x97, 0xBA, 0x9E,
  0x92, 0xCA, 0x9F, 0x5F, 0x15, 0xD5, 0x3F, 0x55, 0xE6, 0x7D, 0x6F, 0xE9, 0xE9, 0x3B, 0xB9, 0x8A,
  0xCB, 0x8A, 0x7A, 0xBE, 0xEE, 0xA7, 0x26, 0xBE, 0xBF, 0x17, 0x91, 0xFE, 0xDD, 0x6B, 0x55, 0xE9,
  0xDF, 0x79, 0x8A, 0xD0, 0xFB, 0x51, 0x6A, 0xFB, 0x7A, 0xAA, 0xD3, 0xBB, 0x10, 0xC9, 0xF9, 0x7D,
  0x6D, 0x65, 0xE5, 0x7D, 0xB5, 0xC8, 0xDF, 0x4B, 0x52, 0xDE, 0x53, 0x16, 0xFE, 0x1F, 0x66, 0xD1,
  0x7F, 0x51, 0xD2, 0xF9, 0xBA, 0xA8, 0xAB, 0xBB, 0xBC, 0xCA, 0xD7, 0x4B, 0x76, 0x7E, 0x66, 0xE7,
  0xFE, 0xA5, 0x4B, 0x3F, 0x5D, 0xEA, 0xD7, 0x6A, 0x9E, 0xFB, 0x83, 0x01, 0x80, 0x01, 0xC0, 0x60,
  0xC0, 0x60, 0x18, 0xC0, 0x1C, 0xC0, 0x06, 0x06, 0x02, 0x1E, 0x30, 0x18, 0xF0, 0x00, 0xC0, 0x00,
  0x00, 0x00, 0x00, 0x30, 0x04, 0x30, 0x06, 0x63, 0x02, 0x6F, 0x03, 0x0C, 0x03, 0x00, 0x30, 0x00,
  0x30, 0x00, 0x18, 0x06, 0x18, 0x06, 0x00, 0x0C, 0x00, 0x0C, 0x00, 0x00, 0xC0, 0x00, 0xF0, 0xC0,
  0x30, 0xF0, 0x00, 0x30, 0x10, 0x12, 0x10, 0x12, 0x18, 0xFA, 0x08, 0x42, 0x08, 0xE2, 0x18, 0x46,
  0x10, 0xE4, 0xF3, 0x04, 0x81, 0x07, 0x01, 0x00, 0x05, 0x80, 0xE3, 0x00, 0xA6, 0xE3, 0x23, 0x4E,
  0x22, 0x48, 0x62, 0xEC, 0x40, 0x47, 0x40, 0x41, 0xC0, 0xE1, 0x11, 0x80, 0x14, 0xC0, 0x13, 0x1E,
  0x3E, 0x13, 0x13, 0x11, 0x38, 0x1D, 0x10, 0x05, 0x10, 0x45, 0x14, 0xE7, 0x3C, 0x40, 0x06, 0x40,
  0x8C, 0xE3, 0xE7, 0x42, 0x20, 0x46, 0x20, 0xE4, 0x20, 0x4C, 0x20, 0x48, 0x20, 0xEE, 0xA3, 0x43,
  0xE1, 0x00, 0x05, 0x80, 0x03, 0x1E, 0x86, 0x13, 0xC3, 0x10, 0x42, 0x18, 0x46, 0x0E, 0x63, 0x42,
  0x26, 0xE3, 0xE3, 0x41, 0x00, 0x40, 0x00, 0xE0, 0xE0, 0x47, 0x30, 0xE4, 0x10, 0x44, 0xFC, 0xDD,
  0xF3, 0x77, 0xCF, 0x93, 0x3F, 0x4B, 0x9E, 0x2C, 0x49, 0x92, 0x2C, 0x4F, 0xB2, 0xFE, 0xCF, 0xFF,
  0xFF, 0x5F, 0xDE, 0x2F, 0x79, 0xBB, 0x27, 0xEF, 0xFE, 0x3F, 0xF9, 0xFF, 0x26, 0xE9, 0xFA, 0xA4,
  0xF9, 0xFF, 0xE4, 0xFD, 0xF3, 0xF7, 0xEB, 0xD7, 0xE7, 0x49, 0xD6, 0x27, 0xC9, 0x93, 0x24, 0x49,
  0x92, 0xFF, 0xCB, 0xFF, 0xFF, 0xFF, 0xF2, 0x2F, 0x49, 0x97, 0xE4, 0x49, 0xFF, 0x27, 0xFF, 0x9F,
  0x3E, 0x7D, 0xBA, 0x24, 0xFD, 0xBA, 0xFC, 0xE9, 0xFA, 0xA5, 0xEB, 0xF2, 0xBE, 0xCB, 0xF3, 0x2F,
  0x4F, 0xFF, 0x2C, 0xF9, 0x93, 0x24, 0x4F, 0xFA, 0x2F, 0xF9, 0x9F, 0xFE, 0x4F, 0xFE, 0x3D, 0xF9,
  0x92, 0xE4, 0x4B, 0x9A, 0xE7, 0x79, 0xD2, 0xFF, 0x49, 0xFF, 0x25, 0x49, 0xF3, 0x24, 0xC9, 0xBF,
  0x66, 0xFD, 0xDB, 0xF5, 0xEF, 0x97, 0xA4, 0x5F, 0x92, 0x2C, 0xCF, 0x92, 0x3C, 0x4F, 0xBE, 0x3C,
  0x7D, 0xD2, 0x3E, 0x49, 0xFB, 0xE0, 0x00, 0xC0, 0x01, 0x80, 0x03, 0x80, 0x03, 0x00, 0x07, 0x00,
  0x0E, 0x00, 0x1C, 0x00, 0x38, 0x00, 0x38, 0x00, 0xE0, 0x00, 0xE0, 0x00, 0xC0, 0x01, 0x70, 0x00,
  0x38, 0x00, 0x0E, 0x80, 0x03, 0x00, 0x07, 0x00, 0x0E, 0x00, 0x1C, 0x00, 0x38, 0x00, 0x70, 0x00,
  0x38, 0x00, 0x1C, 0x00, 0x07, 0x00, 0x0E, 0x00, 0x0E, 0x00, 0x07, 0x00, 0x07, 0xC0, 0x01, 0xE0,
  0x00, 0xC0, 0x01, 0xE0, 0x00, 0x70, 0x00, 0x38, 0x00, 0xE0, 0x00, 0xC0, 0x01, 0xC0, 0x01, 0x80,
  0x03, 0x80, 0x03, 0x00, 0x07, 0x00, 0x07, 0x00, 0x0E, 0x00, 0x1C, 0x00, 0x38, 0x00, 0x38, 0x00,
  0x70, 0x00, 0x70, 0x00, 0xE0, 0x00, 0x80, 0x03, 0x80, 0x03, 0x80, 0x07, 0x00, 0x07, 0x00, 0x03,
  0xC0, 0x01, 0x70, 0x00, 0x1C, 0x00, 0x0E, 0x00, 0x38, 0x00, 0xE0, 0x00, 0xC0, 0x01, 0x80, 0x0F,
  0x00, 0x1E, 0x00, 0x04, 0x00, 0x03, 0xC0, 0x01, 0xE0, 0x00, 0x38, 0x00, 0x70, 0x00, 0xE0, 0x00,
  0x70, 0x00, 0x70, 0x00, 0x70, 0x00, 0x38, 0x00, 0x1C, 0x00, 0x07, 0xC0, 0x01, 0xC8, 0x1C, 0xB3,
  0x33, 0xCD, 0xC8, 0x18, 0x93, 0xBA, 0xD5, 0xA1, 0x4E, 0xB5, 0x3B, 0xDD, 0xCC, 0x30, 0x03, 0xB3,
  0xCC, 0xCD, 0x38, 0x13, 0xEB, 0x5C, 0x8B, 0x1A, 0x95, 0x23, 0x4D, 0xC8, 0x1C, 0xF3, 0x3A, 0xD7,
  0xB0, 0xCC, 0xF1, 0xAC, 0x73, 0x31, 0xCA, 0x94, 0x8C, 0x31, 0x2D, 0x73, 0x0C, 0xEA, 0x54, 0xAF,
  0x72, 0x85, 0xCB, 0x1D, 0x8F, 0x33, 0x0D, 0xCE, 0x34, 0xFF, 0xFF, 0xFB, 0xFE, 0x9E, 0xFF, 0xBF,
  0x37, 0xFF, 0xFD, 0xFD, 0xFF, 0x6F, 0xB7, 0xF9, 0xDF, 0xFD, 0xFB, 0xBC, 0xFB, 0xEF, 0xBE, 0xFF,
  0xFF, 0xF9, 0xDC, 0xFF, 0xC5, 0x5E, 0xED, 0xFB, 0xBD, 0xF5, 0x6E, 0x7D, 0xFB, 0xDB, 0xFE, 0x9C,
  0x97, 0xFE, 0xBF, 0x6E, 0xED, 0x25, 0x15, 0xFF, 0xFF, 0xDE, 0xF3, 0x7C, 0x3D, 0xDB, 0x7D, 0x4F,
  0xF9, 0xBF, 0x6D, 0x9C, 0xA7, 0x5F, 0xFE, 0x6D, 0x3F, 0xE5, 0xB7, 0x77, 0x3E, 0xFF, 0x59, 0x8F,
  0x76, 0x7B, 0x7B, 0x3B, 0xFD, 0xE7, 0x7C, 0xB3, 0x6B, 0xD8, 0x6E, 0x92, 0x5A, 0xA7, 0xE3, 0xBB,
  0xA8, 0x4C, 0xBE, 0x67, 0x2A, 0xE7, 0x01, 0x93, 0x59, 0xE2, 0xAB, 0xEA, 0x9A, 0x0E, 0xB7, 0x4C,
  0x11, 0xF4, 0xD8, 0x00, 0x8A, 0xCA, 0x82, 0xEC, 0xC7, 0xE0, 0x25, 0x4B, 0xD4, 0x9E, 0x65, 0x04,
  0x6A, 0xF4, 0x4B, 0xA5, 0x08, 0x02, 0x9A, 0x1A, 0xA0, 0xD0, 0xC8, 0x8E, 0x58, 0x2A, 0x7A, 0x48,
  0x60, 0x21, 0x21, 0xAD, 0x0D, 0x01, 0x7C, 0x00, 0x1F, 0xC0, 0x07, 0xF0, 0x01, 0x7C, 0x00, 0x1F,
  0xC0, 0x87, 0xF0, 0x21, 0x7C, 0x08, 0xDF, 0xFF, 0xFF, 0xFF, 0x23, 0x7C, 0x08, 0x1F, 0xC2, 0x87,
  0xE0, 0x20, 0x3C, 0x08, 0x06, 0xC2, 0x83, 0x60, 0x20, 0x3C, 0x08, 0xCF, 0xFF, 0xCF, 0xFF, 0x23,
  0x1C, 0x08, 0x0F, 0xC2, 0x81, 0xE0, 0x20, 0x1C, 0x08, 0x0E, 0xC2, 0x80, 0xE0, 0x20, 0x0C, 0x08,
  0xCC, 0xDF, 0xF1, 0xDF, 0x23, 0x1C, 0x08, 0x0F, 0xC2, 0x83, 0xF0, 0x20, 0x3C, 0x08, 0x07, 0x82,
  0x83, 0x60, 0x20, 0x3C, 0x08, 0xCE, 0xFF, 0xFF, 0xE1, 0x23, 0x7C, 0x08, 0x06, 0xC2, 0x87, 0xE0,
  0x20, 0x7C, 0x08, 0x0E, 0x82, 0x83, 0xF0, 0x20, 0x1C, 0x08, 0x87, 0xFF, 0xE1, 0xFD, 0x20, 0x18,
  0x08, 0x0E, 0xC2, 0x81, 0xE0, 0x20, 0x3C, 0x08, 0x06, 0xC2, 0x83, 0x70, 0x20, 0x3C, 0x08, 0xCF,
  0xFF, 0xFF, 0xFF, 0x23, 0x38, 0x08, 0x07, 0x82, 0x83, 0x70, 0x20, 0x18, 0x08, 0x07, 0xC2, 0x80,
  0xE0, 0x20, 0x3C, 0x08, 0xCE, 0xC7, 0xFF, 0xC0, 0x23, 0x7C, 0x08, 0x1C, 0xC2, 0x87, 0xE0, 0x21,
  0x78, 0x08, 0x1E, 0xC2, 0x87, 0xE0, 0x21, 0x3C, 0x08, 0x8E, 0xFF, 0xE3, 0x83, 0x20, 0x18, 0x08,
  0x0C, 0x82, 0x80, 0xE0, 0x20, 0x3C, 0x08, 0x0E, 0xC2, 0x83, 0xE0, 0x20, 0x3C, 0x08, 0x0E, 0xFF,
  0xE1, 0xFF, 0x20, 0x18, 0x08, 0x0F, 0x82, 0x83, 0xC0, 0x20, 0x38, 0x08, 0x0C, 0xC2, 0x83, 0xC0,
  0x21, 0x3C, 0x08, 0xDE, 0xFF, 0xFF, 0xFF, 0x23, 0x2C, 0x08, 0x1E, 0xC2, 0x80, 0xE0, 0x20, 0x08,
  0x08, 0x1E, 0xC2, 0x81, 0xE0, 0x21, 0x3C, 0x08, 0xDE, 0xFF, 0xFF, 0xFF, 0x23, 0x3C, 0x08, 0x0C,
  0xC2, 0x83, 0xC0, 0x21, 0x1C, 0x08, 0x18, 0xC2, 0x83, 0xE0, 0x20, 0x30, 0x08, 0xCF, 0x0F, 0xC3,
  0x3E, 0x20, 0x70, 0x08, 0x07, 0x82, 0x87, 0x70, 0x20, 0x78, 0x08, 0x0F, 0x82, 0x87, 0xE0, 0xFC,
  0xCF, 0x1F, 0x3E, 0x82, 0x81, 0x20, 0x20, 0x30, 0x08, 0x02, 0x80, 0x83, 0xE0, 0x01, 0x78, 0x08,
  0x1E, 0xC0, 0x07, 0xE0, 0x81, 0x00, 0x82, 0x00, 0x82, 0x00, 0x82, 0x80, 0x83, 0x83, 0x0E, 0x82,
  0x0A, 0x82, 0x18, 0xEE, 0x10, 0x2A, 0x90, 0x2B, 0x90, 0x28, 0xF0, 0x28, 0x20, 0x38, 0x20, 0x20,
  0x20, 0x20, 0x30, 0x20, 0x10, 0x20, 0x10, 0xF8, 0x11, 0x08, 0x11, 0x08, 0xF1, 0x08, 0x81, 0x38,
  0x81, 0x20, 0x81, 0x20, 0x81, 0x23, 0x01, 0x22, 0x01, 0x22, 0x0F, 0x32, 0x0A, 0x12, 0x08, 0x1E,
  0x08, 0x04, 0x38, 0x04, 0x20, 0x04, 0x60, 0x04, 0x40, 0x04, 0x40, 0x04, 0x40, 0x3C, 0xF0, 0x21,
  0x10, 0x21, 0x1C, 0x61, 0x04, 0x41, 0x04, 0x41, 0x04, 0x41, 0x04, 0x41, 0xF0, 0xCC, 0xF3, 0xCC,
  0xF3, 0x0C, 0xFF, 0x0C, 0xFF, 0x3F, 0xCF, 0x3F, 0x0F, 0x03, 0x0F, 0x03, 0x0F, 0xCF, 0xFF, 0xCF,
  0xFF, 0xCC, 0xF3, 0x0C, 0xF0, 0x3C, 0x3C, 0xFC, 0x3F, 0xF0, 0x0F, 0xF3, 0x0F, 0xC3, 0xCC, 0xC3,
  0xC0, 0x0F, 0xC0, 0x0C, 0xC3, 0x3C, 0xC3, 0xFF, 0x03, 0xF3, 0x03, 0xC3, 0x0F, 0xC3, 0x0C, 0xC3,
  0xCC, 0x00, 0xCC, 0x00, 0xC0, 0x30, 0xC0, 0x30, 0xC3, 0xF0, 0xF3, 0xF0, 0x33, 0xC0, 0x3C, 0xC0,
  0x0C, 0xC0, 0x0C, 0xCC, 0x00, 0x0C, 0x00, 0x0C, 0x03, 0x3C, 0xCF, 0x3C, 0xCF, 0x30, 0xCF, 0x30,
  0xCF, 0x3C, 0x0C, 0x0C, 0x00, 0x0C, 0x00, 0x3C, 0x30, 0x33, 0x30, 0x33, 0x30, 0x03, 0xF0, 0x03,
  0xF0, 0x00, 0xF0, 0x30, 0xF0, 0x30, 0x30, 0xF0, 0x3C, 0xF0, 0x0C, 0xC0, 0x0C, 0xC0, 0x00, 0xC0,
  0x03, 0x00, 0x0F, 0x00, 0x0F, 0xC0, 0x3F, 0xF0, 0x30, 0xF0, 0xF0, 0x30, 0xC0, 0x3C, 0xC0, 0x0C,
  0xC0, 0x0C, 0xFC, 0xFF, 0xFF, 0xFF, 0x83, 0x81, 0x81, 0x81, 0xFD, 0xFF, 0xFF, 0xFF, 0x87, 0x31,
  0x84, 0x31, 0xFC, 0xFF, 0xFF, 0xFF, 0x47, 0x18, 0x44, 0x18, 0xFC, 0xFF, 0xFF, 0xFF, 0x13, 0x01,
  0x10, 0x01, 0xFC, 0xFF, 0xFF, 0xFF, 0x07, 0x02, 0x04, 0x02, 0xFC, 0xFF, 0xFF, 0xFF, 0x03, 0x08,
  0x01, 0x08, 0xFD, 0xFF, 0xFF, 0xFF, 0x13, 0x04, 0x10, 0x04, 0xFC, 0xFF, 0xFF, 0xFF, 0x07, 0x90,
  0x04, 0x90, 0xFC, 0xFF, 0xFF, 0xFF, 0x13, 0x00, 0x11, 0x00, 0xFD, 0xFF, 0xFF, 0xFF, 0x23, 0x98,
  0x20, 0x98, 0xFC, 0xFF, 0xFF, 0xFF, 0xC3, 0x80, 0xC2, 0x80, 0xFE, 0xFF, 0xFF, 0xFF, 0x83, 0x88,
  0x80, 0x88, 0xFC, 0xFF, 0xFF, 0xFF, 0x03, 0x92, 0x00, 0x92, 0xFC, 0xFF, 0xFF, 0xFF, 0x83, 0x10,
  0x81, 0x10, 0xFD, 0xFF, 0xFF, 0xFF, 0x07, 0x43, 0x04, 0x43, 0xFC, 0xFF, 0xFF, 0xFF, 0x0B, 0x98,
  0x08, 0x98, 0xFC, 0xFF, 0xFF, 0xFF, 0x23, 0x81, 0x22, 0x81, 0xFE, 0xFF, 0xFF, 0xFF, 0x1B, 0x08,
  0x1A, 0x08, 0xFE, 0xFF, 0xFF, 0xFF, 0x83, 0x91, 0x00, 0x91, 0xFC, 0xFF, 0xFF, 0xFF, 0x23, 0x09,
  0x21, 0x09, 0x81, 0x00, 0x80, 0x3E, 0x80, 0xA2, 0xBF, 0xA2, 0xA2, 0xBF, 0x38, 0x82, 0xC8, 0x83,
  0x49, 0x00, 0x79, 0x07, 0x05, 0xF5, 0xF7, 0x15, 0x1D, 0xF4, 0x01, 0x07, 0x1C, 0x79, 0xF4, 0x4D,
  0x04, 0x44, 0xFC, 0x47, 0x00, 0xC0, 0xB9, 0x1F, 0xAD, 0xD0, 0xA3, 0x51, 0x21, 0xDD, 0xF9, 0x05,
  0x28, 0xFC, 0x39, 0x00, 0x85, 0xC3, 0x87, 0x42, 0xF5, 0xCF, 0x95, 0x0A, 0xF4, 0xFF, 0x84, 0x8A,
  0xFC, 0xBB, 0x80, 0xA0, 0x9F, 0x2F, 0x12, 0x38, 0x14, 0xC7, 0xF7, 0x7D, 0x04, 0x00, 0xF4, 0x1E,
  0x9C, 0x12, 0x87, 0x12, 0x85, 0x13, 0x05, 0x10, 0x7B, 0x1F, 0x48, 0x01, 0xC8, 0x7F, 0x08, 0x41,
  0x38, 0x79, 0x20, 0x89, 0x23, 0x8F, 0xFA, 0xF0, 0xAA, 0x10, 0xBA, 0x1E, 0x82, 0xE2, 0x82, 0xAE,
  0xFE, 0xA8, 0x02, 0xB8, 0x3C, 0x87, 0x23, 0x1D, 0x20, 0xD1, 0xFD, 0x5D, 0x25, 0x44, 0x3D, 0x7C,
  0x81, 0x03, 0x9D, 0x7A, 0x93, 0x4E, 0xFC, 0x40, 0x14, 0x5F, 0xDC, 0x51, 0x40, 0x70, 0x78, 0x80,
  0x8B, 0x83, 0xFA, 0xFE, 0x03, 0x80, 0x80, 0xFF, 0x8C, 0x00, 0xBB, 0x00, 0xA1, 0x3B, 0x3B, 0x2A,
  0xCA, 0xBF, 0x4F, 0x8A, 0xC4, 0x8B, 0x04, 0xE8, 0xE2, 0x39, 0x22, 0x07, 0xE2, 0x84, 0x9F, 0xFC,
  0x94, 0x03, 0x14, 0xC2, 0xF3, 0x43, 0x00, 0x40, 0xC0, 0x01, 0xC0, 0x03, 0xC0, 0x03, 0xC0, 0x03,
  0x60, 0x01, 0xE0, 0x01, 0xE0, 0x03, 0xE0, 0x03, 0x20, 0x03, 0xF0, 0x01, 0xF0, 0x00, 0xF0, 0x01,
  0xF0, 0x01, 0xF0, 0x01, 0xF8, 0x00, 0xF8, 0x00, 0xF8, 0x00, 0xFC, 0x00, 0x6C, 0x00, 0x7E, 0x00,
  0x3E, 0x00, 0x3E, 0x00, 0x3A, 0x00, 0x1B, 0x00, 0x1B, 0x00, 0x1B, 0x00, 0x0B, 0x00, 0x0B, 0x80,
  0x0B, 0x80, 0x1B, 0x80, 0x3B, 0x00, 0x3E, 0x00, 0x3E, 0x00, 0x1C, 0x00, 0x1C, 0x00, 0x14, 0x00,
  0x1C, 0x00, 0x3C, 0x00, 0x3C, 0x00, 0x3A, 0x80, 0x1B, 0x80, 0x0F, 0x80, 0x0F, 0x00, 0x0F, 0x00,
  0x0F, 0x00, 0x07, 0x80, 0x07, 0x80, 0x05, 0x80, 0x07, 0x00, 0x07, 0x00, 0x07, 0x00, 0x0F, 0xC0,
  0x0F, 0xC0, 0x0F, 0xC0, 0x03, 0xE0, 0x03, 0x60, 0x03, 0x70, 0x03, 0xF0, 0x03, 0xF0, 0x00, 0xFE,
  0x00, 0x66, 0x00, 0x67, 0x80, 0x67, 0x80, 0x67, 0xC0, 0x77, 0xC0, 0x1D, 0xC0, 0x0D, 0xC0, 0x0C,
  0xC0, 0x0C, 0xC0, 0x0C, 0xC0, 0x06, 0xC0, 0x03, 0xC0, 0x01, 0xC0, 0x01, 0xFC, 0xFF, 0xFF, 0xFF,
  0x9B, 0x99, 0x99, 0x99, 0x99, 0x99, 0x99, 0x99, 0x99, 0x99, 0x99, 0x99, 0xFD, 0xFF, 0xFF, 0xFF,
  0x23, 0x22, 0x22, 0x22, 0x22, 0x22, 0x22, 0x22, 0x22, 0x22, 0x22, 0x22, 0x22, 0x22, 0xFE, 0xFF,
  0xFF, 0xFF, 0x23, 0x04, 0x21, 0x04, 0x21, 0x04, 0x21, 0x04, 0x21, 0x04, 0x21, 0x04, 0x21, 0x04,
  0xFD, 0xFF, 0xFF, 0xFF, 0x1B, 0x00, 0x18, 0x18, 0x18, 0x18, 0x18, 0x18, 0x18, 0x18, 0x00, 0x18,
  0x00, 0x18, 0xFC, 0xFF, 0xFF, 0xFF, 0x03, 0x40, 0x40, 0x42, 0x42, 0x42, 0x42, 0x42, 0x42, 0x42,
  0x42, 0x42, 0x42, 0x42, 0x42, 0x42, 0xFE, 0xFF, 0xFF, 0xFF, 0x03, 0x80, 0x19, 0x98, 0x19, 0x98,
  0x99, 0x99, 0x81, 0x81, 0x81, 0x81, 0x01, 0x80, 0xFD, 0xFF, 0xFF, 0xFF, 0xFF, 0xFF, 0x03, 0x00,
  0x18, 0x18, 0x18, 0x18, 0x18, 0x18, 0x18, 0x18, 0x80, 0x81, 0x81, 0x81, 0x81, 0x81, 0x81, 0x81,
  0x01, 0x00, 0x18, 0x18, 0x18, 0x18, 0x18, 0x18, 0x18, 0x18, 0x00, 0x18, 0x00, 0x18, 0xFC, 0xFF,
  0xFF, 0xFF, 0xFF, 0xFF, 0xFF, 0xFF, 0x03, 0x00, 0x00, 0x00, 0x20, 0x21, 0x21, 0x21, 0x21, 0x21,
  0x01, 0x00, 0x04, 0x00, 0x84, 0x10, 0x84, 0x10, 0x84, 0x10, 0x00, 0x00, 0x00, 0x00, 0xFC, 0xFF,
  0xFF, 0xFF, 0xFF, 0xFF, 0xFF, 0xFF, 0x03, 0x00, 0x00, 0x00, 0xFC, 0xFF, 0xFF, 0xFF, 0x03, 0x00,
  0x00, 0x00, 0xFC, 0xFF, 0x83, 0x07, 0x8C, 0x06, 0x8F, 0x06, 0x8D, 0x07, 0x0D, 0x00, 0x03, 0x00,
  0xF0, 0x3C, 0xB0, 0x2C, 0xB0, 0x2C, 0xF0, 0x3C, 0x00, 0x00, 0x00, 0x00, 0x3C, 0x3C, 0x2C, 0x3C,
  0x2C, 0x24, 0x3C, 0x3C, 0x00, 0x00, 0x00, 0x00, 0x00, 0xE0, 0x79, 0x60, 0x59, 0xA0, 0x69, 0xE0,
  0x79, 0x00, 0x00, 0x00, 0x00, 0x00, 0x00, 0xC0, 0x03, 0x40, 0x02, 0xC0, 0x03, 0xC0, 0x03, 0x00,
  0x0C, 0x00, 0x0F, 0x00, 0x0D, 0x00, 0x0D, 0x00, 0x03, 0x00, 0x00, 0x78, 0x78, 0x68, 0x48, 0x68,
  0x78, 0x78, 0x78, 0x00, 0x00, 0x00, 0x00, 0x00, 0x00, 0x3C, 0xF0, 0x2C, 0xD0, 0x34, 0xD0, 0x3C,
  0xF0, 0x00, 0x00, 0x00, 0x00, 0x00, 0x8C, 0x07, 0x8B, 0x05, 0x8F, 0x06, 0x8D, 0x07, 0x03, 0x00,
  0x00, 0x00, 0x00, 0x00, 0xF0, 0x00, 0x90, 0x00, 0xF0, 0x00, 0xF0, 0x00, 0x00, 0x00, 0x00, 0x00,
  0x00, 0x00, 0x1C, 0x00, 0x1A, 0x00, 0x1A, 0x00, 0x1E, 0x00, 0xD2, 0x9B, 0x92, 0x9B, 0x8C, 0xD3,
  0xC0, 0x43, 0xD0, 0x41, 0xCE, 0x4A, 0xC6, 0x8B, 0xC0, 0x11, 0x88, 0x01, 0x44, 0x03, 0x78, 0x5B,
  0x8C, 0x81, 0xE3, 0x0B, 0x05, 0x22, 0xC4, 0x73, 0x60, 0x03, 0xAC, 0x03, 0xEA, 0x11, 0xB0, 0xC1,
  0xD1, 0x02, 0x11, 0x2C, 0x70, 0x1B, 0xA8, 0x03, 0xF0, 0xB7, 0x7D, 0xE2, 0x58, 0xA1, 0xA8, 0x01,
  0xF8, 0x0A, 0xBE, 0x1B, 0xD8, 0x04, 0x05, 0xC1, 0x1C, 0x9C, 0x9C, 0x22, 0x1C, 0x02, 0x0A, 0x2E,
  0x06, 0x26, 0x0E, 0x0C, 0x1C, 0xED, 0x19, 0x04, 0x1C, 0x04, 0x8E, 0x86, 0xB7, 0xE3, 0xA6, 0x8B,
  0xAF, 0x8B, 0x82, 0x01, 0x82, 0x82, 0x81, 0x36, 0x81, 0xC3, 0xC3, 0x43, 0xE7, 0x07, 0x6E, 0x2D,
  0x7E, 0x0D, 0xB9, 0x1C, 0x18, 0x9C, 0x15, 0x1C, 0x59, 0x38, 0x12, 0x28, 0x04, 0x3A, 0x44, 0x38,
  0x24, 0x18, 0x17, 0x28, 0x08, 0x2C, 0x2D, 0x9C, 0x3A, 0x1C, 0x28, 0x1C, 0x1A, 0x58, 0x34, 0x1C,
  0x2C, 0x0C, 0x2C, 0x1C, 0x17, 0x0E, 0x1C, 0xC4, 0x40, 0x8E, 0x39, 0x0E, 0x38, 0x1F, 0x10, 0x5F,
  0x30, 0x95, 0x61, 0x1D, 0xE0, 0x0D, 0xE0, 0xDD, 0xC0, 0x95, 0x00, 0x9F, 0x12, 0x97, 0x00, 0xB7,
  0x80, 0xB5, 0xC1, 0xE8, 0xD5, 0x88, 0x00, 0x80, 0x02, 0x80, 0x07, 0x80, 0x01, 0x82, 0x19, 0x03,
  0x03, 0x43, 0x23, 0xD3, 0x13, 0xC6, 0x0F, 0xC0, 0x23, 0x98, 0x33, 0xB0, 0x01, 0xC0, 0x85, 0x80,
  0x81, 0xA0, 0x81, 0xA0, 0x01, 0x04, 0x01, 0x0C, 0x01, 0x00, 0x01, 0x00, 0xC1, 0x03, 0xC0, 0xC3,
  0xC3, 0xC3, 0xC3, 0xC3, 0x03, 0xC0, 0x03, 0x00, 0x3C, 0x0F, 0x3C, 0x0F, 0x3C, 0x0F, 0x3C, 0x0F,
  0x00, 0x02, 0x00, 0x1E, 0x00, 0x1E, 0x3C, 0x1E, 0x3C, 0x1E, 0x3C, 0x00, 0x3C, 0x00, 0x00, 0x78,
  0x00, 0x78, 0x00, 0x78, 0x1C, 0x78, 0x1E, 0x00, 0x1E, 0x00, 0x9E, 0x07, 0x82, 0x07, 0x83, 0xE7,
  0x81, 0xE7, 0x01, 0xE0, 0x01, 0xF0, 0x01, 0x10, 0x00, 0x1E, 0x3C, 0x1E, 0x3C, 0x1E, 0x3C, 0x1E,
  0x3C, 0x00, 0x00, 0x00, 0x00, 0xF0, 0x00, 0xF0, 0xE0, 0xF1, 0xE0, 0xF1, 0xE0, 0x01, 0xE0, 0x01,
  0x00, 0x00, 0x00, 0x00, 0x1C, 0x1E, 0x1E, 0x1E, 0x1E, 0x1E, 0x1E, 0x1E, 0x02, 0x00, 0x00, 0x00,
  0x00, 0x00, 0xF0, 0xF0, 0xF0, 0xF0, 0xF0, 0xF0, 0xF0, 0xF0, 0x00, 0x00, 0x00, 0x00, 0x00, 0x00,
  0xC0, 0xE3, 0xC1, 0xE3, 0xC1, 0xE3, 0xC1, 0xE3, 0x81, 0x00, 0x80, 0x00, 0xE0, 0x01, 0xE4, 0x81,
  0xE7, 0x81, 0xE7, 0x81, 0x07, 0x80, 0x03, 0x00, 0x00, 0x00, 0x3C, 0x00, 0x3C, 0x00, 0x3C, 0x00,
  0x3C, 0x00, 0x00, 0x00, 0x00, 0x00, 0x00, 0x00, 0xC0, 0xC3, 0xC3, 0xC3, 0xC3, 0xC3, 0xC3, 0xC3,
  0x03, 0x00, 0x00, 0x00, 0x00, 0x00, 0xE4, 0x81, 0xE7, 0x81, 0xFF, 0x81, 0xE7, 0x81, 0x03, 0x00,
  0x00, 0x00, 0x00, 0x00, 0x00, 0x00, 0x3C, 0x00, 0x3C, 0x00, 0x3C, 0x00, 0x3C, 0x00, 0x80, 0x00,
  0x84, 0x08, 0x84, 0x08, 0x84, 0x08, 0x84, 0x08, 0x80, 0x00, 0x88, 0x04, 0x88, 0x04, 0x88, 0x04,
  0x88, 0x04, 0x88, 0x04, 0x08, 0x04, 0x08, 0x04, 0x00, 0x04, 0x00, 0x00, 0x40, 0x10, 0x40, 0x10,
  0x40, 0x10, 0x40, 0x10, 0x40, 0x10, 0x40, 0x10, 0x40, 0x00, 0x40, 0x00, 0x00, 0x82, 0x10, 0x82,
  0x10, 0x82, 0x10, 0x82, 0x10, 0x02, 0x10, 0x02, 0x10, 0x02, 0x00, 0x02, 0x01, 0x02, 0x09, 0x00,
  0x09, 0x00, 0x09, 0x00, 0x89, 0x00, 0x88, 0x00, 0x80, 0x00, 0x80, 0x00, 0x82, 0x00, 0x82, 0x00,
  0x82, 0x00, 0x0A, 0x04, 0x0A, 0x04, 0x0A, 0x04, 0x08, 0x04, 0x88, 0x04, 0x88, 0x00, 0x88, 0x08,
  0x80, 0x08, 0x80, 0x08, 0x00, 0x08, 0x00, 0x08, 0x20, 0x08, 0x20, 0x00, 0x20, 0x00, 0x00, 0x20,
  0x00, 0x22, 0x00, 0x22, 0x08, 0x22, 0x08, 0x20, 0x08, 0x22, 0x08, 0x82, 0x08, 0x82, 0x08, 0x82,
  0x08, 0x00, 0x00, 0x01, 0x00, 0x01, 0x00, 0x01, 0x00, 0x01, 0x22, 0x00, 0x22, 0x00, 0x22, 0x00,
  0x80, 0x00, 0x80, 0x00, 0x80, 0x40, 0x80, 0x42, 0x80, 0x42, 0xA0, 0x42, 0xA0, 0x42, 0x20, 0x42,
  0x21, 0x42, 0x21, 0x0A, 0x21, 0x0A, 0x21, 0x08, 0x25, 0x08, 0x25, 0x08, 0x25, 0x08, 0x25, 0x08,
  0x24, 0x08, 0x04, 0x0A, 0x04, 0x02, 0x04, 0x02, 0x04, 0x02, 0x04, 0x02, 0x04, 0x02, 0x00, 0x02,
  0x00, 0x02, 0x00, 0x08, 0x88, 0x08, 0x88, 0x08, 0x88, 0x08, 0x88, 0x08, 0x88, 0x08, 0x88, 0x08,
  0x88, 0x08, 0x88, 0x00, 0x88, 0x20, 0x80, 0x20, 0x80, 0x20, 0x80, 0x20, 0x20, 0xA0, 0x20, 0xA0,
  0x20, 0xA0, 0x20, 0x80, 0x20, 0x80, 0x20, 0x80, 0x20, 0x80, 0x00, 0x80, 0x00, 0x80, 0x00, 0x00,
  0x40, 0x00, 0x40, 0x00, 0x42, 0x00, 0x42, 0x00, 0x42, 0x00, 0x42, 0x00, 0x02, 0x00, 0x02, 0x01,
  0x02, 0x01, 0x02, 0x01, 0x00, 0x01, 0x00, 0x01, 0x00, 0x80, 0x40, 0x80, 0x40, 0x80, 0x40, 0x80,
  0x40, 0x80, 0x40, 0x80, 0x10, 0x00, 0x10, 0x00, 0x10, 0x00, 0x10, 0x40, 0x10, 0x40, 0x10, 0x40,
  0x10, 0x40, 0x00, 0x40, 0x04, 0x50, 0x04, 0x50, 0x04, 0x50, 0x04, 0x50, 0x04, 0x10, 0x04, 0x14,
  0x14, 0x14, 0x10, 0x14, 0x10, 0x14, 0x10, 0x04, 0x10, 0x04, 0x10, 0x04, 0x10, 0x04, 0x50, 0x00,
  0x40, 0x00, 0x40, 0x00, 0x40, 0x00, 0x40, 0x04, 0x40, 0x04, 0x40, 0x04, 0x40, 0x04, 0x40, 0x04,
  0x40, 0x04, 0x00, 0x04, 0x00, 0x04, 0x00, 0x04, 0x98, 0x99, 0xDD, 0xDD, 0xCD, 0xCC, 0xCC, 0xCC,
  0xCC, 0xCC, 0x44, 0x44, 0x44, 0x44, 0x44, 0x44, 0x00, 0x00, 0x10, 0x11, 0x11, 0x11, 0x99, 0x99,
  0x99, 0x99, 0xDD, 0xDD, 0xCD, 0xCC, 0xCC, 0xCC, 0x44, 0x44, 0x64, 0x66, 0x22, 0x22, 0x32, 0x33,
  0x33, 0x33, 0x13, 0x11, 0x99, 0x99, 0x99, 0x99, 0x89, 0x88, 0xCC, 0xCC, 0xCC, 0xCC, 0x44, 0x44,
  0x00, 0x00, 0x00, 0x00, 0x00, 0x00, 0x20, 0x22, 0x22, 0x22, 0x32, 0x33, 0x13, 0x11, 0x99, 0x99,
  0x89, 0x88, 0xCC, 0xCC, 0x44, 0x44, 0x00, 0x00, 0x00, 0x00, 0x00, 0x00, 0x00, 0x00, 0x20, 0x22,
  0x32, 0x33, 0x13, 0x11, 0x99, 0x99, 0x89, 0x88, 0xCC, 0xCC, 0x44, 0x44, 0x64, 0x66, 0x22, 0x22,
  0x32, 0x33, 0x13, 0x11, 0x81, 0x99, 0x81, 0x99, 0x81, 0x19, 0x80, 0x01, 0x00, 0x00, 0x03, 0x84,
  0x03, 0x8C, 0x83, 0x8D, 0xC3, 0x8D, 0xC1, 0x0D, 0xC0, 0x08, 0x00, 0x00, 0x00, 0x00, 0x00, 0xC0,
  0x80, 0xC0, 0xC0, 0xC0, 0xC1, 0xC0, 0x41, 0x80, 0x31, 0x80, 0x39, 0x00, 0x38, 0x00, 0x18, 0x00,
  0x03, 0x00, 0x03, 0x00, 0x03, 0x00, 0x18, 0x00, 0x1C, 0x00, 0x1C, 0x00, 0x0C, 0x00, 0x03, 0x00,
  0x03, 0x80, 0x03, 0x80, 0x07, 0x80, 0x0D, 0x80, 0x0D, 0x10, 0x0C, 0x30, 0x0C, 0x30, 0x08, 0x30,
  0x00, 0x30, 0x00, 0x10, 0x00, 0x00, 0x20, 0x00, 0x30, 0x08, 0x30, 0x0C, 0x30, 0x0C, 0x30, 0x0C,
  0x30, 0x0C, 0x10, 0x04, 0x00, 0x00, 0x04, 0x80, 0x05, 0x82, 0x05, 0x83, 0x03, 0x83, 0x03, 0x83,
  0x03, 0x03, 0x03, 0x0B, 0x03, 0x1A, 0x00, 0x18, 0x00, 0x58, 0x00, 0xC8, 0x00, 0xC0, 0x00, 0xC0,
  0x00, 0x40, 0x00, 0x00, 0x00, 0x04, 0x00, 0x0C, 0x00, 0x0C, 0x00, 0x8C, 0x01, 0x88, 0x01, 0xC0,
  0x01, 0xD8, 0x01, 0xD8, 0x00, 0xD8, 0x00, 0x18, 0x00, 0x18, 0x00, 0x18, 0x00, 0x00, 0x00, 0x00,
  0x00, 0x00, 0x00, 0x00, 0x00, 0x18, 0x00, 0x18, 0x00, 0x18, 0x00, 0x18, 0x00, 0x18, 0x80, 0x80,
  0xA0, 0xA2, 0xA0, 0xA2, 0xA4, 0xAA, 0x24, 0x2A, 0x04, 0x08, 0x05, 0x09, 0x01, 0x21, 0x11, 0x21,
  0x11, 0x21, 0x10, 0x20, 0x12, 0x02, 0x42, 0x02, 0x4A, 0x0A, 0x4A, 0x0A, 0x08, 0x88, 0x08, 0x88,
  0x10, 0xA1, 0x50, 0xA1, 0x52, 0x21, 0x42, 0x24, 0x22, 0x44, 0xA2, 0x44, 0xA4, 0x42, 0xA4, 0x42,
  0x05, 0x0A, 0x41, 0x08, 0x49, 0x28, 0x48, 0xA1, 0x08, 0x81, 0x00, 0x92, 0x42, 0x92, 0x52, 0x12,
  0x52, 0x00, 0x14, 0x49, 0x04, 0x49, 0x20, 0x49, 0x29, 0x00, 0xA9, 0x20, 0x89, 0x20, 0x08, 0x2A,
  0x0A, 0x0A, 0x52, 0x42, 0x52, 0x50, 0x52, 0x51, 0x44, 0x15, 0x44, 0x04, 0x41, 0x02, 0x11, 0x22,
  0x11, 0x20, 0x54, 0x49, 0x44, 0x49, 0x00, 0x00, 0x09, 0x12, 0x89, 0x12, 0x89, 0x50, 0x10, 0x44,
  0x10, 0x04, 0x52, 0xA0, 0x42, 0xAA, 0x06, 0xAA, 0x24, 0x82, 0xA0, 0x10, 0xA0, 0x14, 0x09, 0x14,
  0x49, 0x54, 0x49, 0x50, 0x00, 0x09, 0x00, 0x29, 0x22, 0xA0, 0x26, 0x84, 0x84, 0x94, 0x80, 0x10,
  0x10, 0x22, 0x12, 0x22, 0x92, 0x20, 0x90, 0x22, 0x90, 0x22, 0x80, 0xE2, 0x00, 0x86, 0x00, 0x84,
  0x40, 0x84, 0x40, 0xFC, 0xC0, 0x00, 0x80, 0x00, 0x86, 0x03, 0x86, 0x12, 0x0C, 0x5E, 0x08, 0x50,
  0x08, 0x50, 0x40, 0x1A, 0x40, 0x0E, 0x42, 0x06, 0x02, 0x84, 0x82, 0xA7, 0xC0, 0x20, 0xC0, 0x20,
  0x00, 0x02, 0x01, 0x02, 0x25, 0x82, 0x27, 0xD0, 0x3C, 0x52, 0x10, 0x12, 0x00, 0x26, 0x08, 0xA4,
  0x1C, 0xA4, 0x54, 0x84, 0x44, 0x04, 0x40, 0x00, 0x40, 0x1C, 0x00, 0x14, 0x09, 0x0C, 0x09, 0x08,
  0xB9, 0x40, 0xA1, 0xC3, 0x31, 0x0E, 0x10, 0x07, 0x00, 0x05, 0x00, 0x1D, 0x01, 0x11, 0xA1, 0x00,
  0xE9, 0x03, 0x4C, 0x42, 0x42, 0x72, 0x52, 0x40, 0x10, 0x00, 0x14, 0x20, 0x14, 0x24, 0x20, 0x24,
  0x38, 0x24, 0x08, 0x20, 0x08, 0xF0, 0x28, 0x91, 0x2C, 0xF1, 0x24, 0x81, 0x04, 0x80, 0x08, 0x04,
  0xB8, 0x06, 0xA8, 0x83, 0x28, 0xC1, 0x09, 0x45, 0xC1, 0x45, 0x40, 0x01, 0xD0, 0x01, 0xB8, 0x08,
  0x6C, 0x0A, 0x64, 0x4A, 0x44, 0xCB, 0x4C, 0x89, 0x01, 0x01, 0x01, 0x24, 0x01, 0x24, 0x20, 0x24,
  0x20, 0x84, 0x38, 0x80, 0x08, 0x00, 0x0C, 0x30, 0x04, 0x30, 0x00, 0x20, 0xFC, 0x7F, 0x06, 0xC0,
  0x00, 0x00, 0x00, 0x00, 0x08, 0x80, 0x01, 0xF0, 0xFF, 0x03, 0x00, 0x00, 0x00, 0x00, 0x00, 0xC0,
  0xFF, 0x07, 0x30, 0x00, 0x06, 0x00, 0x00, 0x00, 0x00, 0x00, 0x00, 0x00, 0x30, 0x00, 0xFE, 0xFF,
  0x00, 0x00, 0x00, 0x00, 0x80, 0xFF, 0x0F, 0x06, 0xC0, 0x00, 0x80, 0x01, 0x30, 0xFF, 0x1F, 0x00,
  0x00, 0x00, 0x00, 0xF0, 0xFF, 0x01, 0x06, 0xC0, 0x00, 0x00, 0x00, 0x00, 0x00, 0x03, 0xE0, 0xFF,
  0x0F, 0x00, 0x00, 0x00, 0x00, 0xF8, 0xFF, 0x00, 0x03, 0x60, 0x00, 0x00, 0x03, 0x60, 0x00, 0xFE,
  0x3F, 0x00, 0xF8, 0xFF, 0x00, 0x18, 0x00, 0x03, 0x00, 0x00, 0x00, 0x30, 0x00, 0xC6, 0xFF, 0x07,
  0x00, 0x00, 0x00, 0x00, 0xFC, 0x7F, 0x00, 0x06, 0xC0, 0x00, 0x00, 0x00, 0x00, 0x00, 0x06, 0xC0,
  0x00, 0xFC, 0xC0, 0x32, 0xCC, 0xF0, 0xB3, 0xF0, 0x9F, 0x70, 0xF2, 0xCB, 0xF4, 0xF0, 0xC0, 0xCF,
  0xE3, 0x84, 0x3F, 0x23, 0x8F, 0xE3, 0xFE, 0x0B, 0x38, 0xFD, 0xC4, 0xF0, 0x43, 0xC8, 0x2F, 0xEF,
  0x90, 0x7F, 0x0E, 0xFD, 0x2C, 0xF0, 0x3C, 0xD2, 0xF0, 0x0F, 0xF1, 0x07, 0x03, 0x00, 0x3F, 0x3C,
  0xC0, 0x4F, 0x30, 0xCD, 0xEF, 0xC0, 0x0F, 0x03, 0xFC, 0x78, 0x78, 0x00, 0x78, 0xFC, 0x78, 0x00,
  0xFC, 0x78, 0x00, 0x00, 0x00, 0x78, 0x00, 0x00, 0x84, 0x1F, 0x0F, 0x8F, 0xC7, 0x3F, 0x7F, 0x4F,
  0x03, 0x0F, 0x30, 0xE0, 0x00, 0x00, 0x38, 0x4F, 0x38, 0x00, 0x7C, 0xF6, 0x38, 0xF8, 0x39, 0xFF,
  0x7C, 0xF0, 0x38, 0xF0, 0x00, 0xFC, 0x03, 0x00, 0xEC, 0x00, 0x40, 0x3E, 0xEC, 0xC0, 0x43, 0x9C,
  0xFD, 0x80, 0x03, 0xFE, 0x03, 0x00, 0x00, 0x1C, 0x00, 0x00, 0x80, 0xF7, 0x7D, 0xE3, 0xC2, 0xEF,
  0x3C, 0xE3, 0x00, 0xF3, 0xFD, 0x07, 0x06, 0x0C, 0x06, 0x00, 0x6E, 0x1E, 0x07, 0x00, 0xF6, 0x0C,
  0x02, 0x1E, 0x60, 0x0C, 0x00, 0x8C, 0x7B, 0x3F, 0x31, 0x0C, 0xF5, 0xC3, 0x03, 0x00, 0x80, 0x01,
  0x00, 0x60, 0xC0, 0x07, 0x9C, 0xF3, 0xCE, 0x07, 0x8C, 0x63, 0x8C, 0x03, 0xDC, 0xF7, 0x0E, 0x00,
  0x00, 0x60, 0x00, 0x00, 0xF9, 0x3D, 0x01, 0x98, 0xF3, 0x18, 0x01, 0xBC, 0xF3, 0x00, 0x05, 0xC0,
  0xFB, 0x1D, 0x00, 0x08, 0xFC, 0x0B, 0xF8, 0x09, 0xF8, 0x1D, 0xF8, 0x01, 0xFC, 0x03, 0xF8, 0x01,
  0xF8, 0x01, 0x00, 0x00, 0x00, 0x00, 0x00, 0x00, 0xF0, 0x00, 0x60, 0x00, 0xF8, 0x01, 0x60, 0x00,
  0x40, 0x04, 0x00, 0x7C, 0x00, 0x62, 0x05, 0xE0, 0xF3, 0x01, 0x2A, 0x11, 0xB8, 0x70, 0xF3, 0x48,
  0xE4, 0x89, 0x47, 0xCA, 0xC0, 0x87, 0x84, 0xD0, 0xCB, 0x0C, 0xE1, 0xB9, 0x10, 0xF2, 0x1C, 0x07,
  0x42, 0x21, 0x3C, 0xD4, 0x83, 0x7E, 0xA1, 0x4F, 0x70, 0x8F, 0x04, 0x82, 0x01, 0xE0, 0x11, 0x40,
  0x72, 0x09, 0x3C, 0x9D, 0x4F, 0x1E, 0x88, 0x02, 0xC1, 0x29, 0x38, 0xC4, 0x23, 0x78, 0xD0, 0xE3,
  0x04, 0x25, 0x04, 0xD0, 0x43, 0x80, 0x17, 0x04, 0xC0, 0xF1, 0x10, 0xF2, 0x79, 0xCF, 0x33, 0x54,
  0x20, 0xC2, 0x07, 0x22, 0xC0, 0x03, 0x0F, 0x10, 0x80, 0x04, 0x1D, 0x48, 0x74, 0xD1, 0x7D, 0xF4,
  0x71, 0x4C, 0x14, 0x80, 0x40, 0x0F, 0x08, 0x85, 0xC8, 0xF1, 0x98, 0xC7, 0x01, 0x09, 0x3A, 0xD0,
  0x21, 0x00, 0xC7, 0x03, 0x20, 0x68, 0xC8, 0x83, 0x83, 0x27, 0x08, 0x0F, 0x1E, 0x5E, 0x40, 0x2F,
  0x24, 0x54, 0x42, 0x52, 0x04, 0x3C, 0x4F, 0x00, 0x1E, 0x1C, 0x80, 0x00, 0x0D, 0x8F, 0xB0, 0x93,
  0x2F, 0x01, 0x81, 0x1E, 0x10, 0x20, 0xFC, 0x00, 0xF0, 0x13, 0xC0, 0x80, 0xFC, 0x03, 0xF4, 0x7F,
  0x08, 0xFC, 0x41, 0x30, 0x7C, 0x02, 0xF0, 0x01, 0x00, 0xFE, 0x01, 0xF8, 0x87, 0xFF, 0x00, 0xFE,
  0x03, 0x0C, 0x80, 0x3F, 0x00, 0x3E, 0xC0, 0x3F, 0x00, 0xFF, 0xC0, 0x1F, 0x00, 0x7F, 0x40, 0x00,
  0xFF, 0x01, 0xFC, 0xFF, 0x00, 0xF8, 0x03, 0x20, 0x7E, 0x00, 0xF8, 0x01, 0x3C, 0x00, 0xFE, 0x00,
  0x38, 0xC0, 0x7F, 0x02, 0xFF, 0x85, 0x1F, 0x00, 0x7E, 0x20, 0x00, 0x5F, 0x00, 0xFC, 0x00, 0x3F,
  0x04, 0xFC, 0xE0, 0x3F, 0x40, 0xFF, 0x00, 0x0C, 0x80, 0x3F, 0x01, 0x3E, 0xC2, 0x1F, 0x10, 0x7F,
  0x20, 0x0F, 0x40, 0x3C, 0x80, 0xC0, 0x0F, 0x20, 0x3F, 0x3C, 0x81, 0xFF, 0x08, 0xBE, 0x4F, 0x00,
  0xBE, 0x00, 0x0C, 0x04, 0x3E, 0x08, 0x38, 0xD0, 0xFF, 0x00, 0xFF, 0xC3, 0x0F, 0x00, 0x3F, 0x00,
  0x1E, 0x20, 0x78, 0x00, 0x81, 0x3F, 0x18, 0xFE, 0x00, 0x80, 0x87, 0x00, 0x1E, 0x01, 0xE0, 0x09,
  0x80, 0xC7, 0x01, 0xF8, 0x07, 0xE0, 0x03, 0xFE, 0x00, 0xF8, 0x03, 0x7E, 0x00, 0xF8, 0x21, 0x7C,
  0x40, 0xF8, 0x81, 0x20, 0x00, 0xE1, 0x00, 0x82, 0x1F, 0x04, 0x7C, 0x20, 0xB0, 0x4F, 0x00, 0xBE,
  0x00, 0x0C, 0xF1, 0x3F, 0xC2, 0x3F, 0xE4, 0x07, 0x88, 0x1F, 0xD0, 0x03, 0x20, 0x0F, 0x40, 0xF0,
  0x01, 0xC2, 0x07, 0x10, 0xF0, 0x21, 0xC0, 0x47, 0xFE, 0x01, 0xF8, 0x07, 0x7E, 0x00, 0xF4, 0x01,
  0xC0, 0x00, 0xE0, 0x03, 0x80, 0x03, 0xE0, 0x03, 0x80, 0x0F, 0x80, 0x00, 0x00, 0x02, 0x00, 0x08,
  0x00, 0x20, 0x00, 0x80, 0x00, 0x00, 0x02, 0x00, 0x00, 0x00, 0x00, 0x01, 0x00, 0x04, 0x00, 0x10,
  0x00, 0x40, 0x00, 0x00, 0x00, 0x00, 0x00, 0x00, 0x00, 0x00, 0x00, 0x02, 0x00, 0x08, 0x00, 0x20,
  0x00, 0x80, 0x00, 0x00, 0x02, 0x00, 0x08, 0x00, 0x00, 0x01, 0x00, 0x04, 0x00, 0x10, 0x00, 0x40,
  0x00, 0x00, 0x09, 0x00, 0x20, 0x00, 0x80, 0x00, 0x00, 0x02, 0x00, 0x48, 0x00, 0x20, 0x01, 0x00,
  0x04, 0x00, 0x10, 0x00, 0x40, 0x02, 0x00, 0x09, 0x00, 0x20, 0x00, 0x80, 0x00, 0x00, 0x02, 0x10,
  0x00, 0x40, 0x00, 0x00, 0x00, 0x00, 0x00, 0x00, 0x00, 0x40, 0x00, 0x00, 0x01, 0x00, 0x04, 0x00,
  0x10, 0x00, 0x40, 0x00, 0x00, 0x21, 0x00, 0x80, 0x00, 0x00, 0x00, 0x00, 0x00, 0x00, 0x08, 0x00,
  0x20, 0x00, 0x80, 0xE0, 0x00, 0x80, 0x03, 0x00, 0x3F, 0x00, 0xDC, 0x01, 0x7C, 0x06, 0x70, 0x30,
  0xF8, 0xC1, 0xF9, 0x0C, 0xEE, 0xF3, 0xF0, 0x03, 0x07, 0x07, 0x38, 0x1E, 0xC0, 0x3E, 0x00, 0xFE,
  0x03, 0xF8, 0x0C, 0xF8, 0x60, 0xE1, 0x80, 0xCF, 0x03, 0x78, 0x07, 0x80, 0x1F, 0x00, 0x1C, 0x00,
  0x78, 0x00, 0xE0, 0x00, 0xC0, 0x03, 0x00, 0x07, 0x00, 0x1C, 0x00, 0x38, 0x00, 0xF8, 0x01, 0xE0,
  0x1E, 0xC0, 0x63, 0xC0, 0x07, 0x03, 0x1F, 0x3C, 0x1E, 0xC0, 0x39, 0x00, 0xF6, 0x00, 0xF0, 0x01,
  0xF0, 0x07, 0xC0, 0x07, 0x80, 0x37, 0x00, 0xCE, 0x00, 0x3E, 0x06, 0x38, 0x38, 0xF0, 0xC0, 0xC3,
  0x01, 0xBC, 0x1F, 0xC0, 0xEF, 0x00, 0x3E, 0x0F, 0x38, 0x30, 0x70, 0x80, 0xF1, 0x01, 0xCE, 0x03,
  0xF0, 0x07, 0x00, 0x07, 0x00, 0x1E, 0x00, 0x38, 0x00, 0xF8, 0x00, 0xE0, 0x06, 0xC0, 0x7B, 0xC1,
  0x87, 0xC7, 0x1F, 0x38, 0x1F, 0xC0, 0x1F, 0x00, 0x1C, 0x00, 0x78, 0x00, 0xE0, 0x00, 0xC0, 0x0F,
  0x80, 0xF3, 0x00, 0x0E, 0x03, 0x0E, 0x18, 0x3E, 0xE0, 0xF9, 0x00, 0xFE, 0x00, 0xE0, 0x00, 0xC0,
  0x03, 0xC0, 0x07, 0x00, 0x1F, 0x00, 0x1C, 0x00, 0xE2, 0x81, 0xC1, 0x81, 0xC8, 0xE3, 0x9C, 0x82,
  0xA5, 0xB6, 0x27, 0x94, 0x36, 0x0C, 0x25, 0x78, 0x16, 0xDC, 0xC4, 0xF4, 0x14, 0xA4, 0x38, 0x75,
  0x70, 0x59, 0xF0, 0xFE, 0xF0, 0x91, 0x8C, 0xB3, 0x4B, 0x07, 0x09, 0x7E, 0x1B, 0x3C, 0x13, 0x78,
  0x96, 0xE6, 0x05, 0xC4, 0x6C, 0xD0, 0xA8, 0x00, 0x9A, 0x64, 0xB8, 0x32, 0xB3, 0x21, 0x30, 0x01,
  0x64, 0xD0, 0xC6, 0x80, 0xF3, 0x00, 0xFF, 0x50, 0x86, 0xD0, 0x1C, 0x98, 0x1C, 0xC0, 0xBB, 0xD4,
  0x70, 0x94, 0xC4, 0xD5, 0x85, 0xB5, 0x11, 0xC7, 0x3B, 0xEF, 0x0F, 0x1D, 0x6F, 0xF9, 0x0F, 0xA2,
  0x1C, 0x03, 0x3C, 0x71, 0xB8, 0x48, 0x9E, 0x01, 0x34, 0xD1, 0x38, 0x83, 0x68, 0x07, 0x71, 0x3E,
  0xD7, 0xFC, 0xD6, 0x18, 0x88, 0x11, 0xC2, 0x13, 0x21, 0x4B, 0x11, 0xCB, 0x0F, 0x06, 0x2F, 0x3E,
  0xBE, 0x1C, 0x74, 0x34, 0x7C, 0x20, 0x4D, 0x28, 0x98, 0x08, 0x10, 0x11, 0x30, 0x30, 0xA3, 0x60,
  0xE2, 0xC0, 0x50, 0x88, 0x41, 0x02, 0x03, 0x06, 0xA6, 0x9E, 0x8C, 0xBE, 0x1A, 0xBC, 0x31, 0x38,
  0xA1, 0x21, 0x11, 0xE2, 0x07, 0xE0, 0x1F, 0x20, 0x1E, 0x00, 0x0E, 0x40, 0xFE, 0x40, 0xFE, 0x41,
  0xF8, 0x6D, 0xF8, 0x07, 0xFF, 0xCD, 0xFF, 0xE1, 0x7F, 0xCC, 0x1C, 0x6C, 0x1F, 0x74, 0x16, 0x04,
  0xF0, 0x01, 0xF6, 0x1F, 0xE7, 0xFF, 0x87, 0xFF, 0x93, 0x7F, 0x30, 0xDC, 0x93, 0xCB, 0x00, 0x82,
  0x06, 0x20, 0x04, 0x62, 0x64, 0x07, 0xF0, 0x00, 0xF6, 0x00, 0x74, 0x16, 0x30, 0x3F, 0x02, 0x7F,
  0x06, 0xFE, 0x06, 0xFE, 0xF0, 0xFC, 0x18, 0xF8, 0xC0, 0xF0, 0xC1, 0xE0, 0x03, 0x80, 0x4F, 0x81,
  0x0F, 0x03, 0x1E, 0x10, 0x1E, 0x0C, 0x3E, 0x4C, 0x3C, 0x60, 0x18, 0x40, 0x00, 0x00, 0x00, 0x50,
  0x1C, 0x7D, 0xF8, 0x09, 0x08, 0x60, 0x01, 0xF0, 0x01, 0xF8, 0x05, 0xFE, 0xCD, 0xCF, 0xE8, 0x0F,
  0xE0, 0x03, 0xC8, 0x01, 0x08, 0xC0, 0x09, 0xE0, 0x05, 0x30, 0x00, 0x00, 0x00, 0x02, 0x70, 0x06,
  0x7E, 0x06, 0xFF, 0x04, 0x7F, 0x00, 0x00, 0x00, 0x00, 0x02, 0xB0, 0x07, 0x10, 0x06, 0x10, 0x00,
  0x00, 0x00, 0x20, 0x00, 0x20, 0x00, 0x40, 0x0A, 0x22, 0x21, 0x02, 0x22, 0x7F, 0x24, 0x20, 0x02,
  0x12, 0x20, 0xF1, 0x0B, 0x3F, 0x92, 0x24, 0x01, 0xFD, 0x10, 0x94, 0x84, 0xE8, 0x43, 0x00, 0x14,
  0x24, 0x48, 0x08, 0x20, 0x04, 0x10, 0xF2, 0x80, 0xF1, 0xA4, 0x10, 0x02, 0xFD, 0x03, 0x81, 0x10,
  0x11, 0x09, 0x00, 0xF9, 0x01, 0x34, 0x09, 0xE4, 0x11, 0x64, 0x04, 0x09, 0x4F, 0x10, 0x40, 0x04,
  0x00, 0x50, 0x00, 0x12, 0x24, 0x7E, 0x08, 0x87, 0x02, 0xA8, 0x7C, 0x02, 0x02, 0xF2, 0x30, 0x02,
  0x22, 0x7F, 0x20, 0x24, 0x48, 0x12, 0x08, 0x00, 0x00, 0x14, 0x04, 0x10, 0x13, 0x80, 0x3F, 0x00,
  0x11, 0x81, 0x5A, 0x01, 0xFC, 0x40, 0x84, 0x18, 0x08, 0xFC, 0x00, 0x90, 0x08, 0xD2, 0x20, 0x80,
  0x1F, 0x88, 0x90, 0x04, 0x02, 0x7D, 0x21, 0x94, 0x20, 0x07, 0x05, 0x2F, 0x00, 0x20, 0x10, 0x40,
  0x1A, 0x08, 0x21, 0x10, 0x88, 0x0A, 0x81, 0x04, 0x14, 0xFC, 0xE0, 0x83, 0x44, 0x14, 0x40, 0x40,
  0x40, 0x05, 0x8D, 0x04, 0x00, 0xFC, 0x00, 0x84, 0x24, 0x3A, 0x08, 0xC0, 0x80, 0x02, 0x19, 0x0A,
  0xF8, 0x84, 0x04, 0x29, 0xFC, 0x10, 0x80, 0x44, 0x41, 0x41, 0x10, 0x00, 0x00, 0x85, 0x02, 0x10,
  0x09, 0x01, 0xF0, 0x49, 0x89, 0xC9, 0x0F, 0x34, 0x08, 0x02, 0x81, 0x00, 0x12, 0x19, 0x80, 0xF9,
  0x01, 0x00, 0x48, 0x00, 0xFE, 0x0F, 0xFE, 0x0F, 0xF0, 0x01, 0xF0, 0x01, 0xF0, 0x01, 0xE0, 0x00,
  0x00, 0x00, 0x00, 0x00, 0x00, 0x00, 0x00, 0x00, 0xE0, 0x00, 0xE0, 0x00, 0xE0, 0x00, 0x00, 0x00,
  0x00, 0x00, 0x00, 0x00, 0x00, 0x00, 0xFC, 0x07, 0xFC, 0x07, 0x00, 0x00, 0x00, 0x00, 0x1C, 0x00,
  0x8C, 0x07, 0x8C, 0x07, 0x0C, 0x07, 0x04, 0x07, 0x00, 0x06, 0x00, 0x00, 0x0F, 0x00, 0x0F, 0xC0,
  0x0F, 0xF0, 0x01, 0xFE, 0x00, 0x3E, 0x00, 0x00, 0x07, 0xE0, 0x03, 0xC0, 0x00, 0x00, 0x00, 0x00,
  0x01, 0x80, 0x01, 0x80, 0x01, 0x80, 0x01, 0x80, 0x01, 0x80, 0x01, 0x80, 0x01, 0x80, 0x00, 0x00,
  0x00, 0x00, 0x00, 0x00, 0xFC, 0x3F, 0xFC, 0x3F, 0x00, 0x00, 0x00, 0x00, 0x00, 0x00, 0x18, 0x30,
  0x18, 0x30, 0x38, 0x00, 0x38, 0x00, 0x38, 0x00, 0x38, 0x18, 0x00, 0x18, 0x00, 0x18, 0x00, 0x00,
  0x38, 0x00, 0x38, 0x0C, 0x38, 0x0C, 0x38, 0x60, 0x38, 0x60, 0x38, 0x00, 0x18, 0x00, 0x10, 0x18,
  0x00, 0x18, 0x30, 0x18, 0x38, 0x00, 0x38, 0x00, 0x00, 0x00, 0xF0, 0x1F, 0xFF, 0xFF, 0x7F, 0xFC,
  0x00, 0x00, 0x00, 0x00, 0x00, 0x00, 0x03, 0x80, 0xFF, 0xFF, 0xFF, 0xFF, 0x80, 0x03, 0x80, 0x03,
  0x80, 0x03, 0x03, 0x80, 0x03, 0x80, 0x03, 0x80, 0x80, 0x01, 0x80, 0x01, 0x80, 0x01, 0x01, 0x80,
  0x01, 0x80, 0x01, 0x80, 0x03, 0x83, 0x03, 0x83, 0x03, 0x03, 0x03, 0x00, 0x03, 0x00, 0x02, 0x00,
  0x02, 0x18, 0x00, 0x18, 0x00, 0x38, 0x00, 0x38, 0x00, 0x70, 0x00, 0x60, 0x00, 0x60, 0x00, 0x60,
  0x07, 0xE0, 0x03, 0xF2, 0xF1, 0x7D, 0x0C, 0xF8, 0x07, 0x7E, 0x86, 0x17, 0x72, 0x3B, 0x89, 0x91,
  0xC5, 0x98, 0x78, 0x64, 0x74, 0x10, 0xE8, 0x0B, 0x10, 0x86, 0x03, 0x40, 0x00, 0x20, 0xE0, 0x11,
  0x90, 0x08, 0xC0, 0x07, 0x00, 0x00, 0x00, 0x00, 0x77, 0x80, 0x2A, 0x40, 0x11, 0xA0, 0x0F, 0x10,
  0x00, 0x8E, 0x01, 0x80, 0x00, 0xC0, 0x00, 0xC0, 0x83, 0x00, 0x70, 0x00, 0x0C, 0x04, 0x87, 0xF3,
  0x43, 0xD0, 0x2F, 0xC0, 0x7D, 0x60, 0x00, 0x34, 0xC0, 0x1F, 0x20, 0x2C, 0x03, 0x3E, 0x01, 0xB3,
  0xE1, 0x81, 0xE1, 0x80, 0xE0, 0x40, 0x78, 0x00, 0x3C, 0x00, 0xFF, 0xFF, 0x00, 0x00, 0x00, 0x01,
  0x81, 0x01, 0xC1, 0x81, 0xE1, 0xC1, 0xF0, 0xE1, 0xF0, 0x70, 0x70, 0x38, 0x30, 0x18, 0x10, 0x88,
  0x00, 0x80, 0x80, 0x80, 0xFF, 0xFF, 0xFF, 0xFF, 0x80, 0x80, 0x00, 0x80, 0x00, 0x80, 0xCC, 0x0C,
  0xFF, 0x3F, 0xFF, 0xFF, 0x33, 0xF3, 0x00, 0xC0, 0x00, 0x00, 0x00, 0x00, 0x00, 0x00, 0x19, 0x83,
  0x19, 0xB3, 0x19, 0xB3, 0xFF, 0xFF, 0xFF, 0xFF, 0x18, 0x30, 0x00, 0x30, 0x00, 0x00, 0x00, 0x00,
  0xE0, 0x1F, 0xE0, 0x1F, 0xFF, 0xFF, 0x1F, 0xE0, 0x1F, 0xE0, 0x00, 0x00, 0xE0, 0x1F, 0xE0, 0x1F,
  0x1F, 0xE0, 0x1F, 0xE0, 0x00, 0x00, 0xE0, 0x1F, 0xE0, 0x1F, 0xE0, 0x1F, 0x00, 0x00, 0x1F, 0xE0,
  0x1F, 0xE0, 0x1F, 0xE0, 0xE0, 0x1F, 0x80, 0x03, 0x80, 0x03, 0x80, 0x03, 0xFF, 0xFF, 0xFF, 0xFF,
  0x80, 0x03, 0x00, 0x00, 0x00, 0x00, 0x01, 0x80, 0x01, 0x80, 0x81, 0x81, 0xFF, 0xFF, 0x81, 0x81,
  0x81, 0x81, 0x01, 0x80, 0x00, 0x00, 0x00, 0x1C, 0x38, 0x1C, 0xFF, 0xFF, 0xFF, 0xFF, 0x83, 0x81,
  0x80, 0x01, 0x00, 0x00, 0x00, 0x00, 0x3C, 0x3C, 0xFF, 0xFF, 0xC3, 0xC3, 0x03, 0xC0, 0x00, 0x00,
  0x00, 0x00, 0x18, 0x18, 0x18, 0x18, 0xFF, 0xFF, 0x00, 0x00, 0x00, 0x00, 0x82, 0x00, 0x83, 0x01,
  0x83, 0x83, 0x81, 0xC7, 0x00, 0xEF, 0x00, 0x7E, 0x00, 0x3C, 0x00, 0x18, 0x00, 0x00, 0x00, 0x00,
  0x00, 0x00, 0x00, 0xFF, 0x00, 0xFF, 0x01, 0x02, 0x18, 0x30, 0xC0, 0xC1, 0x03, 0x0C, 0x1C, 0xC0,
  0x10, 0x20, 0x00, 0x83, 0x03, 0x30, 0x3E, 0x06, 0xE1, 0xE0, 0x00, 0x08, 0x06, 0x00, 0x00, 0x20,
  0x60, 0x80, 0x07, 0x07, 0x70, 0x50, 0x00, 0x00, 0x00, 0x00, 0x00, 0x00, 0x00, 0x00, 0x00, 0xE0,
  0x00, 0x03, 0x06, 0x70, 0x40, 0x00, 0x06, 0x20, 0x00, 0x04, 0x06, 0xE0, 0x60, 0x00, 0x06, 0x00,
  0x00, 0x80, 0x03, 0x00, 0x18, 0x00, 0x00, 0x00, 0x04, 0xE0, 0x70, 0x00, 0x0C, 0x07, 0xE0, 0x30,
  0x00, 0x00, 0x00, 0x00, 0x00, 0x00, 0x40, 0x00, 0x30, 0x0C, 0x1F, 0xC2, 0xF0, 0x07, 0x00, 0x7A,
  0x00, 0x00, 0x00, 0x40, 0x00, 0x10, 0x04, 0x00, 0x03, 0x6C, 0x30, 0x80, 0x03, 0x02, 0x00, 0x00,
  0x00, 0x00, 0x00, 0x00, 0x00, 0x00, 0x00, 0x30, 0xC0, 0x00, 0x0B, 0x1C, 0xF0, 0x80, 0x00, 0x0E,
  0x00, 0x20, 0x00, 0x04, 0x00, 0xE0, 0x01, 0x00, 0x3C, 0x00, 0x00, 0x08, 0x00, 0x80, 0x07, 0x00,
  0x70, 0x00, 0x01, 0x03, 0x38, 0x00, 0x81, 0x03, 0x30, 0x1C, 0x06, 0xC7, 0xE0, 0x60, 0x00, 0x0E,
  0x00, 0x00, 0x00, 0x00, 0x00, 0x1C, 0x00, 0xE0, 0x81, 0x00, 0x1E, 0x0C, 0x80, 0xC1, 0x00, 0x00,
  0x0C, 0x00, 0x40, 0x00, 0x00, 0x00, 0x00, 0x00, 0x00, 0x30, 0x20, 0x00, 0x20, 0x00, 0x20, 0x00,
  0x20, 0x00, 0x20, 0x00, 0x00, 0x00, 0x00, 0x00, 0x04, 0x00, 0x14, 0x00, 0x10, 0x00, 0x00, 0x00,
  0x00, 0x00, 0x00, 0x00, 0x08, 0x00, 0x0A, 0x00, 0x02, 0x00, 0x00, 0x00, 0x00, 0x00, 0x08, 0x00,
  0x08, 0x00, 0x00, 0x00, 0x00, 0x00, 0x00, 0x00, 0x04, 0x00, 0x04, 0x00, 0x00, 0x00, 0x00, 0x00,
  0x00, 0x00, 0x08, 0x00, 0x09, 0x00, 0x01, 0x00, 0x20, 0x00, 0x20, 0x00, 0x00, 0x00, 0x01, 0x00,
  0x81, 0x00, 0x80, 0x00, 0x00, 0x00, 0x00, 0x00, 0x40, 0x40, 0x40, 0x60, 0x00, 0x20, 0x00, 0x30,
  0x00, 0x10, 0x00, 0x11, 0x00, 0x01, 0x00, 0x00, 0x00, 0x20, 0x00, 0x20, 0x00, 0x20, 0x00, 0x04,
  0x00, 0x04, 0x00, 0x06, 0x00, 0x06, 0x00, 0x02, 0x00, 0x02, 0x00, 0x00, 0x00, 0x00, 0x00, 0x00,
  0x00, 0x00, 0x00, 0x01, 0x00, 0x01, 0x00, 0x01, 0x00, 0x01, 0x00, 0x00, 0x00, 0x00, 0x00, 0x00,
  0x00, 0x00, 0x00, 0x04, 0x08, 0x04, 0x01, 0x40, 0x10, 0x00, 0x04, 0x21, 0x40, 0x00, 0x00, 0x08,
  0x00, 0x00, 0x06, 0x00, 0x60, 0x00, 0x00, 0xC6, 0x00, 0x60, 0x0C, 0x00, 0xC6, 0x06, 0x0C, 0x60,
  0xC0, 0x00, 0x06, 0x0C, 0x60, 0xE0, 0x00, 0x06, 0x0E, 0x60, 0x60, 0x00, 0x06, 0x06, 0x00, 0x60,
  0x00, 0x00, 0x06, 0x00, 0x60, 0x00, 0x30, 0x00, 0x00, 0x03, 0x00, 0x30, 0x00, 0x00, 0x03, 0x00,
  0x70, 0x00, 0x00, 0x07, 0x00, 0x70, 0x00, 0x00, 0x06, 0x00, 0x60, 0x00, 0x00, 0x06, 0x00, 0x00,
  0x00, 0x00, 0x00, 0x00, 0x00, 0x00, 0x00, 0xC0, 0x00, 0x00, 0x0C, 0x00, 0xC0, 0x00, 0x00, 0x0C,
  0x00, 0xC0, 0x00, 0x00, 0x00, 0x00, 0x00, 0x03, 0x00, 0x30, 0x00, 0x00, 0x03, 0x00, 0x30, 0x00,
  0x00, 0x00, 0x00, 0x00, 0x00, 0x00, 0x00, 0x00, 0x00, 0x00, 0x00, 0x00, 0x00, 0x00, 0x00, 0x00,
  0x0C, 0x00, 0xC0, 0x0C, 0x00, 0xCC, 0x00, 0xC0, 0x0C, 0x00, 0xCC, 0x00, 0x00, 0x0C, 0x00, 0xC0,
  0x00, 0x00, 0x0C, 0x00, 0xCC, 0x00, 0xC0, 0x0C, 0x00, 0xC0, 0x00, 0x00, 0x6C, 0x00, 0x00, 0x06,
  0x00, 0xE0, 0x00, 0x00, 0x0E, 0x00, 0xC0, 0x60, 0x00, 0x6C, 0x06, 0x00, 0x06, 0x00, 0x60, 0x00,
  0x00, 0x36, 0x00, 0x60, 0x03, 0x00, 0x36, 0x00, 0x00, 0x03, 0x00, 0x30, 0x00, 0x00, 0x03, 0x00,
  0x00, 0x00, 0x00, 0x00, 0x00, 0x00, 0x00, 0x00, 0x00, 0x00, 0x00, 0x00, 0x00, 0x00, 0x00, 0x00,
  0x00, 0x00, 0x0C, 0x00, 0xC0, 0x00, 0x00, 0x0C, 0x00, 0xC0, 0x00, 0x00, 0x0C, 0x00, 0xC0, 0x00,
  0x00, 0x0C, 0x00, 0xC0, 0x00, 0x00, 0x00, 0x00, 0x03, 0x00, 0x30, 0x00, 0x60, 0x03, 0x00, 0x36,
  0x00, 0x60, 0x00, 0x00, 0x06, 0x00, 0x60, 0x00, 0x00, 0x07, 0x00, 0x70, 0x00, 0x00, 0x03, 0x00,
  0x30, 0x00, 0x00, 0x00, 0x30, 0x00, 0x00, 0x03, 0x00, 0x30, 0x00, 0x00, 0x83, 0x18, 0x8C, 0xE1,
  0x1C, 0xCF, 0x70, 0x04, 0x0F, 0xF8, 0x83, 0x3B, 0x28, 0x83, 0x02, 0x0C, 0x40, 0x80, 0x06, 0x68,
  0x80, 0x0E, 0xEC, 0x41, 0x1C, 0xC4, 0x6F, 0xE8, 0x02, 0x2E, 0xC0, 0x02, 0x04, 0x70, 0x00, 0x03,
  0x30, 0x00, 0x01, 0x30, 0xA0, 0x03, 0x1A, 0xA0, 0x00, 0x0B, 0x18, 0xC0, 0x01, 0x1C, 0xC0, 0x00,
  0x0C, 0x40, 0xB0, 0x86, 0x29, 0x98, 0x82, 0x29, 0xD0, 0x02, 0x65, 0x50, 0x06, 0x05, 0x08, 0x80,
  0x80, 0x0D, 0xD8, 0x80, 0x0D, 0xD8, 0x80, 0x00, 0x08, 0x80, 0x00, 0x1C, 0x40, 0x83, 0x36, 0x28,
  0x80, 0x02, 0x2C, 0x40, 0x00, 0x06, 0x20, 0x00, 0x03, 0x14, 0x40, 0x03, 0x74, 0x40, 0x47, 0x46,
  0x2C, 0xCC, 0xC2, 0x38, 0x0C, 0xC3, 0x30, 0xBC, 0x87, 0x7B, 0xB8, 0x00, 0x0B, 0x10, 0x00, 0x01,
  0x10, 0xA0, 0x01, 0x1A, 0xA0, 0x01, 0x3A, 0xB0, 0x02, 0x23, 0x70, 0x80, 0x07, 0x38, 0xD0, 0x00,
  0x05, 0x50, 0xC0, 0x05, 0x5E, 0xF0, 0x00, 0x0C, 0xC0, 0x00, 0x0C, 0x40, 0x30, 0x06, 0x67, 0xF0,
  0x86, 0x29, 0x88, 0x02, 0xEC, 0x40, 0x18, 0x86, 0x23, 0x30, 0x02, 0x23, 0x00, 0x03, 0x10, 0x00,
  0x03, 0x70, 0x00, 0x07, 0x6A, 0xA0, 0x06, 0x0A, 0xA1, 0x30, 0x0B, 0x13, 0x30, 0x01, 0x19, 0x90,
  0x00, 0x0C, 0x43, 0x18, 0xC6, 0x20, 0x0F, 0xF2, 0x20, 0x1E, 0x40, 0x3E, 0x40, 0x3E, 0x40, 0x3C,
  0x80, 0x3C, 0x80, 0x74, 0x80, 0x64, 0x00, 0xE9, 0x00, 0xE9, 0x00, 0xF2, 0x01, 0xD2, 0x07, 0xA2,
  0x0F, 0x22, 0x1C, 0x44, 0x18, 0x84, 0x39, 0x08, 0x31, 0x08, 0x32, 0x04, 0x32, 0x04, 0x32, 0x02,
  0x19, 0x02, 0x1D, 0x01, 0x8E, 0x80, 0x86, 0x80, 0x43, 0x80, 0x41, 0xC0, 0x41, 0xC0, 0x80, 0xC0,
  0x80, 0xC0, 0x00, 0xC1, 0x80, 0xC0, 0x81, 0xA0, 0x81, 0xA7, 0x81, 0xFF, 0x80, 0xFF, 0xC0, 0x7B,
  0xE0, 0x0A, 0x60, 0x09, 0xE0, 0x04, 0xF0, 0x04, 0xF0, 0x04, 0x38, 0x09, 0x1C, 0x05, 0x9F, 0x04,
  0x47, 0x88, 0x43, 0xC4, 0x21, 0xC4, 0x20, 0xC2, 0x20, 0xC2, 0x11, 0x82, 0x09, 0x82, 0x09, 0xC1,
  0x84, 0xC0, 0x43, 0xC0, 0x43, 0x80, 0x23, 0x80, 0x13, 0x80, 0x11, 0xC0, 0x11, 0xC0, 0x09, 0xC0,
  0x04, 0xF0, 0x02, 0xF8, 0x02, 0x7C, 0x01, 0x3C, 0x00, 0x8E, 0x00, 0x87, 0x00, 0x87, 0xC0, 0x47,
  0xE0, 0x25, 0xE0, 0x23, 0xE0, 0x22, 0x60, 0x11, 0xE0, 0x0B, 0xC0, 0x0F, 0x00, 0x7F, 0x80, 0xFC,
  0x41, 0xE2, 0x23, 0x82, 0x13, 0x81, 0x0F, 0x01, 0x0E, 0x02, 0x7C, 0x01, 0xFC, 0x00, 0xFA, 0x00,
  0xE2, 0x00, 0xE2, 0x01, 0x00, 0x00, 0xF0, 0x00, 0x00, 0xF0, 0x00, 0x00, 0xF0, 0x00, 0x00, 0xF0,
  0x00, 0x00, 0xF0, 0xC0, 0x00, 0x70, 0xEF, 0x00, 0x10, 0xE0, 0x00, 0x10, 0xE0, 0x00, 0x10, 0xE0,
  0x00, 0x00, 0xE0, 0x00, 0x0F, 0xE0, 0x00, 0x00, 0xE0, 0x00, 0x00, 0xE0, 0x00, 0x00, 0xE0, 0x60,
  0x00, 0x60, 0x60, 0x00, 0x60, 0x60, 0x00, 0x60, 0xE0, 0x00, 0x60, 0xF0, 0x00, 0x60, 0xF0, 0x00,
  0x60, 0xF0, 0x00, 0x60, 0xF0, 0x80, 0x70, 0x70, 0xE0, 0xF0, 0x30, 0xE0, 0xF0, 0x30, 0xEF, 0xF0,
  0x10, 0xE0, 0xF0, 0x00, 0x70, 0xF0, 0x00, 0x70, 0xF0, 0x00, 0x70, 0xC0, 0x00, 0x70, 0xCF, 0x00,
  0x60, 0x00, 0x00, 0x60, 0x00, 0x00, 0x60, 0x00, 0x00, 0xE0, 0x00, 0x0F, 0xC0, 0x00, 0x80, 0xC0,
  0x00, 0x80, 0x80, 0x00, 0x80, 0x80, 0x00, 0xE0, 0x80, 0x00, 0xE0, 0x00, 0x0F, 0xE0, 0x00, 0x60,
  0x70, 0x00, 0xF0, 0x70, 0x00, 0xF0, 0x70, 0x0F, 0xF0, 0x70, 0x00, 0xF0, 0xF0, 0x00, 0xF0, 0xE0,
  0x00, 0xF0, 0xE0, 0x00, 0xF0, 0xC0, 0x00, 0xC0, 0xC0, 0x00, 0xC0, 0xC0, 0x00, 0x80, 0xC0, 0x00,
  0x00, 0x60, 0x00, 0x00, 0x60, 0x00, 0x00, 0x30, 0x00, 0x00, 0x30, 0x00, 0x0F, 0x10, 0x00, 0x00,
  0x10, 0x00, 0x00, 0x10, 0x00, 0x00, 0x00, 0x00, 0x00, 0x00, 0x00, 0x00, 0x00, 0x0F, 0x00, 0x00,
  0xC0, 0x00, 0x00, 0xE0, 0x00, 0x00, 0xF0, 0x00, 0x00, 0xF0, 0x00, 0x00, 0xF0, 0x00, 0x00, 0xF0,
  0x00, 0x00, 0xF0, 0x00, 0x00, 0x70, 0x00, 0x00, 0x70, 0x00, 0x00, 0x60, 0x00, 0x60, 0x60, 0x00,
  0xE0, 0x60, 0x00, 0xE0, 0x40, 0x00, 0xE0, 0x40, 0x00, 0xE0, 0x00, 0x00, 0x60, 0x00, 0x00, 0x60,
  0x0F, 0x00, 0x60, 0x00, 0x00, 0x60, 0x00, 0x00, 0x70, 0x00, 0x00, 0x70, 0x00, 0x00, 0x70, 0x00,
  0x00, 0x70, 0x00, 0x00, 0x30, 0x00, 0x00, 0x30, 0x00, 0x00, 0x30, 0x00, 0x00, 0x00, 0x03, 0x00,
  0x00, 0x03, 0x00, 0x00, 0x03, 0x00, 0x00, 0x02, 0x00, 0x00, 0x06, 0x00, 0x00, 0x06, 0x00, 0x00,
  0x0E, 0x00, 0x00, 0x0E, 0x00, 0x00, 0x1C, 0x00, 0x00, 0x38, 0x01, 0x00, 0x70, 0x00, 0x00, 0x60,
  0x00, 0x00, 0x60, 0x00, 0x00, 0xE0, 0x00, 0x00, 0xC0, 0x00, 0x00, 0xC0, 0x00, 0x00, 0x00, 0x00,
  0x00, 0x00, 0x06, 0x00, 0x00, 0x0E, 0x00, 0x00, 0x1C, 0x00, 0x00, 0x18, 0x00, 0x00, 0x30, 0x00,
  0x00, 0x70, 0x00, 0x00, 0x60, 0x00, 0x00, 0xC0, 0x00, 0x00, 0xC0, 0x04, 0x00, 0xC0, 0x00, 0x00,
  0x80, 0x00, 0x00, 0x80, 0x00, 0x80, 0x80, 0x01, 0x00, 0x80, 0x01, 0x00, 0x80, 0x03, 0x00, 0x00,
  0x07, 0x00, 0x00, 0x06, 0x00, 0x00, 0x06, 0x00, 0x00, 0x00, 0x00, 0x00, 0x00, 0x00, 0xFF, 0xFC,
  0xFF, 0x00, 0x00, 0x00, 0x00, 0x00, 0x00, 0x00, 0x00, 0x00, 0x00, 0x00, 0x00, 0x00, 0x00, 0x00,
  0x00, 0x06, 0x00, 0x00, 0x07, 0x00, 0x00, 0x03, 0x00, 0x80, 0x01, 0x00, 0x80, 0x01, 0xC0, 0xC0,
  0x01, 0xC0, 0xC0, 0x00, 0xC0, 0xE0, 0x00, 0xC0, 0x70, 0x80, 0x80, 0x31, 0x00, 0x80, 0x31, 0x00,
  0x80, 0x03, 0x00, 0x80, 0x03, 0x00, 0x80, 0x03, 0x00, 0x00, 0x03, 0x00, 0x00, 0x03, 0x00, 0x20,
  0x03, 0x00, 0x80, 0x01, 0x00, 0x80, 0x00, 0x00, 0xC0, 0x00, 0x00, 0xE0, 0x00, 0x00, 0x60, 0x00,
  0x00, 0x70, 0x00, 0x00, 0x38, 0x00, 0x00, 0x18, 0x00, 0x00, 0x08, 0x00, 0x00, 0x0C, 0x00, 0x00,
  0x0E, 0x00, 0x00, 0x06, 0x00, 0x00, 0x06, 0x00, 0x00, 0x00, 0x00, 0x00, 0x00, 0x00, 0x00, 0x00,
  0x00, 0x01, 0x00, 0x00, 0x00, 0x00, 0x00, 0x00, 0x00, 0x00, 0x00, 0x00, 0xFF, 0xFF, 0xF9, 0xFF,
  0xFF, 0xF9, 0xFF, 0xFF, 0xF9, 0x00, 0x00, 0x00, 0x00, 0x00, 0x00, 0x00, 0x00, 0x00, 0x00, 0x00,
  0x00, 0x00, 0x00, 0x00, 0x00, 0x00, 0x00, 0x00, 0x00, 0x06, 0x02, 0x00, 0x06, 0x00, 0x00, 0x0E,
  0x00, 0x00, 0x0C, 0x00, 0x00, 0x0C, 0x00, 0x00, 0x1C, 0x00, 0x00, 0x18, 0x00, 0x00, 0x18, 0x00,
  0x00, 0x18, 0x00, 0x00, 0x10, 0x00, 0x00, 0x10, 0x00, 0x00, 0x10, 0x30, 0x00, 0x00, 0x30, 0x04,
  0x00, 0x38, 0x00, 0x00, 0x18, 0x00, 0x00, 0x08, 0x00, 0x03, 0x18, 0x80, 0x03, 0x18, 0x80, 0x03,
  0x30, 0xC0, 0x01, 0x30, 0xC0, 0x00, 0x00, 0x60, 0x00, 0x00, 0x60, 0x00, 0x00, 0x60, 0x00, 0x00,
  0x20, 0x00, 0x00, 0x20, 0x00, 0x00, 0x20, 0x00, 0x00, 0x00, 0x00, 0x00, 0x00, 0x00, 0xC0, 0x00,
  0x00, 0xC0, 0x00, 0x00, 0x80, 0x01, 0x00, 0x80, 0x03, 0x00, 0x00, 0x03, 0x00, 0x00, 0x03, 0x00,
  0x00, 0x03, 0x00, 0x00, 0x01, 0x00, 0x80, 0x01, 0x00, 0x80, 0x01, 0x00, 0x80, 0x01, 0x00, 0xC0,
  0x00, 0x20, 0xC0, 0x00, 0x00, 0x00, 0x00, 0x00, 0x00, 0x00, 0x00, 0x00, 0x00, 0x00, 0x3F, 0xFF,
  0xFF, 0x3F, 0xFF, 0xFF, 0x00, 0x00, 0x00, 0x00, 0x00, 0x00, 0x00, 0x00, 0x00, 0x00, 0x00, 0x00,
  0x00, 0x00, 0x00, 0xC0, 0x00, 0x00, 0xC0, 0x00, 0x00, 0xC0, 0x00, 0x00, 0x60, 0x00, 0x00, 0x61,
  0x00, 0x00, 0x70, 0x00, 0x00, 0x30, 0x00, 0x00, 0x30, 0x00, 0x00, 0x00, 0x00, 0x03, 0x00, 0x30,
  0x00, 0x00, 0x03, 0x00, 0x30, 0x00, 0x00, 0x00, 0x00, 0x30, 0x00, 0x00, 0x03, 0x00, 0x30, 0x00,
  0x00, 0x03, 0x00, 0xF0, 0x00, 0x00, 0x0F, 0x00, 0xF0, 0x00, 0x00, 0x3C, 0x00, 0xC0, 0x03, 0x00,
  0xFC, 0x00, 0xC0, 0x0F, 0x00, 0xF0, 0x03, 0x00, 0x3F, 0x00, 0xC0, 0x0F, 0x00, 0xFC, 0x00, 0x00,
  0x3F, 0x00, 0xF0, 0x03, 0x00, 0x3C, 0x00, 0x00, 0x03, 0x00, 0x00, 0x00, 0x00, 0x00, 0x00, 0x00,
  0x00, 0x00, 0x00, 0x00, 0x00, 0x00, 0x00, 0x00, 0x00, 0x00, 0x00, 0x00, 0x03, 0xC0, 0x30, 0x00,
  0x0C, 0x03, 0xC0, 0x30, 0x00, 0x0C, 0x03, 0xC3, 0x30, 0x30, 0x0C, 0x03, 0xC3, 0x00, 0xF0, 0x00,
  0x00, 0x0F, 0x00, 0xF0, 0x00, 0x00, 0x0F, 0x00, 0xF0, 0x30, 0x00, 0x0F, 0x03, 0xF0, 0x30, 0x00,
  0x0F, 0x03, 0xF0, 0x30, 0x00, 0x0C, 0x03, 0xC0, 0x30, 0x00, 0x0C, 0x03, 0xC0, 0x00, 0x00, 0x3C,
  0x00, 0xC0, 0x03, 0x00, 0x3C, 0x00, 0xC0, 0x03, 0x00, 0x3C, 0x00, 0xC0, 0x03, 0x00, 0x0C, 0x00,
  0x00, 0x30, 0x00, 0x00, 0x03, 0x00, 0x30, 0x00, 0x00, 0x03, 0x00, 0x30, 0x00, 0x00, 0x0F, 0x00,
  0xF0, 0x00, 0x00, 0x0F, 0x00, 0xC0, 0x00, 0x00, 0x3C, 0x00, 0xC0, 0x03, 0x00, 0x30, 0x00, 0x00,
  0x0F, 0x00, 0xF0, 0x00, 0x00, 0xCC, 0x00, 0xC0, 0x0C, 0x00, 0xC0, 0x00, 0x00, 0x0C, 0x00, 0xC0,
  0x03, 0x00, 0x3C, 0x00, 0xC0, 0x03, 0x00, 0xFC, 0x00, 0x00, 0x3F, 0x00, 0xF0, 0x03, 0x00, 0x3C,
  0x0C, 0xC0, 0xC3, 0x00, 0x30, 0x0C, 0x00, 0xC0, 0x00, 0x00, 0x0F, 0x00, 0xF0, 0x00, 0x00, 0x0F,
  0x00, 0x30, 0x00, 0x00, 0x03, 0x00, 0x30, 0x00, 0x00, 0x00, 0x00, 0x00, 0x00, 0x30, 0x00, 0x00,
  0x03, 0x00, 0x30, 0x00, 0x00, 0x03, 0x00, 0x30, 0x00, 0x00, 0x03, 0x00, 0x30, 0x00, 0x00, 0x03,
  0x00, 0x30, 0x00, 0x00, 0x03, 0x00, 0x3C, 0x00, 0xC0, 0x03, 0x00, 0x3C, 0x00, 0xF0, 0x03, 0x00,
  0x3F, 0x00, 0xF0, 0x01, 0x1E, 0xE0, 0x01, 0x9E, 0xE0, 0x0D, 0x9C, 0xC1, 0x19, 0x1C, 0x91, 0x81,
  0x19, 0x98, 0x81, 0x19, 0x98, 0x8B, 0xF9, 0x98, 0x87, 0x59, 0x98, 0x80, 0x09, 0x80, 0x60, 0x18,
  0x8E, 0xA1, 0x18, 0x80, 0x01, 0x98, 0x80, 0x1D, 0x88, 0x01, 0x08, 0x00, 0x10, 0x80, 0x01, 0x18,
  0x82, 0x61, 0x08, 0x80, 0x80, 0x18, 0x8C, 0xC1, 0x18, 0x8C, 0x81, 0x01, 0x00, 0x00, 0x00, 0x00,
  0x10, 0x80, 0x01, 0x18, 0xC2, 0x39, 0x1E, 0xE7, 0x01, 0x0E, 0xE0, 0x00, 0x0F, 0x70, 0x00, 0x83,
  0x19, 0x9C, 0x81, 0x18, 0x08, 0x00, 0x00, 0x00, 0x10, 0x00, 0x31, 0x98, 0x83, 0x39, 0x00, 0x01,
  0x00, 0xC0, 0x00, 0x0C, 0x80, 0x00, 0x01, 0x18, 0x80, 0x01, 0x99, 0x91, 0xB9, 0x19, 0x9A, 0x80,
  0x01, 0x18, 0x80, 0x01, 0x00, 0x00, 0x00, 0x20, 0x01, 0x1E, 0xE0, 0x18, 0xCE, 0x01, 0x10, 0x00,
  0x00, 0x80, 0x00, 0x08, 0x80, 0x00, 0x08, 0x80, 0x01, 0x18, 0x84, 0xE1, 0x38, 0x8E, 0xC3, 0x78,
  0xA0, 0x07, 0x7B, 0x80, 0x01, 0x10, 0x00, 0x01, 0x00, 0x10, 0x00, 0x03, 0x30, 0x00, 0x07, 0x00,
  0xC0, 0x00, 0x1C, 0x90, 0x01, 0x01, 0x10, 0x80, 0x01, 0x18, 0xC0, 0x00, 0x0E, 0xE0, 0x00, 0x07,
  0x78, 0x80, 0x07, 0x18, 0x00, 0x01, 0x10, 0x00, 0x01, 0x00, 0x00, 0x00, 0x00, 0x00, 0x00, 0x00,
  0x80, 0x00, 0x18, 0x80, 0x01, 0x10, 0x01, 0x09, 0x80, 0x10, 0x80, 0x10, 0x41, 0x82, 0x42, 0x44,
  0x09, 0x0A, 0x15, 0x25, 0x28, 0x54, 0xB4, 0x28, 0x50, 0xD0, 0xA2, 0x40, 0x01, 0xAB, 0x02, 0xA5,
  0x8C, 0x02, 0x95, 0x12, 0x0A, 0x54, 0x6A, 0x28, 0x51, 0xA8, 0xA1, 0x44, 0x81, 0x86, 0x12, 0x05,
  0x1A, 0x4A, 0x84, 0x68, 0x08, 0x11, 0x82, 0x21, 0x04, 0x08, 0x96, 0x04, 0x20, 0x58, 0x10, 0xA0,
  0x64, 0x41, 0x80, 0x12, 0x05, 0x01, 0x4A, 0x14, 0x04, 0x28, 0x51, 0x00, 0x20, 0x44, 0x01, 0x81,
  0x10, 0x81, 0x20, 0x40, 0x04, 0x08, 0x00, 0x10, 0x81, 0x44, 0x40, 0x40, 0x00, 0x88, 0x41, 0x10,
  0x02, 0x14, 0x10, 0x42, 0x12, 0x08, 0x02, 0x40, 0x88, 0x40, 0x08, 0x03, 0x08, 0x04, 0x24, 0x04,
  0x80, 0x10, 0x04, 0x81, 0x48, 0x40, 0x80, 0x00, 0x01, 0x48, 0x50, 0x06, 0x08, 0x01, 0x18, 0x08,
  0x04, 0x60, 0x21, 0x10, 0xA9, 0x85, 0x44, 0x84, 0x14, 0x92, 0x11, 0x52, 0x48, 0x46, 0x48, 0x05,
  0x19, 0x05, 0x15, 0x65, 0x15, 0x44, 0x94, 0x55, 0x10, 0x55, 0x56, 0x41, 0x54, 0x58, 0x14, 0x51,
  0x61, 0x41, 0x44, 0x01, 0x05, 0x11, 0x05, 0x14, 0x44, 0x10, 0x52, 0x12, 0x45, 0x68, 0x09, 0x14,
  0xA1, 0x21, 0x50, 0x80, 0x86, 0x08, 0x41, 0x18, 0x22, 0x04, 0xE5, 0xA8, 0x12, 0x14, 0x83, 0x0A,
  0x50, 0x0C, 0x2A, 0x40, 0xB0, 0xA8, 0x02, 0xC9, 0x82, 0x88, 0x20, 0x0B, 0x20, 0x82, 0x2C, 0x81,
  0x08, 0x9A, 0x44, 0xA2, 0x68, 0x10, 0x89, 0xA2, 0x41, 0x04, 0x0A, 0x06, 0x11, 0x20, 0x10, 0x00,
  0x00, 0x40, 0x80, 0x10, 0x00, 0x01, 0x10, 0x08, 0x45, 0x00, 0x04, 0x11, 0x48, 0x40, 0x40, 0x02,
  0x04, 0x08, 0x21, 0x44, 0x81, 0x04, 0x04, 0x10, 0x30, 0x80, 0x00, 0x41, 0x04, 0x20, 0x40, 0x81,
  0x10, 0x22, 0x84, 0x10, 0x20, 0x50, 0x00, 0x02, 0x44, 0x50, 0x40, 0x80, 0x01, 0x00, 0x10, 0x24,
  0x00, 0x41, 0x10, 0x00, 0x04, 0x41, 0x11, 0x11, 0x24, 0x45, 0x04, 0x84, 0x14, 0x51, 0x10, 0x12,
  0x44, 0x41, 0x48, 0x42, 0x45, 0x21, 0x09, 0x11, 0x01, 0x04, 0x04, 0x04, 0x10, 0x11, 0x10, 0x40,
  0x04, 0x50, 0x00, 0x10, 0x40, 0x43, 0x50, 0x10, 0x0D, 0x51, 0x44, 0xB4, 0x44, 0x11, 0xD1, 0x02,
  0x45, 0x04, 0x0B, 0x04, 0x11, 0x04, 0x10, 0x40, 0x10, 0x42, 0x02, 0x61, 0x08, 0x08, 0x80, 0x21,
  0x20, 0x40, 0x96, 0x80, 0x02, 0x51, 0x82, 0x48, 0x44, 0x41, 0x22, 0x11, 0x01, 0x89, 0x44, 0x04,
  0x24, 0x12, 0x10, 0x12, 0x40, 0xC0, 0x48, 0x00, 0x00, 0x23, 0x00, 0x00, 0x0D, 0x40, 0x40, 0x34,
  0x00, 0x01, 0xD1, 0x00, 0x04, 0x44, 0x01, 0x10, 0x02, 0x05, 0x41, 0x08, 0x11, 0x04, 0x20, 0x44,
  0x12, 0x90, 0x10, 0x49, 0x40, 0x40, 0x24, 0x10, 0x01, 0x90, 0x00, 0x00, 0x41, 0x00, 0x00, 0x40,
  0x01, 0x22, 0x42, 0x14, 0x00, 0x12, 0x10, 0x82, 0x00, 0x60, 0x00, 0x00, 0x08, 0x89, 0x40, 0x00,
  0x0D, 0x40, 0x28, 0x10, 0x41, 0x00, 0x60, 0x40, 0x20, 0x11, 0x01, 0x00, 0x00, 0x24, 0x00, 0x00,
  0x14, 0x08, 0x00, 0xC1, 0x00, 0x01, 0x00, 0x21, 0x00, 0x80, 0x04, 0x00, 0x00, 0x50, 0x00, 0x00,
  0x40, 0x00, 0x00, 0x00, 0x01, 0x00, 0x00, 0x0C, 0x00, 0x00, 0x10, 0x00, 0x00, 0x40, 0x00, 0x00,
  0x00, 0x01, 0x00, 0x00, 0x04, 0x00, 0x00, 0x10, 0x00, 0x00, 0x40, 0x00, 0x00, 0x00, 0x01, 0x00,
  0x00, 0x04, 0x00, 0x00, 0x10, 0x00, 0x00, 0x40, 0x00, 0x00, 0x00, 0x01, 0x00, 0x1C, 0x04, 0x80,
  0xFF, 0x17, 0xF8, 0xFF, 0x7F, 0xFC, 0xFF, 0xFF, 0xFD, 0xFF, 0xFF, 0xFF, 0xFF, 0xFF, 0xFF, 0xFF,
  0xFF, 0xFF, 0xFF, 0xFF, 0xFF, 0xFF, 0xFF, 0xFF, 0xFF, 0xFF, 0xFF, 0xFF, 0xFF, 0xFF, 0xFF, 0xFF,
  0xFF, 0xFF, 0xFF, 0xFF, 0xFF, 0xFF, 0xFF, 0x7F, 0xFE, 0xFF, 0xFF, 0xF0, 0xFF, 0xFF, 0xC3, 0xFF,
  0xFF, 0x0F, 0xFF, 0xFF, 0x3F, 0xFC, 0xFF, 0xFF, 0xFF, 0xFF, 0xFF, 0xFF, 0xFF, 0xFF, 0xFF, 0xFF,
  0xFF, 0xFF, 0xFF, 0xFF, 0xFF, 0xFF, 0xFF, 0xFF, 0x7F, 0xFE, 0xFF, 0x7F, 0xF8, 0xFF, 0x7F, 0xC0,
  0xFF, 0x3F, 0x00, 0xFC, 0x7F, 0x00, 0x00, 0x1F, 0xFC, 0xFF, 0xFF, 0xFF, 0xFF, 0xFF, 0x03, 0x00,
  0x00, 0x00, 0x00, 0x00, 0x00, 0x01, 0x00, 0xC4, 0x83, 0xC0, 0xC5, 0x87, 0xC1, 0xC3, 0x87, 0x87,
  0x87, 0x07, 0x03, 0x83, 0x80, 0x87, 0x01, 0x00, 0x0E, 0x00, 0x00, 0x00, 0x00, 0x00, 0x40, 0x00,
  0x00, 0xE0, 0x00, 0x00, 0xE0, 0x00, 0x70, 0xF0, 0x00, 0x78, 0xB0, 0xEC, 0xF0, 0x10, 0x7C, 0xF0,
  0x00, 0x1E, 0x78, 0x00, 0x1E, 0x70, 0x00, 0x38, 0x20, 0x00, 0x20, 0x00, 0x00, 0x00, 0x00, 0x3C,
  0x00, 0x00, 0x0E, 0x04, 0x00, 0x0E, 0x1C, 0x0C, 0x1F, 0x1C, 0x1E, 0x36, 0x3E, 0x3E, 0x00, 0x1C,
  0x3E, 0x00, 0x3C, 0x7E, 0x00, 0x26, 0x34, 0x00, 0x00, 0x00, 0x00, 0x00, 0x00, 0x00, 0xFC, 0xFF,
  0xFF, 0xFF, 0xFF, 0xFF, 0xFF, 0xFF, 0xFF, 0x00, 0x00, 0x00, 0x00, 0x20, 0x30, 0x04, 0x1A, 0x1C,
  0xC3, 0x03, 0xCD, 0xE3, 0xE0, 0x98, 0x10, 0x20, 0x06, 0x00, 0x00, 0x10, 0x00, 0x00, 0x0E, 0x00,
  0xC2, 0x07, 0xC0, 0xE1, 0x00, 0xF8, 0x10, 0x04, 0x1C, 0x80, 0x03, 0x02, 0xF0, 0x01, 0x00, 0x38,
  0x00, 0x00, 0x04, 0x00, 0x00, 0x10, 0x40, 0x00, 0x1E, 0x38, 0xC0, 0x03, 0x1F, 0xE0, 0x80, 0x03,
  0x10, 0x40, 0x00, 0x00, 0x00, 0x04, 0x00, 0x80, 0x03, 0x18, 0x70, 0x08, 0x0F, 0x0E, 0xC7, 0x03,
  0xE1, 0x63, 0x00, 0x70, 0x00, 0x00, 0x08, 0x00, 0x00, 0x00, 0x00, 0x00, 0x0C, 0x08, 0x00, 0x07,
  0x07, 0xE0, 0x81, 0x00, 0x38, 0x00, 0x04, 0x00, 0x80, 0x03, 0x40, 0x40, 0x00, 0x38, 0x00, 0x00,
  0x1F, 0x40, 0x80, 0x23, 0x38, 0x40, 0x0C, 0x1C, 0x80, 0xCE, 0x03, 0xE0, 0x61, 0x00, 0x30, 0x10,
  0x00, 0x00, 0xC0, 0x02, 0x00, 0xE0, 0x01, 0x00, 0x2C, 0x08, 0x00, 0x0E, 0x0F, 0x01, 0x81, 0xE7,
  0x00, 0x40, 0x70, 0x00, 0x00, 0x00, 0x00, 0x00, 0x00, 0x00, 0x00, 0x00, 0x20, 0x00, 0x00, 0x1C,
  0x40, 0x03, 0x03, 0xD8, 0xE1, 0x02, 0x3F, 0xFE, 0x83, 0xC6, 0xDB, 0x01, 0x40, 0x12, 0x00, 0x00,
  0x00, 0x00, 0x00, 0x40, 0x00, 0x00, 0x35, 0x40, 0xE0, 0x87, 0x3C, 0x0F, 0x33, 0x8B, 0xF1, 0x84,
  0x20, 0x98, 0x07, 0x18, 0x40, 0x03, 0x0C, 0x58, 0x00, 0x80, 0x03, 0x04, 0x3C, 0x40, 0x07, 0x0A,
  0x70, 0x01, 0x00, 0x04, 0x00, 0xC4, 0x01, 0x07, 0x23, 0x00, 0x51, 0x0C, 0x60, 0xBE, 0x07, 0xFC,
  0x38, 0xCF, 0x21, 0x00, 0x10, 0x0C, 0x00, 0xC4, 0x01, 0x80, 0x01, 0x40, 0x24, 0x00, 0x13, 0x6F,
  0xB8, 0x04, 0x39, 0xA2, 0xC1, 0xDB, 0x38, 0x60, 0x1C, 0x04, 0x00, 0x0C, 0x05, 0x00, 0xCE, 0x01,
  0x00, 0x20, 0x7C, 0x00, 0x88, 0x11, 0x0F, 0x23, 0x8C, 0x72, 0x08, 0xB6, 0x05, 0x0E, 0xE7, 0xE1,
  0x42, 0x08, 0x88, 0x07, 0xC7, 0x03, 0x03, 0x98, 0x87, 0x00, 0x23, 0x7B, 0x40, 0x00, 0x02, 0x14,
  0xC0, 0x00, 0x07, 0x10, 0x00, 0x01, 0x00, 0x20, 0x00, 0x00, 0x00, 0x00, 0x00, 0x00, 0x00, 0x00,
  0xFF, 0xFF, 0xFF, 0xFF, 0x1F, 0x00, 0x00, 0x00, 0x8D, 0xC3, 0x8E, 0x73, 0x87, 0x1B, 0x02, 0x04,
  0x00, 0x00, 0x04, 0x00, 0x03, 0xC0, 0x85, 0x63, 0x86, 0x17, 0x87, 0x01, 0x03, 0x00, 0x01, 0x0E,
  0x00, 0x05, 0x80, 0x03, 0x07, 0x80, 0x02, 0xCE, 0x01, 0x05, 0x80, 0x03, 0x00, 0x80, 0x01, 0xA0,
  0x00, 0x70, 0xC0, 0x09, 0xA7, 0x80, 0x72, 0xC0, 0x01, 0x00, 0x00, 0x01, 0xE0, 0x80, 0x53, 0x40,
  0x19, 0xE7, 0x80, 0x02, 0xC0, 0xC1, 0x01, 0xA0, 0x9C, 0x73, 0x4A, 0x01, 0xE7, 0x00, 0x00, 0x00,
  0x00, 0x10, 0x00, 0x0E, 0x00, 0xC5, 0xB9, 0xA1, 0x14, 0x70, 0x0E, 0x00, 0x00, 0x00, 0x20, 0x03,
  0xF8, 0x01, 0x04, 0xF8, 0x01, 0xCC, 0x00, 0x00, 0x00, 0x00, 0xCC, 0x00, 0x7E, 0x00, 0x00, 0x0C,
  0x00, 0x0E, 0x60, 0x98, 0x30, 0x4C, 0x04, 0x90, 0x01, 0xC8, 0x58, 0x02, 0x10, 0x01, 0x16, 0x18,
  0x04, 0x9E, 0x05, 0x09, 0x81, 0x04, 0xC2, 0x03, 0xC1, 0x4C, 0x03, 0x52, 0x82, 0x25, 0x71, 0x6A,
  0x0E, 0x02, 0x01, 0xC0, 0x20, 0x38, 0x18, 0x87, 0xB1, 0xB0, 0x08, 0xA8, 0x01, 0xB3, 0x80, 0x26,
  0xAC, 0xDA, 0xDA, 0x42, 0x80, 0x45, 0x30, 0x33, 0x08, 0xE0, 0xFF, 0x4F, 0x55, 0x4D, 0x44, 0x50,
  0x55, 0x01, 0x00, 0x76, 0xF7, 0xED, 0x6E, 0x00, 0xC0, 0x00, 0x8C, 0xDB, 0x11, 0x12, 0x7A, 0xE6,
  0xE1, 0x1C, 0x02, 0x40, 0x2A, 0x95, 0x68, 0x31, 0xB6, 0x01, 0x00, 0xF8, 0xFF, 0xFF, 0xFF, 0x87,
  0x10, 0x84, 0x1C, 0x9E, 0x08, 0xC8, 0x3B, 0x0C, 0x61, 0x83, 0x31, 0x82, 0x98, 0xC3, 0x10, 0x6D,
  0x18, 0x47, 0x10, 0x5C, 0x30, 0xF0, 0x61, 0x20, 0x03, 0x08, 0x02, 0x0C, 0x0E, 0x03, 0x38, 0x0E,
  0x20, 0x06, 0x02, 0xC4, 0x03, 0x03, 0x1E, 0x60, 0x40, 0xD0, 0xC0, 0x9D, 0x60, 0x84, 0x0F, 0x84,
  0x42, 0x1E, 0xC0, 0x00, 0x78, 0x00, 0x00, 0x00, 0x01, 0x04, 0xC1, 0x83, 0x87, 0x0E, 0x2C, 0x02,
  0x20, 0x10, 0x60, 0x10, 0x38, 0x30, 0x00, 0x18, 0x00, 0x00, 0x00, 0x00, 0x87, 0x87, 0xE1, 0x44,
  0x40, 0x62, 0x78, 0x20, 0x10, 0xE0, 0xF0, 0x00, 0x00, 0x00, 0x03, 0x80, 0x01, 0x3D, 0x01, 0x07,
  0x81, 0x01, 0x80, 0x00, 0x00, 0x08, 0x00, 0x0C, 0x82, 0xFB, 0x03, 0x22, 0x32, 0x20, 0x1F, 0x00,
  0x00, 0xFC, 0xFF, 0x03, 0x00, 0x80, 0x10, 0x88, 0x10, 0x0A, 0x42, 0x22, 0x42, 0x22, 0x42, 0x20,
  0x10, 0x00, 0x90, 0xC0, 0x90, 0x02, 0x04, 0x02, 0x05, 0x00, 0x45, 0x0C, 0x50, 0x20, 0x50, 0xA0,
  0x00, 0xA0, 0x08, 0x82, 0x28, 0x02, 0x20, 0x60, 0x01, 0x00, 0x05, 0x00, 0x95, 0x4A, 0x94, 0x4A,
  0x80, 0x08, 0x04, 0x20, 0x44, 0x20, 0x40, 0x22, 0x42, 0x02, 0x02, 0x80, 0x40, 0x88, 0x40, 0x88,
  0x00, 0x08, 0x02, 0x01, 0x22, 0xA1, 0x22, 0xA0, 0x20, 0x84, 0x08, 0x04, 0x88, 0x44, 0x8A, 0x40,
  0x02, 0x00, 0x22, 0x99, 0x20, 0x81, 0x00, 0x10, 0xC6, 0x10, 0x10, 0x02, 0x51, 0x0A, 0x41, 0x68,
  0x00, 0x0B, 0x00, 0xFC, 0xFF, 0xFF, 0x03, 0x00, 0x00, 0x20, 0x10, 0x01, 0x38, 0x11, 0x82, 0xC1,
  0x19, 0xE0, 0x04, 0x16, 0x3E, 0x00, 0x08, 0x04, 0x38, 0x08, 0x06, 0xE0, 0x08, 0x8C, 0x80, 0x01,
  0x48, 0x04, 0x43, 0x00, 0x00, 0x86, 0x00, 0x40, 0x04, 0x80, 0x21, 0x0C, 0x80, 0x00, 0x04, 0xC0,
  0x04, 0x07, 0x46, 0x00, 0x40, 0x6C, 0x00, 0x20, 0x30, 0x18, 0x04, 0x80, 0x70, 0x08, 0x01, 0xC5,
  0x00, 0x02, 0x80, 0x08, 0x00, 0x80, 0x44, 0x18, 0x81, 0xC0, 0xE8, 0x40, 0x80, 0x05, 0x04, 0x00,
  0x06, 0x00, 0x08, 0x00, 0x00, 0x90, 0x80, 0x08, 0x40, 0x40, 0x30, 0x00, 0x0E, 0xE4, 0x33, 0x18,
  0x00, 0x29, 0x10, 0x00, 0x8D, 0x38, 0x20, 0x02, 0xC9, 0x43, 0x0E, 0x04, 0x04, 0x10, 0x3C, 0x00,
  0x01, 0x02, 0x18, 0x82, 0x02, 0x71, 0x40, 0x00, 0xC2, 0x03, 0x20, 0x84, 0x0E, 0x40, 0x00, 0x12,
  0xE0, 0x01, 0x83, 0x33, 0x03, 0x00, 0x22, 0x20, 0x00, 0x3C, 0x44, 0x40, 0x06, 0x00, 0x20, 0x80,
  0x00, 0x00, 0x40, 0x18, 0x1A, 0x00, 0xB0, 0x2F, 0x04, 0xC4, 0x24, 0x72, 0x00, 0x30, 0xD0, 0x08,
  0x00, 0x98, 0x11, 0x01, 0x08, 0x80, 0x20, 0x44, 0x04, 0x40, 0x86, 0x00, 0x00, 0x00, 0x00, 0x00,
  0x00, 0x80, 0x0C, 0x02, 0x00, 0x11, 0x91, 0x14, 0x08, 0x18, 0x51, 0x0C, 0x68, 0x30, 0x20, 0xCC,
  0x20, 0x40, 0x00, 0x01, 0x10, 0x00, 0x05, 0x23, 0x82, 0x01, 0x01, 0x21, 0x80, 0xA0, 0x13, 0x80,
  0x61, 0x01, 0x00, 0x06, 0x40, 0x44, 0x03, 0x40, 0x20, 0x00, 0x82, 0x01, 0x00, 0x74, 0x01, 0x44,
  0x00, 0x20, 0x42, 0x00, 0x21, 0x30, 0x00, 0x1A, 0x40, 0x04, 0x28, 0x40, 0x42, 0x30, 0x00, 0xC0,
  0xA0, 0x00, 0x01, 0x05, 0x09, 0x11, 0x00, 0x84, 0x09, 0x20, 0xC0, 0x40, 0x40, 0x60, 0x40, 0x00,
  0x00, 0x40, 0x04, 0x02, 0x61, 0x20, 0x05, 0x32, 0x91, 0x19, 0x10, 0x82, 0x0C, 0x00, 0x00, 0x00,
  0x01, 0x04, 0x04, 0xC9, 0x21, 0x62, 0x51, 0x41, 0xB0, 0x00, 0x01, 0x88, 0x80, 0x81, 0x40, 0x03,
  0x84, 0x00, 0x00, 0xB0, 0x00, 0x10, 0xA0, 0x01, 0x20, 0x60, 0x82, 0x38, 0x00, 0x40, 0x2E, 0x44,
  0x08, 0x10, 0x21, 0x08, 0x82, 0x20, 0x10, 0x03, 0x30, 0x0A, 0x04, 0x00, 0x19, 0x83, 0x04, 0x30,
  0x80, 0x81, 0x88, 0x60, 0x41, 0x16, 0x41, 0x00, 0x10, 0x60, 0x00, 0x00, 0x9C, 0x65, 0x00, 0x09,
  0xD1, 0x00, 0x26, 0x98, 0x00, 0x14, 0x80, 0x04, 0x02, 0x01, 0x08, 0x00, 0x05, 0x00, 0xA2, 0x01,
  0x00, 0x11, 0x40, 0x44, 0x44, 0x80, 0x88, 0x88, 0x20, 0x22, 0x22, 0x16, 0x11, 0x11, 0x41, 0x44,
  0x44, 0x80, 0x88, 0x88, 0x20, 0x22, 0x22, 0x12, 0x11, 0x11, 0x45, 0x44, 0x44, 0x80, 0x88, 0x88,
  0x20, 0x22, 0x22, 0x12, 0x11, 0x11, 0x1D, 0x00, 0x0F, 0x80, 0x04, 0x78, 0x00, 0x3C, 0x80, 0x07,
  0xC0, 0x03, 0x3C, 0x00, 0x1E, 0x00, 0x00, 0x00, 0x00, 0x00, 0x00, 0x00, 0x00, 0xF0, 0x00, 0x78,
  0x00, 0xF0, 0x00, 0x78, 0x00, 0x20, 0x00, 0x00, 0x00, 0x00, 0x00, 0x00, 0x00, 0x00, 0x1E, 0x00,
  0x0F, 0xF0, 0x00, 0x78, 0x00, 0x2E, 0x80, 0x07, 0xC0, 0x01, 0xF0, 0x00, 0x18, 0x00, 0x00, 0x00,
  0x00, 0x00, 0x00, 0x00, 0x00, 0xF0, 0x00, 0xF8, 0x00, 0x78, 0x00, 0xFC, 0x00, 0x7A, 0x00, 0xE4,
  0x01, 0xF0, 0x00, 0x00, 0x00, 0x00, 0x00, 0x00, 0x00, 0x3C, 0x00, 0x1E, 0x00, 0x79, 0x00, 0x3C,
  0x00, 0x78, 0x00, 0x3C, 0x01, 0xF0, 0x00, 0x38, 0x00, 0x00, 0x00, 0x00, 0x00, 0x00, 0x00, 0x00,
  0xF0, 0x00, 0x78, 0x00, 0x00, 0x00, 0x00, 0x00, 0x00, 0x00, 0x70, 0x00, 0x3C, 0x00, 0x02, 0x00,
  0x00, 0x00, 0x00, 0x1E, 0x00, 0x0F, 0xF0, 0x04, 0x78, 0x00, 0x00, 0x00, 0x00, 0x00, 0x00, 0x00,
  0x00, 0xC0, 0x03, 0xE0, 0x01, 0x3C, 0x00, 0x1E, 0x80, 0x07, 0xC0, 0x03, 0x00, 0x00, 0x00, 0x00,
  0x00, 0x00, 0x00, 0x00, 0xF0, 0x00, 0x78, 0x00, 0x78, 0x00, 0x3C, 0x00, 0x00, 0x0E, 0x80, 0x07,
  0xC0, 0x01, 0xF0, 0x00, 0x58, 0x00, 0x00, 0x00, 0x00, 0x00, 0x00, 0x00, 0x0E, 0x80, 0x07, 0xC0,
  0x40, 0xC0, 0xC0, 0x40, 0xC0, 0xC0, 0xC0, 0xC0, 0xC0, 0xC0, 0xC0, 0x80, 0xC0, 0xC0, 0x80, 0xC0,
  0x00, 0x80, 0x80, 0x00, 0xC0, 0x80, 0x00, 0x40, 0x80, 0x00, 0x40, 0x00, 0x00, 0x40, 0x00, 0x40,
  0x40, 0x00, 0x40, 0x00, 0x80, 0x40, 0x00, 0x80, 0x40, 0x80, 0x80, 0x40, 0x80, 0x00, 0x00, 0xC0,
  0x40, 0x00, 0x40, 0xCC, 0x0C, 0x4C, 0xCC, 0x0C, 0x0C, 0x4C, 0x8C, 0x0C, 0x00, 0x80, 0x00, 0x00,
  0x80, 0x40, 0x00, 0x80, 0x40, 0x00, 0x80, 0x00, 0x40, 0x80, 0x00, 0x40, 0x00, 0xC0, 0xC0, 0x00,
  0xC0, 0x80, 0x80, 0x00, 0x00, 0x80, 0x00, 0x00, 0x00, 0x80, 0x00, 0x00, 0xC0, 0x00, 0x00, 0x40,
  0x40, 0x00, 0x00, 0xC0, 0x00, 0x00, 0xC0, 0x80, 0x80, 0xC0, 0xC0, 0xC0, 0x00, 0xC0, 0x40, 0x00,
  0xC0, 0x40, 0x00, 0x40, 0x00, 0x00, 0x00, 0x00, 0x8C, 0x0C, 0x0C, 0x8C, 0x0C, 0x8C, 0xCC, 0x0C,
  0xCC, 0x40, 0x00, 0xC0, 0x40, 0x40, 0x40, 0x00, 0x40, 0x00, 0x00, 0x40, 0x80, 0x00, 0xC0, 0x80,
  0x00, 0xC0, 0x00, 0xC0, 0x80, 0x00, 0xC0, 0x80, 0x40, 0x80, 0x80, 0x40, 0x00, 0x00, 0x40, 0x00,
  0x00, 0x00, 0x00, 0x00, 0x80, 0x00, 0x00, 0x80, 0x40, 0x80, 0x00, 0x40, 0x80, 0x00, 0x40, 0x80,
  0x00, 0x40, 0x80, 0x00, 0x00, 0x00, 0x80, 0x00, 0x40, 0x80, 0x00, 0x40, 0x80, 0x80, 0x00, 0x00,
  0x80, 0x00, 0x00, 0xC0, 0x00, 0x80, 0xC0, 0x00, 0x80, 0xC0, 0x00, 0x00, 0x80, 0x40, 0x80, 0x00,
  0x40, 0xC0, 0x00, 0xC0, 0xC0, 0x00, 0xC0, 0x40, 0x00, 0xC0, 0x00, 0x00, 0xC0, 0x00, 0xCC, 0x8C,
  0x0C, 0xCC, 0x8C, 0x0C, 0xCC, 0x0C, 0x0C, 0x00, 0x00, 0x00, 0x00, 0x00, 0x00, 0x00, 0x00, 0x40,
  0x00, 0x00, 0xC0, 0xE3, 0x00, 0x00, 0x42, 0x20, 0x04, 0x42, 0x00, 0x00, 0x00, 0x00, 0x00, 0x1C,
  0x00, 0x70, 0x00, 0x00, 0x80, 0x03, 0x00, 0x04, 0x42, 0x20, 0x04, 0x02, 0x00, 0x00, 0x1C, 0x00,
  0x70, 0x00, 0x00, 0x00, 0x1C, 0x00, 0x88, 0x83, 0x00, 0x08, 0x10, 0x10, 0x01, 0x11, 0x10, 0x20,
  0x00, 0xC2, 0x21, 0x00, 0x00, 0x00, 0xE0, 0x00, 0x00, 0x1C, 0x00, 0x00, 0xE0, 0x00, 0x00, 0x00,
  0x00, 0x24, 0x40, 0x02, 0xA4, 0x03, 0x00, 0x00, 0x01, 0x17, 0x00, 0x01, 0x00, 0x80, 0x03, 0x00,
  0x00, 0x08, 0x80, 0x00, 0xE8, 0x04, 0x40, 0x00, 0x04, 0x00, 0xE0, 0x00, 0x00, 0x10, 0x07, 0x01,
  0x94, 0x40, 0x08, 0x84, 0x00, 0x00, 0x00, 0x00, 0x00, 0x00, 0xC0, 0x71, 0x03, 0x80, 0x01, 0x03,
  0x80, 0x01, 0xF3, 0xBF, 0x01, 0xF3, 0xBF, 0x01, 0x33, 0xB0, 0x01, 0x33, 0xB0, 0x01, 0x33, 0xB0,
  0x01, 0x33, 0xB0, 0x01, 0x33, 0xBE, 0x1F, 0x33, 0xBE, 0x9F, 0x03, 0x06, 0xF8, 0xF3, 0x07, 0x78,
  0xF0, 0x07, 0x00, 0x30, 0x00, 0x00, 0x30, 0x00, 0x00, 0x30, 0x00, 0x80, 0x30, 0xF8, 0xFF, 0x30,
  0xF8, 0x7F, 0x00, 0x18, 0x00, 0x00, 0x78, 0x00, 0x00, 0x78, 0x00, 0x00, 0x60, 0x00, 0x00, 0x63,
  0x00, 0x06, 0x63, 0x00, 0x06, 0xE3, 0x03, 0x06, 0xE3, 0x83, 0x07, 0x03, 0x83, 0x07, 0x03, 0x83,
  0x01, 0x03, 0xFF, 0x01, 0x03, 0x7F, 0x00, 0x3F, 0x00, 0x00, 0x3F, 0x00, 0x00, 0x30, 0x00, 0x00,
  0x30, 0x00, 0x00, 0x30, 0x80, 0x3F, 0xF0, 0x83, 0x3F, 0xF0, 0x83, 0x31, 0x00, 0x83, 0x31, 0x00,
  0xFF, 0x31, 0x00, 0x7F, 0x30, 0x00, 0x00, 0x30, 0x00, 0x80, 0x31, 0xF0, 0xF1, 0x31, 0xF0, 0x71,
  0x00, 0x30, 0x30, 0x80, 0x3F, 0xB0, 0x9F, 0x3F, 0xB0, 0x9F, 0x01, 0xB0, 0xF9, 0x01, 0xF3, 0xF9,
  0x01, 0x73, 0x00, 0x00, 0x03, 0x00, 0xF8, 0x03, 0x00, 0xF8, 0x03, 0x00, 0x18, 0x00, 0x3E, 0x1F,
  0x00, 0x3E, 0x1F, 0x00, 0x06, 0x03, 0x00, 0x06, 0x03, 0x00, 0x7E, 0x03, 0x00, 0x7E, 0x03, 0x00,
  0x60, 0x83, 0x7F, 0xE0, 0x83, 0x7F, 0xE0, 0x83, 0xE1, 0x07, 0x80, 0xE1, 0x07, 0x80, 0x61, 0x06,
  0x80, 0x01, 0x06, 0x80, 0x81, 0x0E, 0x06, 0x04, 0x1D, 0xAE, 0x0D, 0x60, 0x70, 0x47, 0x01, 0x17,
  0x0A, 0xA8, 0x20, 0x54, 0xF1, 0xC4, 0x06, 0x30, 0x84, 0x0A, 0x99, 0x62, 0xCB, 0x41, 0x03, 0x0D,
  0x0F, 0x70, 0xD0, 0x80, 0xE9, 0x62, 0x06, 0xF1, 0xC8, 0x81, 0x00, 0x42, 0x97, 0x28, 0xC8, 0xE0,
  0x81, 0x30, 0xCD, 0x64, 0x48, 0x78, 0x15, 0x65, 0xAB, 0x04, 0x11, 0x08, 0x61, 0x04, 0x21, 0x43,
  0x02, 0x49, 0xC1, 0x02, 0x00, 0x00, 0x00, 0x61, 0x10, 0x00, 0x10, 0x01, 0x00, 0x31, 0x00, 0x10,
  0x03, 0x00, 0x31, 0x00, 0x18, 0x01, 0x80, 0x91, 0xFF, 0x1B, 0x19, 0xA0, 0x91, 0x01, 0x3A, 0x19,
  0xA0, 0x9B, 0x01, 0xBB, 0x19, 0xB0, 0x99, 0x01, 0x93, 0xF9, 0x37, 0x99, 0x43, 0x12, 0x29, 0x24,
  0xB1, 0x42, 0x12, 0x6B, 0x24, 0xB1, 0xC6, 0x12, 0x6B, 0x2E, 0xB1, 0xE6, 0x1A, 0x69, 0xAE, 0x91,
  0xC6, 0x1A, 0x69, 0xA4, 0x99, 0x43, 0x9A, 0x39, 0x24, 0x91, 0x43, 0x12, 0x2D, 0x26, 0xD1, 0x62,
  0x12, 0x2D, 0x26, 0xD1, 0x62, 0x12, 0x29, 0x26, 0x93, 0x42, 0x32, 0x69, 0x24, 0x93, 0x47, 0x32,
  0x79, 0x24, 0x91, 0x43, 0x13, 0x39, 0x34, 0x91, 0x43, 0x13, 0x29, 0xB4, 0x91, 0x42, 0x1B, 0x29,
  0xA4, 0x91, 0x42, 0x12, 0x6B, 0x2C, 0xB1, 0xC6, 0x12, 0x6B, 0x24, 0xB1, 0x42, 0x12, 0x39, 0x24,
  0x13, 0x63, 0x30, 0x31, 0x06, 0xF3, 0xE3, 0x3F, 0x00, 0x02, 0x02, 0x00, 0xA0, 0xE7, 0x0D, 0x27,
  0x0C, 0x32, 0x48, 0x20, 0x01, 0x41, 0x88, 0x13, 0x4E, 0x18, 0x31, 0xC8, 0x40, 0x00, 0x42, 0x08,
  0x23, 0x1E, 0x79, 0xC2, 0x04, 0x10, 0x40, 0x80, 0x00, 0x21, 0x88, 0x23, 0x8F, 0x1C, 0x71, 0xC2,
  0x04, 0x93, 0x44, 0x92, 0x1C, 0x39, 0xE8, 0x20, 0x81, 0x00, 0x04, 0x08, 0x10, 0x40, 0x04, 0x19,
  0xF2, 0x90, 0x81, 0x44, 0x82, 0x0B, 0x4E, 0x38, 0xF2, 0x90, 0x41, 0x06, 0x19, 0x22, 0x90, 0x98,
  0xE0, 0x82, 0x0B, 0x46, 0x88, 0x0C, 0x31, 0x64, 0x90, 0x81, 0x02, 0x01, 0x08, 0x22, 0x8C, 0x78,
  0xC4, 0x21, 0x0F, 0x39, 0xE4, 0x30, 0x00, 0x00, 0x03, 0x08, 0x22, 0x1C, 0x71, 0x82, 0x11, 0x46,
  0x10, 0x01, 0x08, 0x4C, 0x30, 0x42, 0x08, 0x20, 0x20, 0x81, 0x08, 0x12, 0x4C, 0x70, 0xC1, 0x09,
  0x47, 0x38, 0xC2, 0x08, 0x23, 0x48, 0x80, 0x08, 0x61, 0x94, 0x51, 0x24, 0x43, 0x0E, 0xF8, 0xE0,
  0x8F, 0xFF, 0xFF, 0x1F, 0x00, 0x20, 0x94, 0x02, 0xD4, 0x8A, 0x01, 0x80, 0x40, 0x08, 0x00, 0x09,
  0x1C, 0x0C, 0x06, 0x24, 0xF0, 0x84, 0x1C, 0x60, 0x00, 0x20, 0x81, 0x23, 0xC4, 0x20, 0x10, 0x86,
  0x10, 0x02, 0x00, 0x00, 0x24, 0x70, 0xB4, 0x18, 0x00, 0xC0, 0xC0, 0x40, 0x00, 0x00, 0x80, 0x04,
  0x1E, 0x80, 0x03, 0x0C, 0xF8, 0x24, 0x0F, 0x84, 0x00, 0x04, 0xC2, 0x01, 0x60, 0xC4, 0x23, 0x15,
  0xA0, 0x04, 0x00, 0x02, 0x00, 0x88, 0x7E, 0xA1, 0x00, 0xB4, 0x00, 0x90, 0xE0, 0x41, 0x00, 0x00,
  0x0B, 0x43, 0x09, 0x00, 0x01, 0x1E, 0x10, 0x00, 0x08, 0x30, 0x20, 0x00, 0xC0, 0x00, 0xC0, 0x00,
  0x00, 0xC0, 0x0F, 0x06, 0x00, 0x3A, 0x00, 0x47, 0x00, 0x32, 0x78, 0xD0, 0x00, 0x30, 0x03, 0x30,
  0x8C, 0x31, 0x10, 0x20, 0x00, 0x0F, 0x00, 0x40, 0x00, 0x18, 0x11, 0x00, 0x40, 0xF8, 0x61, 0x00,
  0x00, 0x80, 0x01, 0x00, 0x00, 0x00, 0x06, 0x00, 0x12, 0x78, 0x18, 0x0E, 0x48, 0x60, 0x08, 0x21,
  0x20, 0x81, 0x01, 0x80, 0x00, 0x03, 0x00, 0x09, 0x3C, 0x00, 0x07, 0x18, 0x70, 0x30, 0x18, 0x90,
  0x00, 0x10, 0x02, 0x00, 0x00, 0x0F, 0xC0, 0x01, 0x09, 0x0C, 0x0C, 0x04, 0x18, 0x70, 0x48, 0x18,
  0x00, 0x40, 0x00, 0x80, 0x80, 0x01, 0x01, 0x00, 0x20, 0x20, 0x08, 0x04, 0x10, 0x04, 0x01, 0x00,
  0x41, 0x08, 0x00, 0x18, 0x10, 0x08, 0x44, 0x00, 0x40, 0x10, 0x00, 0x20, 0x00, 0x20, 0x20, 0x00,
  0x80, 0x01, 0x00, 0x08, 0x04, 0x00, 0x40, 0x02, 0xC0, 0x80, 0x38, 0x40, 0x0E, 0x04, 0x03, 0x00,
  0x00, 0x08, 0x02, 0xC0, 0x01, 0x70, 0x08, 0x04, 0x04, 0x20, 0x20, 0x01, 0x64, 0x00, 0x18, 0x00,
  0x01, 0x09, 0x00, 0x00, 0x00, 0x00, 0x00, 0x00, 0x00, 0x1C, 0x00, 0x07, 0x00, 0x80, 0x00, 0x02,
  0x40, 0x00, 0x03, 0x80, 0x00, 0x80, 0x00, 0x02, 0x04, 0x00, 0x03, 0x00, 0x08, 0x00, 0x00, 0x01,
  0x40, 0x08, 0x74, 0x08, 0x00, 0x20, 0x00, 0x88, 0x01, 0x74, 0x09, 0x80, 0x06, 0xA0, 0x01, 0x40,
  0x00, 0x00, 0xC0, 0x81, 0x80, 0x10, 0x00, 0x40, 0x00, 0x00, 0x00, 0x01, 0x40, 0x1C, 0x18, 0x18,
  0x18, 0x18, 0x18, 0x08, 0x10, 0x08, 0x00, 0x00, 0x04, 0x00, 0x06, 0x11, 0x06, 0x11, 0x96, 0x19,
  0x9E, 0x19, 0x9A, 0x19, 0x9A, 0x09, 0x92, 0x09, 0x82, 0x09, 0x82, 0x01, 0xC6, 0x01, 0xC6, 0x60,
  0xE6, 0x60, 0xE6, 0x60, 0xE6, 0xC0, 0x64, 0xC0, 0x61, 0x80, 0x41, 0x80, 0x01, 0x81, 0x81, 0x81,
  0x90, 0x81, 0x98, 0x81, 0x98, 0x81, 0x19, 0x01, 0x19, 0x00, 0x79, 0x00, 0x71, 0x40, 0x10, 0x60,
  0x10, 0x60, 0x10, 0x20, 0x10, 0x20, 0x12, 0x20, 0x1A, 0x00, 0x1E, 0x20, 0x1C, 0x60, 0x18, 0x60,
  0x08, 0x60, 0x08, 0x68, 0x00, 0x28, 0x01, 0x88, 0x19, 0x98, 0x18, 0x98, 0x19, 0x10, 0x01, 0x00,
  0x00, 0x10, 0x00, 0x18, 0x06, 0x18, 0x06, 0x1C, 0x06, 0x14, 0x04, 0x16, 0x04, 0x06, 0x04, 0x02,
  0x00, 0x00, 0x80, 0x00, 0x80, 0x01, 0x82, 0x01, 0x86, 0x01, 0x06, 0x01, 0x04, 0x00, 0x24, 0x00,
  0x66, 0x00, 0x62, 0x00, 0x60, 0x00, 0x68, 0x06, 0x28, 0x06, 0x09, 0x82, 0x19, 0x80, 0x19, 0x80,
  0x18, 0x00, 0x10, 0x02, 0x00, 0x06, 0x02, 0x16, 0x06, 0x18, 0x06, 0x18, 0x04, 0x08, 0x00, 0x08,
  0x08, 0x00, 0x18, 0x80, 0x18, 0x86, 0x10, 0x86, 0x11, 0x86, 0x11, 0x00, 0x41, 0x00, 0x61, 0x06,
  0x61, 0x06, 0x61, 0x00, 0x21, 0x81, 0x81, 0x81, 0x81, 0x81, 0x01, 0x80, 0x01, 0x80, 0x01, 0x00,
  0x01, 0x00, 0x01, 0x04, 0x01, 0x06, 0x00, 0x06, 0x00, 0x3E, 0x00, 0x00, 0x07, 0x00, 0xE0, 0x00,
  0x00, 0x0C, 0x00, 0xC0, 0x00, 0x00, 0x18, 0x00, 0x80, 0x01, 0x00, 0x30, 0x00, 0x00, 0x12, 0x00,
  0x00, 0x06, 0x00, 0xC0, 0x01, 0x00, 0x38, 0x00, 0x02, 0x06, 0xC3, 0x80, 0x70, 0x38, 0x10, 0x0E,
  0x0E, 0xE0, 0xC1, 0x01, 0x3C, 0x70, 0x80, 0x03, 0x0E, 0x38, 0x80, 0x01, 0x03, 0x20, 0x70, 0x00,
  0x00, 0x07, 0x00, 0xE0, 0x00, 0x00, 0x0C, 0x00, 0x80, 0x00, 0x00, 0x10, 0x00, 0x02, 0x00, 0x60,
  0x10, 0x00, 0x0C, 0x83, 0xC0, 0x61, 0x18, 0x38, 0x04, 0x07, 0x03, 0xE0, 0x60, 0x00, 0x18, 0x04,
  0x00, 0x02, 0x00, 0x00, 0x00, 0x00, 0x80, 0x00, 0x00, 0x18, 0x08, 0x00, 0x03, 0x03, 0x60, 0x60,
  0x00, 0x0C, 0x1C, 0x80, 0x81, 0x03, 0x20, 0x60, 0x00, 0x00, 0x08, 0x00, 0x00, 0x10, 0x00, 0x00,
  0x03, 0x00, 0x60, 0x00, 0x00, 0x0C, 0x20, 0xC0, 0x01, 0x06, 0x18, 0xC0, 0x80, 0x03, 0x1C, 0x70,
  0x80, 0x01, 0x06, 0x10, 0x40, 0x00, 0x03, 0x00, 0x60, 0x00, 0x00, 0x04, 0x04, 0x00, 0xC0, 0x40,
  0x00, 0x0C, 0x18, 0xC0, 0x01, 0x02, 0x18, 0x00, 0x02, 0x01, 0x40, 0x20, 0x00, 0x0C, 0x00, 0x80,
  0x01, 0x00, 0x18, 0x00, 0x00, 0x03, 0x20, 0x00, 0x40, 0x00, 0xC0, 0x01, 0x80, 0x03, 0x00, 0x07,
  0x00, 0x04, 0x00, 0x00, 0x00, 0x87, 0x01, 0x8E, 0x07, 0x00, 0x0E, 0x0E, 0x08, 0x1C, 0x00, 0x38,
  0x00, 0x00, 0x80, 0x01, 0x00, 0x03, 0x00, 0x06, 0x00, 0xC0, 0x01, 0x80, 0x03, 0x00, 0x00, 0x80,
  0x03, 0x00, 0x47, 0x00, 0xCE, 0x00, 0x80, 0x01, 0x00, 0x01, 0x00, 0x00, 0xC0, 0x00, 0x80, 0x39,
  0x00, 0x78, 0x00, 0xF0, 0x00, 0xC0, 0x01, 0x04, 0x00, 0x0C, 0x00, 0xB8, 0x05, 0x60, 0x1B, 0xE0,
  0x36, 0xC0, 0x60, 0x00, 0x81, 0x00, 0x18, 0x00, 0xF0, 0x00, 0xCC, 0x03, 0x18, 0x06, 0x30, 0x00,
  0x00, 0x63, 0x00, 0xC6, 0xE0, 0x3C, 0x80, 0x73, 0x00, 0x00, 0x00, 0x00, 0x00, 0x00, 0x00, 0xE0,
  0x0F, 0xC0, 0x1F, 0x00, 0x00, 0x00, 0x00, 0x00, 0x00, 0x00, 0x00, 0x00, 0xA0, 0x00, 0xC0, 0x01,
  0x80, 0x03, 0x00, 0x03, 0x00, 0x04, 0x00, 0x00, 0x00, 0x00, 0x00, 0x00, 0x00, 0x00, 0x03, 0x00,
  0x06, 0xE0, 0x0C, 0xC0, 0x01, 0x80, 0x03, 0x00, 0x00, 0x00, 0x30, 0x00, 0x60, 0x00, 0x00, 0x06,
  0xC0, 0x1E, 0x80, 0x19, 0x00, 0x00, 0x00, 0x00, 0x00, 0x00, 0x00, 0x00, 0x00, 0xC0, 0x00, 0xC0,
  0x03, 0x80, 0x07, 0x00, 0x0F, 0x00, 0x00, 0x00, 0x00, 0x00, 0x00, 0x03, 0x00, 0x06, 0x0C, 0x00,
  0x38, 0x60, 0x70, 0xC0, 0x00, 0x00, 0x00, 0x00, 0xCC, 0x01, 0x98, 0x03, 0x30, 0x06, 0x60, 0x00,
  0xF0, 0x03, 0xF8, 0x01, 0xFC, 0x00, 0x7E, 0x00, 0x3F, 0x80, 0x1F, 0xC0, 0x0F, 0xE0, 0x07, 0xF8,
  0x03, 0xFE, 0xE1, 0xFD, 0x18, 0x7E, 0x06, 0xBF, 0xE1, 0xFF, 0xDC, 0x3F, 0xE2, 0xCF, 0xF1, 0x33,
  0xFC, 0x09, 0xFF, 0xC7, 0x7F, 0x78, 0x3F, 0x9E, 0x9F, 0xC3, 0x7F, 0xE0, 0x07, 0xF0, 0x03, 0xF8,
  0x01, 0xFC, 0x00, 0x7F, 0xC0, 0xFF, 0xBF, 0xFF, 0xC0, 0x3F, 0xE0, 0x07, 0xF0, 0x03, 0xF8, 0x01,
  0xFE, 0x80, 0x7F, 0xF0, 0x3F, 0xBE, 0xDF, 0xC3, 0x3F, 0xE0, 0x07, 0xF0, 0x03, 0xF8, 0x01, 0xFC,
  0x80, 0x7F, 0xE0, 0x3F, 0x9C, 0x9F, 0xC3, 0x7F, 0xF8, 0x0F, 0xF6, 0x03, 0xF9, 0xF1, 0xFC, 0x0E,
  0x7E, 0xC1, 0xFF, 0xB0, 0x1F, 0xCF, 0x8F, 0xE0, 0x67, 0xF0, 0x1B, 0xF8, 0x05, 0xFC, 0x03, 0x7E,
  0x00, 0x3F, 0x80, 0x1F, 0xC0, 0x0F, 0xF8, 0x07, 0xF6, 0x83, 0xF9, 0x7D, 0xFC, 0x03, 0x7E, 0x00,
  0x3F, 0x80, 0x1F, 0xC0, 0x0F, 0xF0, 0x07, 0xFF, 0xFB, 0xF8, 0x1F, 0xFC, 0x07, 0xFE, 0x00, 0x3F,
  0xC0, 0x1F, 0xE0, 0x0F, 0xFC, 0x87, 0xF7, 0xFB, 0xF8, 0x07, 0xFC, 0x00, 0x7E, 0x00, 0x3F, 0x80,
  0x1F, 0xC0, 0x0F, 0xE0, 0x07, 0x30, 0x02, 0xF0, 0x05, 0xE0, 0x1F, 0x40, 0x33, 0x80, 0x46, 0x00,
  0xFC, 0x00, 0xFC, 0x01, 0xF8, 0x03, 0xF8, 0x03, 0xC0, 0x0F, 0x00, 0x1D, 0x80, 0x3E, 0x80, 0x7F,
  0x00, 0xFF, 0x00, 0xFE, 0x01, 0xFC, 0x03, 0xF8, 0x07, 0xF0, 0x0F, 0xE0, 0x0F, 0xC0, 0x0B, 0x80,
  0x77, 0x00, 0xFD, 0x00, 0xFA, 0x01, 0xE8, 0x03, 0x98, 0x07, 0xF0, 0x0F, 0xE0, 0x1F, 0xC0, 0x3F,
  0x80, 0x7F, 0x00, 0x3F, 0x00, 0x1E, 0x00, 0x3C, 0x00, 0x68, 0x00, 0x00, 0x00, 0x00, 0x18, 0x00,
  0x30, 0x00, 0x40, 0x00, 0x82, 0x00, 0xFE, 0x00, 0xFC, 0x01, 0xF8, 0x07, 0xF0, 0x0F, 0xE0, 0x07,
  0xC0, 0x33, 0x80, 0x7F, 0x00, 0xF7, 0x00, 0xFE, 0x01, 0x7C, 0x03, 0xF8, 0x07, 0xE0, 0x0F, 0xE0,
  0x1F, 0x80, 0x3F, 0x00, 0x1C, 0x00, 0x10, 0x00, 0x20, 0x00, 0x40, 0x01, 0xF0, 0x07, 0xD0, 0x0F,
  0x80, 0x1F, 0x00, 0x07, 0x00, 0x47, 0x00, 0xFE, 0x00, 0xBE, 0x00, 0x7C, 0x00, 0xF0, 0x03, 0xC0,
  0x07, 0x80, 0x07, 0x80, 0x3B, 0x80, 0x07, 0x00, 0x27, 0x00, 0x9E, 0x01, 0xCC, 0x03, 0xF8, 0x02,
  0xF0, 0x07, 0x60, 0x07, 0x00, 0x0F, 0x80, 0x27, 0x00, 0x6F, 0x00, 0x1C, 0x01, 0x78, 0x03, 0xF0,
  0x01, 0xE0, 0x0E, 0xC0, 0x11, 0xC0, 0x3F, 0x00, 0x3C, 0x00, 0x00, 0x00, 0x00, 0x00, 0x20, 0x00,
  0xD0, 0x04, 0x70, 0x0F, 0x00, 0x08, 0x00, 0x1A, 0x00, 0x06, 0x00, 0x86, 0x00, 0xC4, 0x01, 0x18,
  0x38, 0x70, 0xE0, 0xC0, 0x81, 0x00, 0x06, 0x02, 0x18, 0x08, 0x00, 0xC0, 0x40, 0x00, 0x00, 0x06,
  0x02, 0x00, 0x30, 0x10, 0x00, 0x00, 0x00, 0x03, 0x01, 0x00, 0x00, 0x30, 0x10, 0x00, 0x00, 0x00,
  0x03, 0x01, 0x00, 0x00, 0x30, 0x70, 0x0C, 0x00, 0xC6, 0x00, 0x60, 0x0C, 0x00, 0xC6, 0x00, 0x60,
  0x00, 0x30, 0x36, 0x00, 0x03, 0x03, 0x30, 0x30, 0x00, 0x03, 0x03, 0x00, 0x30, 0x03, 0x18, 0x30,
  0x80, 0x01, 0x03, 0x18, 0x30, 0x80, 0x01, 0x03, 0x18, 0x03, 0x00, 0x30, 0xC0, 0x00, 0x03, 0x0C,
  0x00, 0xC0, 0x00, 0x00, 0x0C, 0x80, 0xC1, 0x00, 0x18, 0x0C, 0x80, 0x01, 0x00, 0x00, 0x00, 0x00,
  0x30, 0x00, 0x00, 0x03, 0x00, 0x33, 0x20, 0x30, 0x00, 0x03, 0x03, 0x30, 0x30, 0x0C, 0x03, 0xC3,
  0x10, 0x00, 0x0C, 0x18, 0xC0, 0x80, 0x01, 0x00, 0x18, 0x00, 0x80, 0x01, 0x00, 0x18, 0x06, 0x00,
  0x60, 0x30, 0x00, 0x06, 0x03, 0x00, 0x33, 0x00, 0x30, 0x03, 0x00, 0x03, 0x30, 0x00, 0x00, 0x03,
  0x00, 0x30, 0x00, 0x00, 0x03, 0x18, 0x30, 0x80, 0x01, 0x03, 0x18, 0x00, 0x80, 0x01, 0x00, 0x00,
  0x02, 0x00, 0x30, 0x03, 0x03, 0x33, 0x30, 0x30, 0x00, 0x03, 0x03, 0x00, 0x30, 0x30, 0x00, 0x01,
  0x03, 0x00, 0x30, 0x18, 0x00, 0x83, 0x01, 0x00, 0x18, 0x00, 0x80, 0x01, 0x00, 0x00, 0xC0, 0x00,
  0x00, 0x0C, 0x00, 0xC0, 0x00, 0x03, 0x00, 0x30, 0x00, 0x00, 0x03, 0x03, 0x30, 0x30, 0x00, 0x00,
  0x03, 0x00, 0x00, 0xC0, 0x20, 0x00, 0x0C, 0x03, 0x00, 0x10, 0x30, 0x00, 0x00, 0x03, 0xC0, 0x30,
  0x00, 0xFE, 0xFF, 0xFF, 0xFF, 0xCD, 0xCC, 0xCC, 0xCC, 0x00, 0x00, 0x00, 0x00, 0x06, 0x18, 0x00,
  0x00, 0x80, 0x61, 0x00, 0x00, 0x18, 0x00, 0x00, 0x80, 0x01, 0x06, 0x60, 0x00, 0x00, 0x00, 0xFE,
  0xFF, 0xFF, 0xFF, 0x01, 0x00, 0x00, 0x04, 0x20, 0x44, 0x20, 0x45, 0x22, 0x51, 0x12, 0x11, 0x12,
  0x90, 0x90, 0x80, 0x80, 0x80, 0x80, 0x20, 0x04, 0x22, 0x04, 0x22, 0x04, 0x02, 0x00, 0x00, 0x00,
  0x00, 0xFE, 0xFF, 0xFF, 0xFF, 0xC3, 0xC3, 0xC3, 0xC3, 0x81, 0x81, 0x81, 0x81, 0x81, 0x81, 0x01,
  0x00, 0x00, 0x00, 0x40, 0x00, 0x40, 0x80, 0x40, 0x80, 0x40, 0x40, 0x80, 0x40, 0x80, 0x40, 0x80,
  0x00, 0x00, 0x00, 0x00, 0x00, 0x00, 0x00, 0x01, 0x02, 0x01, 0x02, 0x01, 0x02, 0x03, 0x02, 0x02,
  0x02, 0x02, 0x01, 0x00, 0x01, 0x01, 0x01, 0x01, 0x02, 0x00, 0x02, 0x00, 0x02, 0x00, 0x21, 0x00,
  0x21, 0x00, 0x21, 0x00, 0x10, 0x00, 0x10, 0x00, 0x10, 0x00, 0x10, 0x00, 0x02, 0x00, 0x02, 0x00,
  0x02, 0x00, 0x02, 0x00, 0x02, 0x00, 0x06, 0x00, 0x04, 0x00, 0x04, 0x00, 0x04, 0x00, 0x80, 0x01,
  0x80, 0x01, 0x80, 0x81, 0x80, 0x81, 0x80, 0x41, 0x80, 0x41, 0x80, 0x03, 0xC0, 0x03, 0xC0, 0x03,
  0xC0, 0x07, 0x00, 0xC3, 0x00, 0x60, 0x18, 0x00, 0x0C, 0x03, 0xC0, 0x03, 0x00, 0x48, 0x00, 0x00,
  0x09, 0x00, 0x00, 0x90, 0x02, 0x00, 0x50, 0x80, 0x00, 0x0E, 0x86, 0x84, 0xC0, 0x90, 0x10, 0x18,
  0x7E, 0x00, 0x03, 0x0A, 0x00, 0x40, 0x01, 0x80, 0x09, 0xC0, 0x33, 0x50, 0x48, 0x06, 0x0E, 0x09,
  0x00, 0x00, 0x00, 0xC0, 0x00, 0x40, 0x3C, 0x00, 0x88, 0x94, 0x12, 0x90, 0x52, 0x02, 0x40, 0x7A,
  0x00, 0x78, 0x06, 0x11, 0xC0, 0x20, 0x02, 0x18, 0x7C, 0x00, 0x00, 0x07, 0x00, 0xE0, 0xE8, 0x60,
  0x00, 0x14, 0x0C, 0x80, 0x82, 0x03, 0x50, 0x78, 0x06, 0x00, 0xC1, 0x80, 0x00, 0x00, 0x00, 0x00,
  0x00, 0x00, 0x00, 0x40, 0x00, 0x54, 0x88, 0x02, 0x00, 0x50, 0x00, 0xE0, 0x0F, 0x14, 0x24, 0x80,
  0x82, 0x04, 0x50, 0x90, 0x00, 0x0E, 0x00, 0x80, 0x00, 0x00, 0x10, 0x00, 0x04, 0x03, 0x80, 0x20,
  0x00, 0x03, 0x04, 0x69, 0x00, 0xE0, 0x0D, 0x03, 0x00, 0x60, 0x00, 0x00, 0x1C, 0x20, 0x40, 0x02,
  0xC4, 0x48, 0x00, 0x19, 0x01, 0x40, 0x03, 0x00, 0x08, 0x18, 0x00, 0x18, 0x03, 0x00, 0x03, 0x00,
  0x00, 0x00, 0x00, 0x00, 0x00, 0x00, 0x20, 0x00, 0x00, 0x00, 0x80, 0x21, 0x01, 0x30, 0x08, 0x00,
  0x06, 0x00, 0xC0, 0x40, 0x00, 0x3C, 0x0D, 0x80, 0x64, 0x00, 0x90, 0x00, 0x00, 0x12, 0x02, 0x00,
  0x70, 0x00, 0x00, 0x0A, 0x00, 0x40, 0x08, 0x80, 0x10, 0x01, 0x10, 0x20, 0x00, 0x80, 0x00, 0x00,
  0x00, 0x00, 0x00, 0x00, 0x00, 0x80, 0x00, 0x00, 0x00, 0x00, 0x48, 0x00, 0x00, 0x09, 0x00, 0x20,
  0x01, 0x24, 0x3C, 0x80, 0x04, 0x73, 0xF0, 0x60, 0x0A, 0x0C, 0x40, 0x81, 0x01, 0x00, 0x30, 0x00,
  0x00, 0xC0, 0x00, 0xC0, 0x00, 0xC0, 0x00, 0xC0, 0x00, 0xC0, 0x0C, 0xC0, 0x0C, 0x00, 0x0C, 0x00,
  0x0C, 0x0C, 0xCC, 0x0C, 0xC0, 0x0C, 0xC0, 0x0C, 0xC0, 0x0C, 0xC0, 0xCC, 0x00, 0xC0, 0x00, 0xC0,
  0x00, 0xC0, 0x00, 0xC0, 0x00, 0xC3, 0x0C, 0x03, 0x0C, 0x03, 0x00, 0x03, 0x00, 0x03, 0x30, 0x00,
  0x30, 0x00, 0x30, 0x00, 0x33, 0x00, 0x03, 0x00, 0x03, 0x00, 0x03, 0x03, 0x03, 0x03, 0x03, 0x03,
  0x00, 0x03, 0x00, 0x03, 0x00, 0x03, 0x0C, 0x00, 0x0C, 0x00, 0x0C, 0x00, 0x0C, 0x00, 0x0C, 0x0C,
  0x00, 0x0C, 0x00, 0xCC, 0x00, 0xCC, 0x00, 0xC0, 0xC0, 0xC0, 0xC0, 0xC0, 0xC0, 0xC0, 0xC0, 0xC0,
  0xC0, 0xC0, 0x0C, 0x00, 0x0C, 0x00, 0x0C, 0x00, 0x0C, 0x00, 0x0C, 0x00, 0x08, 0x04, 0x81, 0x20,
  0x10, 0x04, 0x82, 0x40, 0x10, 0x08, 0xFE, 0x01, 0x24, 0x80, 0x24, 0x10, 0x04, 0x82, 0x7F, 0x10,
  0x08, 0x02, 0x41, 0x20, 0x08, 0xF0, 0x01, 0x22, 0x41, 0x20, 0x08, 0x04, 0x81, 0x20, 0x1E, 0x3F,
  0x22, 0x40, 0x04, 0x88, 0x00, 0x11, 0x22, 0x42, 0x40, 0x08, 0x08, 0x01, 0x3F, 0x20, 0x04, 0x84,
  0x90, 0x10, 0x02, 0x42, 0xC0, 0x0F, 0x48, 0x01, 0x28, 0x08, 0xFD, 0xA1, 0x20, 0x04, 0x84, 0x80,
  0x00, 0x10, 0x00, 0x02, 0x40, 0x00, 0x08, 0x04, 0xF9, 0xF8, 0x10, 0x00, 0x02, 0x50, 0x80, 0xFB,
  0x5F, 0x01, 0x22, 0x40, 0x00, 0x08, 0x00, 0x01, 0x20, 0x00, 0x04, 0x80, 0x00, 0xF0, 0x83, 0x08,
  0x88, 0x90, 0x08, 0x89, 0x10, 0xFF, 0x01, 0x10, 0x00, 0x01, 0x10, 0xC4, 0x4F, 0x04, 0x44, 0xC0,
  0x07, 0x04, 0x42, 0x20, 0x04, 0xF2, 0xBF, 0x00, 0x08, 0x80, 0x00, 0x08, 0xF0, 0x20, 0x01, 0x12,
  0x28, 0x81, 0xFE, 0x28, 0x80, 0x02, 0xF8, 0x01, 0x10, 0x00, 0x41, 0xF4, 0x44, 0x48, 0x84, 0xC7,
  0x0F, 0x04, 0x40, 0x80, 0x1F, 0x08, 0x80, 0x00, 0x08, 0xF0, 0x23, 0x01, 0x12, 0x20, 0x79, 0x0E,
  0x24, 0x40, 0x42, 0x3C, 0x44, 0x40, 0x04, 0xFC, 0x4F, 0x00, 0x04, 0x40, 0x00, 0x3F, 0x0A, 0xA0,
  0x00, 0x0A, 0xE4, 0x40, 0x02, 0x24, 0xC0, 0x03, 0x00, 0x00, 0xF0, 0xFF, 0xC0, 0x00, 0x03, 0x3C,
  0x3C, 0xC0, 0xFF, 0x03, 0xFE, 0x7F, 0xF1, 0x0E, 0xFF, 0x87, 0xE2, 0x38, 0xE0, 0x80, 0x00, 0x08,
  0x0E, 0x80, 0x2F, 0x02, 0x42, 0x32, 0x20, 0xA5, 0x01, 0x1E, 0x4E, 0x20, 0x01, 0x04, 0x82, 0xF0,
  0xE9, 0xC8, 0xD1, 0xC8, 0x00, 0x87, 0xF4, 0xC0, 0xCF, 0x4A, 0x10, 0xA0, 0x04, 0x10, 0x60, 0x00,
  0x01, 0x83, 0x19, 0x10, 0x92, 0x00, 0x2F, 0x0F, 0x80, 0x03, 0x80, 0x08, 0x10, 0xF8, 0x00, 0x07,
  0x60, 0x41, 0xF0, 0xD2, 0x04, 0x39, 0xC7, 0x1E, 0x40, 0x25, 0x01, 0x7C, 0xC2, 0x00, 0xF1, 0xE4,
  0x01, 0x41, 0xF2, 0x10, 0x07, 0xF8, 0x18, 0xE0, 0xE0, 0x00, 0x00, 0x02, 0x00, 0x67, 0x0F, 0x58,
  0x94, 0x80, 0x04, 0x09, 0x4C, 0x83, 0x50, 0xEC, 0x18, 0x15, 0x02, 0x1C, 0x27, 0x51, 0x51, 0x1F,
  0x07, 0x8C, 0x10, 0x08, 0x08, 0xC0, 0x00, 0x00, 0x04, 0x70, 0x80, 0xF9, 0xC0, 0x71, 0xC0, 0x01,
  0xC0, 0x00, 0x80, 0x00, 0x00, 0x08, 0x07, 0x9C, 0x0F, 0x1C, 0x07, 0x1C, 0x00, 0x08, 0x80, 0x01,
  0xC0, 0x01, 0xCE, 0x39, 0xDF, 0x7C, 0x8E, 0x38, 0x00, 0x00, 0x00, 0xC0, 0x01, 0xE0, 0x03, 0xC0,
  0x01, 0x00, 0x00, 0x00, 0x00, 0x38, 0x40, 0x7C, 0xE0, 0x38, 0xE7, 0x80, 0xEF, 0x00, 0x47, 0x00,
  0x00, 0x00, 0x07, 0x80, 0x0F, 0x38, 0x07, 0x7C, 0x00, 0x38, 0x00, 0x01, 0x00, 0x03, 0x80, 0x03,
  0x80, 0x3B, 0x80, 0x7D, 0x00, 0x38, 0x07, 0x80, 0x0F, 0x00, 0x07, 0x00, 0x00, 0x00, 0x00, 0x38,
  0x00, 0x7C, 0x00, 0x38, 0x80, 0x01, 0xC0, 0x01, 0xC0, 0x01, 0xC0, 0x00, 0x80, 0xC0, 0x01, 0xE0,
  0x03, 0xC0, 0x01, 0x00, 0x00, 0x00, 0x00, 0x00, 0x00, 0x00, 0x00, 0x80, 0x03, 0xC0, 0x47, 0x80,
  0xE3, 0x00, 0xE0, 0x00, 0xE0, 0x00, 0x40, 0x00, 0x00, 0x80, 0x03, 0xC0, 0x07, 0x80, 0x03, 0xC3,
  0x03, 0xCB, 0x01, 0xDB, 0x08, 0x1A, 0x0C, 0x10, 0x0E, 0x00, 0x8E, 0x00, 0xC0, 0x1C, 0xE0, 0x1C,
  0xF0, 0xDC, 0x03, 0x80, 0x03, 0x00, 0x03, 0x20, 0x30, 0x31, 0xB0, 0x33, 0x90, 0x33, 0x80, 0x33,
  0x83, 0x10, 0x03, 0x10, 0x07, 0x00, 0xCF, 0x00, 0xC0, 0x01, 0xC0, 0x0D, 0x80, 0x1C, 0x00, 0xDC,
  0x10, 0xDE, 0x33, 0x8E, 0x37, 0x00, 0x36, 0x00, 0x16, 0x63, 0x80, 0x63, 0x80, 0x7B, 0xB0, 0x78,
  0x38, 0x18, 0x38, 0x00, 0x78, 0x00, 0x73, 0xC0, 0x03, 0xC8, 0x01, 0xDB, 0x91, 0x1B, 0x98, 0x39,
  0x98, 0x39, 0x80, 0x18, 0x03, 0x88, 0x03, 0xC3, 0x03, 0xE3, 0x01, 0x03, 0x80, 0x01, 0x80, 0x81,
  0x81, 0x99, 0x01, 0x9C, 0x27, 0x1C, 0x37, 0x18, 0x70, 0x00, 0x60, 0x07, 0x06, 0x87, 0x0F, 0x83,
  0x0F, 0x82, 0x03, 0x80, 0x00, 0x00, 0x00, 0x00, 0x40, 0x40, 0xC0, 0xC1, 0xC0, 0xE1, 0xC0, 0xE0,
  0xC0, 0x00, 0x04, 0x0C, 0x1E, 0x0E, 0x1E, 0x0E, 0x0E, 0x1C, 0x06, 0x18, 0x06, 0x00, 0x00, 0x02,
  0x00, 0x07, 0x38, 0x0E, 0x3C, 0x0E, 0x0C, 0x1C, 0x00, 0x3C, 0x00, 0x30, 0x03, 0x30, 0x03, 0x80,
  0x03, 0x80, 0x01, 0x80, 0x01, 0x80, 0x01, 0x00, 0x01, 0xCC, 0x00, 0xCC, 0x00, 0xCC, 0x00, 0xCC,
  0x00, 0xCF, 0x00, 0xC3, 0x00, 0xC3, 0x00, 0x03, 0x03, 0x03, 0x03, 0x33, 0xC3, 0x33, 0xC3, 0x33,
  0xC3, 0x33, 0xC3, 0x33, 0xC3, 0x33, 0xCF, 0x33, 0x0F, 0x33, 0x0F, 0x33, 0x0F, 0x3F, 0x3F, 0x3F,
  0x3C, 0xFF, 0x3C, 0xFF, 0x30, 0xFF, 0x30, 0x33, 0xF0, 0x33, 0xF0, 0x30, 0xF3, 0x30, 0xF3, 0x30,
  0x33, 0x30, 0x33, 0xF3, 0x33, 0xF3, 0x33, 0xF3, 0x33, 0xC3, 0x3F, 0xC3, 0x3F, 0x03, 0x3F, 0x33,
  0x3F, 0x3F, 0x33, 0x3F, 0x33, 0x3F, 0x33, 0x3F, 0x33, 0x33, 0xF3, 0x33, 0xF3, 0x33, 0xF3, 0x33,
  0xF3, 0x03, 0xF3, 0x03, 0xF3, 0x03, 0x03, 0x33, 0x00, 0xF3, 0x03, 0xF3, 0x03, 0xF3, 0x3F, 0xF3,
  0x3F, 0xFF, 0x3F, 0xFC, 0x3F, 0x3C, 0x3F, 0x3C, 0x33, 0x3C, 0x33, 0x3C, 0x33, 0x30, 0xF3, 0x30,
  0xF3, 0x30, 0xF3, 0x30, 0xF3, 0x33, 0xF3, 0x33, 0x33, 0xF3, 0x33, 0xF3, 0x33, 0xF3, 0x33, 0xF3,
  0x33, 0xF3, 0x33, 0x33, 0x33, 0x33, 0x33, 0x33, 0x3F, 0x33, 0x3F, 0x03, 0x3F, 0x0F, 0x3F, 0x3F,
  0x3F, 0x3F, 0x3F, 0x3F, 0x33, 0xFF, 0x33, 0xF3, 0x33, 0xF3, 0x30, 0xF3, 0x00, 0xC3, 0x00, 0x03,
  0x04, 0x10, 0x20, 0x80, 0x00, 0x03, 0x04, 0x90, 0x00, 0x02, 0x08, 0x30, 0x40, 0x00, 0x01, 0x04,
  0x0A, 0x2C, 0x90, 0x60, 0x83, 0x04, 0x13, 0x04, 0x02, 0x08, 0x20, 0x80, 0x01, 0x04, 0x10, 0xC0,
  0x00, 0x02, 0x28, 0x80, 0x00, 0x06, 0x10, 0xC0, 0x00, 0x22, 0x88, 0x00, 0x03, 0x04, 0x10, 0x20,
  0x80, 0x00, 0x03, 0x04, 0x10, 0x40, 0x00, 0x08, 0x20, 0xC4, 0x10, 0x61, 0x84, 0x08, 0x33, 0x44,
  0x10, 0x00, 0x00, 0x00, 0x20, 0x80, 0x00, 0x03, 0x04, 0x18, 0x20, 0xC0, 0x00, 0x01, 0x00, 0x00,
  0x00, 0x02, 0x08, 0x60, 0x00, 0x01, 0x0C, 0x20, 0x80, 0x00, 0x00, 0x00, 0x00, 0x20, 0x80, 0x00,
  0x06, 0x10, 0xC0, 0x00, 0x7A, 0xE0, 0x00, 0xCF, 0x1C, 0xE0, 0xF1, 0x1F, 0x7E, 0x00, 0x3E, 0x18,
  0x00, 0x00, 0x3E, 0x73, 0x00, 0x7C, 0x0E, 0x00, 0xCE, 0x81, 0x01, 0xBF, 0x31, 0x80, 0xEF, 0x06,
  0x00, 0xFC, 0x00, 0x80, 0x3D, 0x18, 0x00, 0xFC, 0x03, 0x81, 0x71, 0x38, 0x30, 0x18, 0x07, 0x00,
  0xFE, 0x1D, 0x80, 0xE1, 0x07, 0x33, 0x8C, 0x67, 0x86, 0x81, 0xCF, 0x00, 0xC0, 0x1F, 0x00, 0x80,
  0x03, 0x00, 0xC0, 0x3C, 0x1F, 0xF0, 0xFD, 0x03, 0x30, 0xFE, 0xF0, 0x06, 0xF0, 0xBF, 0x05, 0xFC,
  0xE0, 0x00, 0x00, 0x1C, 0x00, 0x80, 0x16, 0x00, 0x90, 0xC3, 0x01, 0x60, 0x38, 0x00, 0x18, 0x87,
  0x01, 0xEE, 0x30, 0xC0, 0x7F, 0xDE, 0x19, 0xF8, 0x3E, 0x00, 0xC7, 0x07, 0x00, 0x88, 0x3B, 0x00,
  0xC0, 0x67, 0x00, 0x80, 0x0F, 0x18, 0xC0, 0x4F, 0x03, 0xC3, 0x7F, 0x60, 0x18, 0xFE, 0x0D, 0x00,
  0xF8, 0x01, 0x00, 0xE3, 0x00, 0x60, 0xF8, 0x30, 0x00, 0x71, 0x07, 0x20, 0xFC, 0x01, 0x80, 0xE6,
  0x0C, 0x00, 0xB8, 0x0D, 0x00, 0xBD, 0x01, 0x00, 0x3C, 0x02, 0x00, 0x7C, 0x00, 0x00, 0x0C, 0x70,
  0x00, 0x28, 0x00, 0x14, 0x00, 0x0E, 0x00, 0x00, 0x00, 0x00, 0xC0, 0x01, 0xA0, 0x00, 0x10, 0x00,
  0x00, 0x00, 0x20, 0xC0, 0x11, 0xA0, 0x08, 0x50, 0x1C, 0x38, 0x00, 0x00, 0x00, 0x80, 0x03, 0x40,
  0x01, 0xE4, 0x00, 0x02, 0x00, 0x05, 0x80, 0x03, 0x00, 0x30, 0x1C, 0x08, 0x0A, 0x04, 0x01, 0x82,
  0x1C, 0x43, 0x0A, 0x00, 0x05, 0x00, 0x02, 0x07, 0x81, 0x02, 0x40, 0x01, 0x20, 0x00, 0x10, 0x60,
  0x08, 0x10, 0x00, 0x08, 0x00, 0x14, 0x00, 0x0E, 0x00, 0x20, 0x00, 0x10, 0xC0, 0x09, 0x80, 0x04,
  0x40, 0x03, 0x20, 0x00, 0x10, 0x00, 0x00, 0xC0, 0x00, 0x40, 0x00, 0x20, 0x00, 0x10, 0x00, 0x00,
  0x00, 0x00, 0x00, 0x00, 0x00, 0x00, 0x00, 0x07, 0x80, 0x02, 0x40, 0x80, 0x0F, 0x81, 0x07, 0x01,
  0x27, 0x09, 0x23, 0x39, 0x40, 0x12, 0x08, 0x06, 0x98, 0x2C, 0x39, 0x41, 0x38, 0x41, 0x30, 0x00,
  0x02, 0x60, 0x03, 0x2C, 0x53, 0x02, 0xC0, 0x00, 0xE0, 0xB1, 0xC0, 0x64, 0x02, 0x24, 0x09, 0x82,
  0x19, 0x10, 0x18, 0x01, 0x38, 0x00, 0x00, 0xA6, 0x04, 0x30, 0x23, 0x10, 0x00, 0x00, 0x80, 0x01,
  0x82, 0x09, 0x11, 0x23, 0x0D, 0x24, 0x20, 0x00, 0x30, 0x18, 0x31, 0x90, 0x60, 0x01, 0x40, 0x02,
  0x00, 0x01, 0x00, 0x88, 0x08, 0x0C, 0x1F, 0x00, 0x90, 0x01, 0x00, 0xE6, 0x40, 0x40, 0x10, 0x00,
  0x24, 0x02, 0x0B, 0x87, 0x41, 0x46, 0x40, 0x2E, 0x80, 0x08, 0x31, 0x00, 0x0C, 0x20, 0x03, 0x20,
  0x40, 0x01, 0xC9, 0x80, 0x08, 0x60, 0x80, 0x14, 0x02, 0x41, 0x06, 0x00, 0x18, 0xC0, 0x00, 0x33,
  0x1B, 0x00, 0x66, 0xC0, 0x00, 0x00, 0xD8, 0x00, 0x18, 0x18, 0x18, 0x03, 0x30, 0x03, 0x00, 0x06,
  0x80, 0x01, 0x00, 0x30, 0x00, 0x00, 0x00, 0x18, 0x00, 0x00, 0x83, 0xC1, 0x00, 0x30, 0xD8, 0x00,
  0x00, 0x18, 0x0C, 0x00, 0x80, 0x31, 0x00, 0x00, 0x36, 0xC0, 0x00, 0x86, 0x19, 0x00, 0x30, 0xC0,
  0x00, 0x00, 0x18, 0x00, 0x00, 0x00, 0x03, 0x00, 0x63, 0x0C, 0xE0, 0x81, 0x01, 0x30, 0x00, 0x00,
  0x00, 0x00, 0x06, 0x00, 0xC0, 0x00, 0x03, 0x00, 0x60, 0x00, 0x00, 0x00, 0x80, 0x01, 0x00, 0x30,
  0x00, 0x00, 0x00, 0x18, 0x18, 0x02, 0x03, 0x63, 0x00, 0x00, 0xC4, 0x30, 0x00, 0x18, 0x06, 0x03,
  0x00, 0x6C, 0x00, 0x80, 0x01, 0x00, 0x00, 0x30, 0x00, 0x00, 0x06, 0x18, 0x00, 0x00, 0x63, 0x00,
  0x00, 0x0C, 0x00, 0x00, 0xC0, 0x00, 0x00, 0x18, 0x00, 0x60, 0x18, 0x03, 0x0C, 0x63, 0x0C, 0x00,
  0x80, 0x01, 0x00, 0x00, 0xC0, 0x8C, 0x01, 0x9B, 0x31, 0x60, 0x00, 0x60, 0x00, 0x18, 0x0C, 0x00,
  0x03, 0x00, 0x00, 0xC0, 0x00, 0x00, 0x18, 0x00, 0x00, 0x00, 0x83, 0x01, 0x60, 0x30, 0x18, 0x00,
  0x00, 0xFF, 0x91, 0xC8, 0x3F, 0xF0, 0x89, 0xF8, 0x07, 0x4A, 0xA4, 0x7F, 0x90, 0xF1, 0x3F, 0xB1,
  0xD2, 0x88, 0x3F, 0x91, 0x48, 0xFC, 0x07, 0x26, 0x36, 0xD0, 0x1F, 0xA0, 0x54, 0x02, 0xFE, 0x22,
  0x62, 0x42, 0xF2, 0x07, 0xBD, 0x52, 0x89, 0xBF, 0xC1, 0xFC, 0x87, 0xC5, 0x8E, 0x43, 0x0D, 0xE6,
  0x0F, 0xF4, 0x02, 0xFF, 0x9C, 0xB0, 0xE3, 0x4F, 0x81, 0x0A, 0x15, 0x7F, 0x95, 0x0A, 0x01, 0x24,
  0x12, 0xFF, 0xFF, 0xFF, 0x01, 0x00, 0x20, 0x00, 0x00, 0x1C, 0x00, 0x00, 0x0C, 0x00, 0x80, 0x01,
  0x00, 0x20, 0x00, 0x00, 0x1C, 0x00, 0x00, 0x0C, 0x00, 0x00, 0x06, 0x00, 0xC0, 0x00, 0x00, 0x18,
  0x00, 0x00, 0x02, 0x00, 0xC0, 0x01, 0x00, 0xC0, 0x00, 0x00, 0x60, 0x00, 0x00, 0x30, 0x00, 0x00,
  0x06, 0x00, 0xC0, 0x00, 0x00, 0x18, 0x00, 0x00, 0x02, 0x00, 0xC0, 0x01, 0x00, 0xC0, 0x00, 0x00,
  0x60, 0x00, 0x00, 0x30, 0x00, 0x00, 0x18, 0x00, 0x00, 0x03, 0x00, 0x60, 0x00, 0x00, 0x0C, 0x00,
  0x80, 0x01, 0x00, 0x20, 0x00, 0x00, 0x1C, 0x00, 0x00, 0x0C, 0x00, 0x00, 0x06, 0x00, 0x00, 0x03,
  0x00, 0x80, 0x01, 0x00, 0xC0, 0x00, 0x00, 0x18, 0x00, 0x00, 0x03, 0x00, 0x60, 0x00, 0x00, 0x0C,
  0x00, 0x80, 0x01, 0x00, 0x20, 0x00, 0x00, 0x1C, 0x00, 0x00, 0x0C, 0x00, 0x00, 0x06, 0x00, 0x00,
  0x03, 0x00, 0x80, 0x01, 0x00, 0xC0, 0x00, 0x00, 0x60, 0x00, 0x00, 0x0C, 0x00, 0x80, 0x01, 0x00,
  0x30, 0x00, 0x00, 0x06, 0x00, 0xC0, 0x00, 0x00, 0x18, 0x00, 0x00, 0x02, 0x00, 0xC0, 0xFF, 0xFF,
  0xFF, 0xFF, 0xFF, 0x00, 0x01, 0x06, 0x0E, 0x34, 0x6C, 0x98, 0x19, 0x33, 0x3C, 0x78, 0x60, 0xC0,
  0xC0, 0x83, 0x87, 0x19, 0x33, 0xC3, 0x86, 0x07, 0x0E, 0x1C, 0x38, 0xD0, 0xB0, 0x61, 0x66, 0xCC,
  0xF0, 0xE0, 0x81, 0x01, 0x03, 0x0F, 0x1E, 0x66, 0xCC, 0xFE, 0xFF, 0x97, 0x24, 0x49, 0x92, 0x24,
  0x49, 0x92, 0x92, 0x24, 0x49, 0x92, 0x84, 0x24, 0x49, 0x49, 0x92, 0x92, 0x24, 0x21, 0x49, 0x32,
  0x49, 0x12, 0x49, 0x92, 0x48, 0x92, 0xB4, 0x6D, 0x5B, 0x92, 0x24, 0x92, 0x24, 0x25, 0x49, 0x22,
  0x49, 0xF2, 0xFF, 0x7F, 0x00, 0x00, 0xB6, 0x6D, 0xDB, 0xB6, 0x0D, 0x00, 0x00, 0x00, 0x00, 0xDA,
  0xB6, 0x6D, 0xDB, 0x16, 0x00, 0x00, 0x00, 0x00, 0x6C, 0xDB, 0xB6, 0x6D, 0x1B, 0x00, 0x00, 0x00,
  0x00, 0x92, 0x24, 0x91, 0x24, 0x09, 0x00, 0x00, 0x49, 0x92, 0x48, 0x92, 0x04, 0x00, 0x80, 0x24,
  0xC9, 0x24, 0x49, 0x00, 0x00, 0x48, 0x92, 0x44, 0x92, 0x24, 0x00, 0x00, 0xFE, 0xFF, 0xFF, 0xFF,
  0xFF, 0x83, 0x10, 0x30, 0x10, 0x0E, 0x8C, 0x03, 0xC1, 0x11, 0x1E, 0x18, 0x41, 0x00, 0xE0, 0x30,
  0xE0, 0x10, 0x08, 0x14, 0x02, 0x0D, 0x81, 0x60, 0x21, 0x18, 0x20, 0x88, 0x00, 0x82, 0x19, 0x40,
  0x08, 0x01, 0x06, 0xC7, 0x20, 0x80, 0x30, 0x02, 0x08, 0xC4, 0x00, 0x01, 0x71, 0x40, 0x60, 0x18,
  0x0C, 0x30, 0x1A, 0x00, 0xCC, 0x1A, 0x00, 0x41, 0x05, 0x18, 0xCC, 0x00, 0xE1, 0x04, 0x20, 0x84,
  0x00, 0xE3, 0x70, 0x20, 0x06, 0x0A, 0x43, 0x00, 0x31, 0x08, 0x30, 0x82, 0x01, 0xC1, 0x18, 0x20,
  0x10, 0x01, 0x84, 0x13, 0x80, 0x10, 0x02, 0x70, 0x62, 0x00, 0x8A, 0x02, 0x00, 0x91, 0x00, 0x30,
  0x11, 0x00, 0x62, 0x02, 0x40, 0x88, 0x01, 0x08, 0x62, 0x80, 0x60, 0x10, 0x30, 0x06, 0x02, 0x4E,
  0x40, 0x00, 0x31, 0x06, 0x30, 0x44, 0x00, 0x87, 0x10, 0xE0, 0xFF, 0xFF, 0x07, 0x00, 0x00, 0x40,
  0x14, 0x50, 0x88, 0x42, 0x2A, 0x04, 0x09, 0x94, 0x24, 0x00, 0x8A, 0x00, 0x00, 0x05, 0x52, 0x88,
  0x42, 0x4A, 0x41, 0x01, 0x08, 0xA0, 0x00, 0x48, 0x50, 0x40, 0x89, 0xA8, 0x08, 0x10, 0x54, 0x90,
  0x00, 0x28, 0x92, 0x00, 0x14, 0x50, 0x00, 0x0A, 0x28, 0x0A, 0x05, 0x54, 0x81, 0x02, 0x02, 0x42,
  0x81, 0x48, 0xA1, 0x10, 0xA1, 0x50, 0x00, 0x10, 0xC8, 0xFF, 0xFF, 0xFF, 0x00, 0x00, 0x00, 0x02,
  0x40, 0x00, 0x87, 0xE0, 0x60, 0xC2, 0x41, 0x30, 0x80, 0x08, 0x22, 0x00, 0x1C, 0x07, 0x01, 0x08,
  0x82, 0x43, 0x00, 0x00, 0xE1, 0x80, 0x00, 0x40, 0xC4, 0x09, 0x08, 0x8E, 0x1C, 0x1C, 0x04, 0x48,
  0x88, 0x00, 0xC0, 0xC0, 0x01, 0x60, 0x80, 0x00, 0x01, 0x04, 0x88, 0x03, 0x4E, 0x1C, 0x11, 0xE4,
  0x08, 0x38, 0x40, 0x00, 0x10, 0x10, 0x00, 0x82, 0x38, 0x20, 0xC7, 0x11, 0x70, 0x82, 0x00, 0x21,
  0x08, 0x82, 0x03, 0x1C, 0x07, 0x01, 0x08, 0x02, 0x10, 0x00, 0x40, 0x38, 0x00, 0xE0, 0x10, 0x02,
  0x42, 0x00, 0x07, 0x07, 0x01, 0x02, 0x82, 0x23, 0x60, 0x10, 0x71, 0x30, 0x38, 0x20, 0x20, 0x10,
  0x00, 0x02, 0x01, 0x02, 0x87, 0x03, 0x07, 0x02, 0x01, 0x22, 0x00, 0x10, 0x70, 0x08, 0x38, 0x20,
  0x1C, 0x90, 0x00, 0x48, 0xC0, 0x01, 0xC1, 0x88, 0x90, 0x63, 0x1C, 0x38, 0x01, 0x08, 0x10, 0x00,
  0x80, 0x00, 0x08, 0xC1, 0x41, 0x9C, 0x83, 0xE0, 0x08, 0x11, 0x40, 0x40, 0x38, 0x04, 0xC2, 0x10,
  0x0E, 0x67, 0x00, 0x04, 0x02, 0x42, 0x00, 0x00, 0xE7, 0x20, 0x08, 0x42, 0x70, 0x1C, 0x00, 0x20,
  0x48, 0x00, 0x02, 0xC0, 0x10, 0x07, 0x61, 0x38, 0x82, 0x03, 0x10, 0x10, 0x01, 0x01, 0x38, 0x80,
  0x83, 0x10, 0x00, 0xC9, 0x01, 0x08, 0x9C, 0x20, 0x5C, 0x08, 0x71, 0xC8, 0x80, 0x23, 0x60, 0x00,
  0x01, 0x01, 0x20, 0x80, 0x03, 0x71, 0x10, 0x81, 0x23, 0x38, 0x04, 0x01, 0x10, 0x4E, 0x08, 0x01,
  0xC4, 0x9C, 0x83, 0x60, 0x08, 0xC1, 0x01, 0x00, 0x80, 0x00, 0x02, 0x04, 0x08, 0x27, 0x0E, 0x1C,
  0x72, 0x04, 0x08, 0x20, 0x80, 0x40, 0x00, 0xC0, 0xC1, 0x08, 0x82, 0x60, 0x1C, 0x07, 0x00, 0x08,
  0x02, 0x02, 0x21, 0x08, 0x87, 0x73, 0x1C, 0x02, 0x21, 0x89, 0x10, 0x88, 0xC3, 0x39, 0x1C, 0x81,
  0x10, 0x08, 0x00, 0x00, 0x00, 0x00, 0xC0, 0xFF, 0xFF, 0xFF, 0xFF, 0x1F, 0x00, 0x10, 0x64, 0x68,
  0x26, 0x22, 0x40, 0x00, 0x30, 0x26, 0x03, 0x1A, 0x21, 0x00, 0x18, 0x00, 0x20, 0x33, 0xB0, 0x90,
  0x01, 0x80, 0x80, 0x01, 0x44, 0x04, 0x03, 0x16, 0x00, 0x18, 0x26, 0x20, 0x99, 0x19, 0x40, 0x00,
  0x00, 0x48, 0xC6, 0x36, 0x22, 0x00, 0x00, 0x24, 0x33, 0x33, 0x09, 0x00, 0x30, 0xC6, 0x08, 0x4A,
  0x20, 0x8C, 0x18, 0x60, 0xC0, 0xC4, 0x28, 0x46, 0x06, 0xF0, 0xFF, 0x07, 0x00, 0x88, 0x83, 0x8C,
  0x61, 0x8E, 0x38, 0x00, 0x00, 0x80, 0xA0, 0x63, 0xCE, 0x38, 0x27, 0x9E, 0x41, 0x40, 0x30, 0x00,
  0x1C, 0x07, 0x8F, 0x39, 0x50, 0x98, 0x0C, 0x68, 0x07, 0x38, 0xE0, 0x00, 0x30, 0xC0, 0x09, 0xC7,
  0xA0, 0x41, 0x58, 0x82, 0x0E, 0x63, 0x80, 0x3B, 0x18, 0x00, 0x87, 0x83, 0xC9, 0xC8, 0x26, 0xA6,
  0x83, 0x03, 0x00, 0xE0, 0xFF, 0xFF, 0xFF, 0x07, 0x00, 0xEC, 0x97, 0xE7, 0x9B, 0xE7, 0x1D, 0xE7,
  0x1E, 0x67, 0xBF, 0xA7, 0x0F, 0x00, 0xF8, 0xFF, 0xDB, 0xB6, 0x49, 0x92, 0x00, 0x80, 0x24, 0xC9,
  0xB6, 0xED, 0xFF, 0x0F, 0x00, 0xF8, 0xFF, 0xFF, 0xFF, 0x0F, 0x00, 0x00, 0x00, 0x00, 0x03, 0x0E,
  0x04, 0xA8, 0x33, 0xB8, 0x8A, 0x20, 0x2E, 0x83, 0x80, 0x03, 0x0E, 0xE0, 0x20, 0x80, 0xF6, 0x00,
  0x73, 0x80, 0x03, 0x00, 0x02, 0xE0, 0x38, 0xE0, 0x86, 0x86, 0x10, 0x93, 0xC3, 0xC7, 0x03, 0x00,
  0x00, 0x00, 0x00, 0x9C, 0x1C, 0xD0, 0x4A, 0x70, 0x3A, 0x67, 0x08, 0x90, 0x20, 0xC0, 0xE3, 0x10,
  0x80, 0x70, 0x00, 0x63, 0x07, 0x84, 0x70, 0x18, 0x03, 0x3F, 0x44, 0x00, 0xF0, 0x01, 0x00, 0x1C,
  0xF0, 0xC3, 0x41, 0x08, 0xE4, 0x39, 0x9C, 0x20, 0x18, 0x86, 0x37, 0x10, 0x30, 0x78, 0x00, 0x20,
  0x00, 0xEC, 0x1C, 0xEC, 0xD0, 0x11, 0x40, 0x44, 0xE0, 0xF1, 0xF1, 0x00, 0x40, 0x00, 0xC0, 0xFF,
  0xFF, 0x55, 0x55, 0xFD, 0xFF, 0xAF, 0xAA, 0xEA, 0xFF, 0xFF, 0x00, 0x00, 0x0C, 0x9C, 0xE0, 0x50,
  0x06, 0x66, 0x71, 0x90, 0x0C, 0x0B, 0x22, 0x60, 0x00, 0x02, 0x41, 0x0C, 0xC6, 0x99, 0x8D, 0x31,
  0x0C, 0x62, 0x00, 0x88, 0x00, 0x03, 0xC0, 0x1A, 0x00, 0x09, 0x70, 0xBC, 0x71, 0x05, 0x6C, 0x70,
  0x00, 0x00, 0xF0, 0xFF, 0xFF, 0xFF, 0xFF, 0x00, 0x00, 0x40, 0x44, 0x38, 0x32, 0xA6, 0x91, 0x23,
  0x9C, 0x18, 0xC7, 0xC8, 0x61, 0x4E, 0x0C, 0x62, 0xE4, 0x31, 0x27, 0x1E, 0x31, 0xC2, 0x98, 0x53,
  0x8E, 0x18, 0x62, 0xCC, 0x21, 0x47, 0x3C, 0x31, 0xA6, 0x88, 0x21, 0x00, 0x00, 0xFC, 0xFF, 0x0F,
  0x00, 0xC0, 0x60, 0x08, 0x99, 0x31, 0x63, 0x70, 0x04, 0x30, 0x4C, 0x40, 0x90, 0xE1, 0x60, 0xA2,
  0x00, 0xC0, 0x98, 0xC3, 0x61, 0x03, 0x01, 0x00, 0x01, 0x1C, 0x06, 0x1C, 0x0C, 0x1C, 0x0E, 0x1C,
  0x04, 0x18, 0x90, 0x0D, 0x00, 0x36, 0x00, 0x00, 0xFF, 0xFF, 0x03, 0x00, 0x00, 0x01, 0x00, 0x0E,
  0x84, 0x71, 0x38, 0x8F, 0xC0, 0x19, 0x00, 0x02, 0x00, 0x00, 0x00, 0x08, 0x40, 0x70, 0x98, 0xE3,
  0x30, 0x1C, 0xE1, 0x20, 0x00, 0x01, 0x00, 0x00, 0x08, 0x40, 0x70, 0x08, 0x83, 0x73, 0x1E, 0xE4,
  0x20, 0x00, 0x01, 0x00, 0x00, 0xFF, 0xFF, 0xFF, 0xFF, 0x3F, 0x00, 0x00, 0xCC, 0x01, 0x62, 0x28,
  0x72, 0x01, 0x73, 0x34, 0x60, 0x08, 0x01, 0xC0, 0x81, 0x00, 0x64, 0xDC, 0x04, 0x43, 0xE6, 0x20,
  0x51, 0x10, 0x9C, 0x21, 0x83, 0x10, 0x16, 0x00, 0x30, 0x10, 0x00, 0xC0, 0x11, 0x04, 0x88, 0x73,
  0x03, 0x20, 0x92, 0x40, 0x10, 0x1C, 0x8C, 0x41, 0x10, 0x30, 0x02, 0x03, 0xE8, 0xD8, 0xC4, 0x24,
  0x46, 0x00, 0x46, 0x4C, 0x00, 0x40, 0x2F, 0x00, 0x00, 0xF3, 0x00, 0x24, 0x82, 0xC0, 0x42, 0x1C,
  0x00, 0x8F, 0x50, 0x00, 0x14, 0x02, 0x00, 0x70, 0x14, 0x00, 0x82, 0x21, 0x04, 0x35, 0x41, 0x18,
  0x18, 0x0E, 0xB0, 0x02, 0x19, 0x02, 0x02, 0x0D, 0x00, 0x28, 0x18, 0x00, 0x20, 0xB9, 0x00, 0x03,
  0x85, 0xA0, 0x21, 0x14, 0x84, 0x40, 0x01, 0x4C, 0x92, 0x01, 0x0C, 0x08, 0x0E, 0x00, 0x80, 0xC4,
  0xD8, 0x80, 0x04, 0x03, 0x1C, 0x10, 0x00, 0x22, 0x60, 0x00, 0x02, 0xB5, 0x60, 0x18, 0x19, 0x29,
  0x42, 0x30, 0x36, 0x66, 0x08, 0x88, 0xC5, 0x82, 0x11, 0x60, 0x00, 0x20, 0x70, 0x04, 0x0B, 0x6C,
  0xD8, 0xE1, 0x00, 0x30, 0x05, 0x01, 0x00, 0x30, 0x86, 0x90, 0x45, 0x8C, 0x01, 0x00, 0xC0, 0xFF,
  0xFF, 0xFF, 0xFF, 0xBF, 0x01, 0x00, 0x18, 0x00, 0x00, 0x00, 0x00, 0x00, 0x00, 0x18, 0x18, 0x80,
  0x89, 0x01, 0x04, 0xE1, 0x0C, 0x30, 0xC8, 0x10, 0x01, 0xC0, 0x2B, 0xE3, 0x10, 0x28, 0x18, 0x80,
  0x0A, 0xC0, 0x81, 0x00, 0x09, 0x38, 0x82, 0x10, 0xAA, 0x98, 0x81, 0x46, 0x8C, 0x49, 0x00, 0x8C,
  0x00, 0x00, 0x04, 0x7C, 0x00, 0x08, 0xC3, 0x13, 0x01, 0x11, 0x91, 0x40, 0x11, 0x00, 0x01, 0x01,
  0x10, 0xC4, 0x38, 0x4F, 0x18, 0x01, 0x04, 0x30, 0xC7, 0xB1, 0xC2, 0x00, 0x00, 0x00, 0x00, 0x00,
  0x02, 0xDC, 0x31, 0x22, 0x84, 0x12, 0xC2, 0x81, 0x71, 0x10, 0x34, 0x00, 0x00, 0x00, 0x00, 0x00,
  0x7C, 0x1C, 0x0F, 0xC0, 0x28, 0x8C, 0x01, 0x20, 0x00, 0x00, 0x02, 0x38, 0x89, 0x2C, 0xDA, 0x8C,
  0x09, 0x0D, 0x14, 0x15, 0x02, 0x00, 0xC1, 0xE4, 0x80, 0xC2, 0x58, 0x10, 0x10, 0x04, 0x18, 0x52,
  0x03, 0x01, 0x89, 0x10, 0x19, 0xB8, 0x26, 0x22, 0x80, 0x86, 0x63, 0xE0, 0x88, 0x34, 0x00, 0x18,
  0xBA, 0x01, 0x00, 0x18, 0x00, 0x80, 0x00, 0xFC, 0x3F, 0x00, 0x6C, 0x1B, 0x00, 0xD8, 0x36, 0x00,
  0xB4, 0x2D, 0x00, 0x30, 0xCC, 0xB2, 0xC8, 0x32, 0xCB, 0x2E, 0x8B, 0x2C, 0x83, 0xE0, 0xFF, 0xAB,
  0xAA, 0xAA, 0x56, 0x55, 0x55, 0x21, 0x62, 0x66, 0xCE, 0x0C, 0x11, 0x99, 0xD9, 0xCC, 0x20, 0x62,
  0x66, 0xCE, 0x0C, 0x11, 0x99, 0xD9, 0xCC, 0x00, 0xC0, 0xFF, 0xAB, 0x6A, 0x55, 0xA9, 0x6A, 0x55,
  0xA9, 0x6A, 0x55, 0x01, 0xC0, 0xEE, 0x02, 0x40, 0x77, 0x03, 0x80, 0xBB, 0x03, 0xC0, 0x3C, 0x03,
  0x80, 0xE7, 0x01, 0xC0, 0x3C, 0x03, 0x80, 0xE7, 0x01, 0xC0, 0xFF, 0xFF, 0xFF, 0x7F, 0x00, 0x00,
  0x04, 0x00, 0xF0, 0x01, 0x80, 0x71, 0x80, 0x0F, 0x00, 0x2C, 0x00, 0x60, 0x0E, 0x80, 0x83, 0x0F,
  0x2E, 0x20, 0x3C, 0x0E, 0x70, 0x81, 0xC3, 0x71, 0x00, 0x14, 0x1C, 0x30, 0x07, 0xC0, 0xC1, 0x01,
  0x06, 0x00, 0x38, 0x00, 0xE0, 0x0E, 0xC0, 0x83, 0x0F, 0x17, 0x20, 0x18, 0x07, 0xE0, 0xC0, 0x01,
  0x0B, 0x00, 0x9C, 0x03, 0x40, 0xE0, 0xC0, 0x03, 0x00, 0xE7, 0x00, 0x1C, 0x3A, 0x78, 0x01, 0xC0,
  0x70, 0x00, 0x07, 0x1C, 0x1C, 0x00, 0x60, 0x00, 0x00, 0x00, 0x00, 0xFC, 0xFF, 0x3F, 0x00, 0x00,
  0x90, 0x44, 0x12, 0xDB, 0x6C, 0x23, 0x89, 0x24, 0xDB, 0x6C, 0x93, 0x44, 0x12, 0x00, 0x00, 0x00,
  0x00, 0x00, 0x00, 0x00, 0x6C, 0x6B, 0x5B, 0x9C, 0x1C, 0x03, 0x1C, 0x00, 0x60, 0x03, 0x80, 0xE3,
  0x60, 0x0E, 0x38, 0x03, 0x00, 0xE0, 0x00, 0x80, 0xCB, 0xE3, 0xC9, 0x00, 0x80, 0x05, 0x63, 0x10,
  0x72, 0x27, 0x20, 0x14, 0x82, 0x03, 0xE0, 0x08, 0x14, 0xC8, 0x60, 0x83, 0x43, 0x22, 0x01, 0x66,
  0x33, 0x03, 0x00, 0x10, 0x03, 0x60, 0x93, 0x2A, 0x24, 0xB8, 0x03, 0x03, 0x00, 0xC0, 0xFF, 0xFF,
  0x03, 0x00, 0xC0, 0xD1, 0x01, 0x12, 0x17, 0x38, 0x07, 0xC1, 0x40, 0x1C, 0x04, 0x7C, 0xC0, 0x03,
  0xC0, 0x21, 0x00, 0x14, 0x02, 0x60, 0xB1, 0x73, 0x93, 0xE9, 0x1D, 0x8F, 0x00, 0x00, 0x0C, 0x00,
  0x40, 0x00, 0x80, 0x03, 0x3E, 0x08, 0x38, 0xE6, 0xE0, 0x40, 0x02, 0x02, 0x3C, 0x38, 0x00, 0x80,
  0x00, 0x00, 0x0C, 0x1E, 0x20, 0x20, 0x81, 0x83, 0x33, 0x0F, 0x0E, 0x1E, 0x20, 0x00, 0x80, 0x03,
  0x00, 0x0C, 0x00, 0x40, 0xE0, 0x80, 0x03, 0x0B, 0x0F, 0x9E, 0x1E, 0x3C, 0x28, 0x40, 0x80, 0x03,
  0x04, 0x00, 0xC0, 0x39, 0x7C, 0xB0, 0x72, 0x0C, 0x2A, 0x81, 0xBC, 0x1E, 0x38, 0x08, 0x00, 0xE0,
  0xC0, 0x01, 0x03, 0x14, 0x10, 0x5C, 0xC7, 0x41, 0x47, 0x04, 0x04, 0x44, 0x78, 0x70, 0xCC, 0x00,
  0x81, 0x07, 0x30, 0x00, 0x3C, 0xC2, 0x7F, 0xFE, 0xFF, 0x7F, 0x55, 0x55, 0x15, 0x11, 0x01, 0x40,
  0x40, 0x04, 0x15, 0x30, 0x03, 0x00, 0x44, 0x70, 0x07, 0x11, 0x00, 0x40, 0x04, 0x54, 0x10, 0x03,
  0x03, 0x40, 0x40, 0x04, 0x37, 0x10, 0x01, 0x00, 0x44, 0x50, 0x05, 0x33, 0x00, 0x40, 0x04, 0x74,
  0x30, 0x01, 0x01, 0x40, 0x40, 0x04, 0x15, 0x30, 0x03, 0x00, 0x44, 0x70, 0x07, 0x11, 0x00, 0x40,
  0x04, 0x54, 0x10, 0x03, 0xFF, 0x3F, 0x00, 0xB4, 0x6D, 0xDB, 0x02, 0x00, 0x00, 0x60, 0x30, 0x06,
  0x03, 0x00, 0x00, 0x18, 0x86, 0x61, 0x00, 0x00, 0x0C, 0xC3, 0x30, 0x00, 0x0C, 0xC3, 0x30, 0x00,
  0x00, 0xC0, 0x30, 0x0C, 0x03, 0x00, 0x30, 0x18, 0x83, 0x01, 0x00, 0x0C, 0xC0, 0xC0, 0xC0, 0x0C,
  0x0C, 0x04, 0x60, 0x00, 0x02, 0x00, 0xC6, 0x60, 0x0C, 0x00, 0x80, 0xC1, 0x18, 0x0C, 0x00, 0x80,
  0xC1, 0x18, 0x0C, 0xFC, 0x3F, 0x00, 0x10, 0x11, 0x11, 0x89, 0x08, 0x00, 0x00, 0x40, 0x44, 0x44,
  0x04, 0x22, 0x02, 0x00, 0x00, 0x88, 0x88, 0x88, 0x44, 0x04, 0x00, 0x00, 0x00, 0x11, 0x11, 0x91,
  0x88, 0x00, 0xC0, 0xFF, 0xFF, 0xFF, 0xFF, 0x01, 0x00, 0x00, 0x52, 0xD4, 0xD9, 0x39, 0xAE, 0x24,
  0x00, 0x00, 0x86, 0x01, 0x00, 0x80, 0x18, 0x67, 0x68, 0x84, 0x32, 0x07, 0x06, 0x80, 0x00, 0x00,
  0x00, 0x28, 0x80, 0x01, 0x1C, 0x87, 0x18, 0x80, 0x62, 0x0C, 0x00, 0x00, 0xB0, 0x01, 0x06, 0xD0,
  0x14, 0xA2, 0x0C, 0x8E, 0x71, 0x00, 0x00, 0x00, 0x00, 0x00, 0x80, 0x0C, 0x83, 0x63, 0x82, 0x55,
  0x11, 0x1B, 0x0E, 0x00, 0x08, 0x00, 0x00, 0x06, 0xCC, 0x0C, 0x50, 0x66, 0x02, 0x38, 0x00, 0x53,
  0x00, 0x00, 0x38, 0x80, 0x03, 0xC0, 0x40, 0x9D, 0x21, 0x05, 0xCA, 0xB0, 0x03, 0x00, 0x03, 0x0C,
  0x80, 0x01, 0x36, 0x1A, 0x0C, 0x88, 0x0C, 0x66, 0xCC, 0x00, 0x30, 0x20, 0xE0, 0x00, 0x00, 0x53,
  0xA5, 0x06, 0x81, 0x73, 0xCB, 0x00, 0x00, 0x04, 0x0C, 0x00, 0xC6, 0x76, 0x84, 0x60, 0x90, 0x03,
  0x04, 0x08, 0x89, 0x43, 0x00, 0x1C, 0x21, 0x18, 0x02, 0xB8, 0x0D, 0x18, 0x80, 0x10, 0x0A, 0x60,
  0x08, 0xA1, 0x00, 0x0E, 0x70, 0x00, 0x00, 0x00, 0x66, 0x98, 0x43, 0x23, 0x4C, 0x39, 0x98, 0x00,
  0x10, 0x40, 0x00, 0xC0, 0x70, 0xE4, 0x60, 0x00, 0x53, 0x01, 0x81, 0x80, 0x80, 0x08, 0x40, 0x0E,
  0xC4, 0x2B, 0x80, 0x12, 0x04, 0x5C, 0x00, 0xC2, 0x20, 0x10, 0x01, 0x10, 0x9A, 0x0E, 0x21, 0x05,
  0x90, 0x90, 0x00, 0x48, 0x0E, 0x7C, 0x20, 0xC0, 0x80, 0x00, 0x50, 0xC6, 0xC0, 0x20, 0x02, 0x6E,
  0x04, 0x13, 0x05, 0x03, 0x38, 0x00, 0x10, 0x10, 0x04, 0x99, 0x00, 0x46, 0xC6, 0x90, 0x31, 0x30,
  0x0E, 0x10, 0x00, 0x02, 0x40, 0x00, 0x60, 0x38, 0x06, 0x60, 0x88, 0x21, 0x12, 0x80, 0x30, 0x43,
  0x00, 0xCC, 0x70, 0x0C, 0x00, 0x20, 0xCC, 0x00, 0x01, 0x32, 0xCC, 0x10, 0x10, 0xC3, 0x48, 0x00,
  0x01, 0xF3, 0x10, 0x08, 0x01, 0x1E, 0x1E, 0x00, 0x00, 0x80, 0xFF, 0xFF, 0xFF, 0xFF, 0xFF, 0xFF,
  0xFF, 0xFF, 0x03, 0x00, 0x00, 0xA1, 0x11, 0x36, 0xE6, 0x76, 0x52, 0x80, 0x40, 0x0A, 0x16, 0x60,
  0x70, 0x70, 0x44, 0x00, 0x18, 0x98, 0x30, 0x04, 0x9A, 0xC3, 0x43, 0x01, 0x00, 0x23, 0x20, 0x20,
  0x20, 0x84, 0x24, 0xD7, 0x18, 0x04, 0x82, 0xD0, 0x60, 0x84, 0xC3, 0xA0, 0x03, 0xD0, 0x85, 0x41,
  0xA2, 0x11, 0x0E, 0x00, 0x12, 0xC0, 0x19, 0xCE, 0x21, 0x02, 0x08, 0x40, 0x00, 0x00, 0x00, 0x03,
  0x63, 0x70, 0x74, 0x0C, 0xC0, 0x80, 0x00, 0x18, 0x80, 0x31, 0x00, 0x30, 0x06, 0x1C, 0x82, 0x18,
  0x03, 0x00, 0x07, 0x60, 0x00, 0x00, 0x8C, 0x01, 0x06, 0x31, 0xCC, 0x01, 0xC4, 0x01, 0x00, 0x00,
  0xC0, 0x00, 0x80, 0x38, 0xC6, 0x19, 0xC0, 0x30, 0x03, 0x0A, 0x00, 0x64, 0x00, 0xC0, 0x0C, 0x0C,
  0x0C, 0xC0, 0x19, 0x80, 0x01, 0x83, 0x71, 0x40, 0x30, 0x00, 0x00, 0x14, 0x34, 0x00, 0xC6, 0x06,
  0xC1, 0x80, 0x60, 0x80, 0xC0, 0x00, 0x10, 0x10, 0x12, 0x0E, 0x70, 0x06, 0x08, 0x88, 0x00, 0x09,
  0x80, 0x38, 0x03, 0x30, 0x40, 0x18, 0x00, 0x00, 0x06, 0x1C, 0x00, 0x98, 0x90, 0x00, 0x12, 0x32,
  0x0C, 0x70, 0xC4, 0x00, 0x00, 0x00, 0x03, 0xC0, 0x40, 0xE4, 0x8C, 0xC0, 0x04, 0x10, 0x80, 0x80,
  0x33, 0x00, 0x04, 0x82, 0x88, 0x00, 0x18, 0x73, 0x02, 0x00, 0x40, 0x04, 0x00, 0xCE, 0x18, 0x11,
  0x08, 0x66, 0x02, 0x00, 0xC8, 0x71, 0x02, 0x00, 0xC8, 0x44, 0x00, 0x81, 0xCD, 0x01, 0x20, 0xA0,
  0x30, 0x00, 0x34, 0x24, 0x04, 0x80, 0xEC, 0x01, 0x00, 0x01, 0x11, 0x20, 0x60, 0x0B, 0x00, 0x48,
  0x13, 0x22, 0x00, 0xC7, 0x1E, 0x40, 0x88, 0x10, 0x03, 0x00, 0x33, 0x00, 0x30, 0xC2, 0x00, 0x00,
  0x30, 0x03, 0x60, 0xE4, 0x4C, 0x18, 0x00, 0x39, 0x02, 0x00, 0x00, 0x8E, 0x00, 0x00, 0x11, 0x82,
  0x20, 0xCE, 0x1D, 0x00, 0xA0, 0x30, 0x00, 0x00, 0x84, 0x01, 0xA0, 0x21, 0x04, 0x07, 0x8C, 0x23,
  0x00, 0x40, 0x00, 0x20, 0x60, 0x30, 0x67, 0x08, 0x22, 0x08, 0x63, 0x00, 0x03, 0x00, 0x18, 0x80,
  0x81, 0x01, 0x18, 0x18, 0x80, 0x81, 0x01, 0x18, 0x18, 0x80, 0x81, 0xF9, 0x19, 0x98, 0x9F, 0x81,
  0x99, 0x9F, 0xFF, 0xF9, 0xF9, 0x1F, 0xD8, 0x81, 0x81, 0x1F, 0x18, 0xB8, 0x81, 0x01, 0x18, 0x18,
  0x80, 0x81, 0x1F, 0x18, 0xF8, 0x81, 0x01, 0x18, 0xF8, 0x81, 0x81, 0x1F, 0x18, 0x00, 0x80, 0x01,
  0x00, 0x18, 0x00, 0x80, 0x1F, 0x00, 0xF8, 0x01, 0x00, 0x18, 0x00, 0x80, 0x19, 0x00, 0x98, 0x01,
  0x80, 0x1D, 0x00, 0xF8, 0x01, 0xF8, 0x03, 0x80, 0x1F, 0xF8, 0x1F, 0x80, 0xFF, 0x01, 0x98, 0x01,
  0x80, 0x19, 0x00, 0x98, 0x01, 0x00, 0x18, 0x00, 0x80, 0x01, 0x00, 0x18, 0x00, 0x80, 0x01, 0x00,
  0x18, 0x00, 0x80, 0x01, 0x00, 0xF8, 0xC1, 0x81, 0x9F, 0x1F, 0x80, 0xB9, 0x01, 0xF8, 0x19, 0x80,
  0x9F, 0x01, 0x80, 0x19, 0x00, 0x98, 0x01, 0x80, 0x19, 0x00, 0x98, 0x19, 0x80, 0x99, 0x01, 0x98,
  0x1F, 0xF8, 0xF9, 0x81, 0x1F, 0x18, 0x18, 0x80, 0x81, 0x01, 0x00, 0x18, 0x00, 0x80, 0x01, 0x00,
  0x18, 0x00, 0x80, 0xC1, 0x81, 0xFF, 0x1F, 0xF8, 0xBF, 0x81, 0x01, 0x18, 0x18, 0x00, 0x00, 0x00,
  0x00, 0x00, 0x00, 0x00, 0x00, 0x00, 0x00, 0x00, 0x00, 0x00, 0x00, 0x00, 0x00, 0x00, 0x00, 0xFC,
  0xFF, 0xBF, 0x03, 0x00, 0x00, 0x07, 0x00, 0x00, 0x0E, 0x38, 0x00, 0x1C, 0x70, 0x00, 0x38, 0xE0,
  0x00, 0x70, 0x00, 0x00, 0xE7, 0x00, 0x00, 0x0E, 0x00, 0xE0, 0x1C, 0x00, 0xC0, 0x39, 0x00, 0x80,
  0x03, 0x00, 0x00, 0xE7, 0x00, 0x70, 0xC0, 0x01, 0xE0, 0x80, 0x03, 0xC0, 0x01, 0x07, 0x80, 0x03,
  0x00, 0x00, 0xE0, 0x00, 0x70, 0xC0, 0x01, 0xE0, 0x00, 0x00, 0xC0, 0x01, 0x07, 0x80, 0x73, 0x0E,
  0x00, 0xE0, 0x1C, 0x00, 0xC0, 0x01, 0x07, 0x80, 0x03, 0x0E, 0x00, 0x07, 0x1C, 0x00, 0x0E, 0x38,
  0x00, 0x1C, 0x70, 0x00, 0x00, 0xE0, 0x00, 0x00, 0x00, 0x00, 0x00, 0x00, 0x00, 0x00, 0x38, 0x00,
  0x00, 0x70, 0xC0, 0x01, 0xE0, 0x80, 0x03, 0xC0, 0x01, 0xE7, 0x80, 0x03, 0xC0, 0x39, 0x00, 0x80,
  0x73, 0x00, 0x00, 0x07, 0x00, 0x70, 0xC0, 0x01, 0xE0, 0x9C, 0x03, 0x00, 0x38, 0x00, 0x00, 0x70,
  0x00, 0x00, 0xE0, 0x80, 0x03, 0x00, 0x00, 0x07, 0x00, 0x00, 0x0E, 0x00, 0x00, 0x00, 0x70, 0x00,
  0x00, 0xE0, 0x00, 0x70, 0xC0, 0x01, 0xE0, 0x80, 0x03, 0x00, 0x38, 0x00, 0x00, 0x70, 0x00, 0x00,
  0xE0, 0x00, 0x00, 0xC0, 0x01, 0xE0, 0x80, 0x03, 0xC0, 0x01, 0x07, 0x80, 0x03, 0x6E, 0x00, 0x18,
  0x00, 0x06, 0x80, 0x01, 0x60, 0x00, 0x18, 0x00, 0x06, 0x80, 0x01, 0x60, 0x00, 0x18, 0x00, 0x0E,
  0xC0, 0x01, 0x80, 0x00, 0x1C, 0x00, 0x08, 0x40, 0x02, 0x70, 0x00, 0x18, 0x00, 0x08, 0x40, 0x02,
  0x70, 0x00, 0x38, 0x00, 0x39, 0x70, 0x0C, 0x0C, 0x03, 0x03, 0x21, 0x80, 0x04, 0xC0, 0x00, 0x30,
  0x00, 0x12, 0xC0, 0x0C, 0x28, 0x05, 0x49, 0x22, 0x12, 0x87, 0x84, 0x21, 0x81, 0x48, 0x44, 0x92,
  0xA0, 0x14, 0x30, 0x03, 0xFC, 0x00, 0x3F, 0xC0, 0x0F, 0xF0, 0x03, 0xB4, 0x00, 0x2D, 0x00, 0x03,
  0xC0, 0x00, 0x30, 0x00, 0x0C, 0x8E, 0xC7, 0xF3, 0x13, 0xCE, 0xF9, 0xE1, 0x31, 0xB0, 0x07, 0x78,
  0x30, 0x18, 0x0C, 0x06, 0x80, 0x01, 0x60, 0x00, 0x18, 0x00, 0x06, 0x80, 0x01, 0x60, 0x00, 0x18,
  0x00, 0x00, 0x00, 0x00, 0x00, 0x00, 0x00, 0x00, 0x00, 0x00, 0x00, 0x60, 0x00, 0x18, 0x00, 0x08,
  0x08, 0x61, 0x60, 0x0C, 0x01, 0x21, 0x00, 0x00, 0x00, 0x00, 0x80, 0x00, 0x00, 0x06, 0x01, 0x10,
  0x8C, 0x00, 0x20, 0x06, 0x00, 0x18, 0x08, 0x40, 0x60, 0x00, 0x80, 0x21, 0x00, 0x84, 0x01, 0x00,
  0x06, 0x00, 0x10, 0x03, 0x00, 0x0C, 0x00, 0x30, 0x20, 0x00, 0x80, 0x21, 0x00, 0x86, 0x01, 0x10,
  0x24, 0x00, 0x80, 0x01, 0x00, 0x04, 0x00, 0x00, 0x10, 0x04, 0xC0, 0x30, 0x00, 0xC3, 0x00, 0x08,
  0x12, 0x00, 0xC0, 0x00, 0x01, 0x03, 0x0C, 0x08, 0x20, 0x00, 0x00, 0x00, 0x00, 0x00, 0x04, 0x00,
  0x30, 0x40, 0x80, 0x00, 0x03, 0x08, 0x08, 0x60, 0x00, 0x80, 0x01, 0x00, 0x04, 0x02, 0x00, 0x18,
  0x00, 0x40, 0x02, 0x01, 0x18, 0x0C, 0x60, 0x20, 0x00, 0x01, 0x00, 0x00, 0x00, 0x00, 0x00, 0x84,
  0x40, 0x30, 0x06, 0xC3, 0x10, 0x08, 0x02, 0x00, 0x00, 0x02, 0x00, 0x18, 0x00, 0x40, 0x00, 0x00,
  0x40, 0x08, 0x08, 0x63, 0x60, 0x88, 0x01, 0x01, 0x04, 0x00, 0x20, 0x40, 0x80, 0x01, 0x03, 0x06,
  0x28, 0x10, 0x80, 0x01, 0x00, 0x06, 0x00, 0x10, 0x00, 0x00, 0x00, 0x00, 0x00, 0x01, 0x04, 0x0C,
  0x30, 0x30, 0xC0, 0x80, 0x00, 0x02, 0x00, 0x00, 0x00, 0x00, 0x80, 0x00, 0x01, 0x06, 0x0C, 0x18,
  0x30, 0x40, 0x80, 0x04, 0x08, 0x30, 0x60, 0xC0, 0x80, 0x01, 0x02, 0x04, 0x00, 0x00, 0x80, 0x00,
  0x01, 0x06, 0x0C, 0x10, 0x20, 0x1E, 0x1E, 0x1E, 0xFE, 0xFF, 0xFF, 0x1F, 0x1E, 0x1E, 0xFE, 0xFF,
  0xFF, 0x1F, 0x1E, 0x1E, 0xFE, 0xFF, 0xFF, 0x21, 0x21, 0x21, 0x21, 0x21, 0x21, 0x21, 0x21, 0x21,
  0x21, 0x21, 0x21, 0x21, 0x21, 0x21, 0xED, 0xED, 0xED, 0x01, 0x00, 0x00, 0x2C, 0x2D, 0x2D, 0x0D,
  0x0C, 0x0C, 0x2C, 0x2D, 0x2D, 0x0D, 0x0C, 0x0C, 0x2C, 0x2D, 0x2D, 0x01, 0x00, 0x00, 0x2C, 0x2D,
  0x2D, 0x01, 0x00, 0x00, 0x3E, 0x3F, 0x3F, 0x21, 0x21, 0x21, 0x01, 0x00, 0x00, 0x1E, 0x1E, 0x1E,
  0x12, 0x12, 0x12, 0x12, 0x12, 0x12, 0x1E, 0x1E, 0x1E, 0x00, 0x00, 0x00, 0x00, 0x00, 0x00, 0x3E,
  0x3F, 0x3F, 0x21, 0x21, 0x21, 0x21, 0x21, 0x21, 0x21, 0x21, 0x21, 0x21, 0x21, 0x21, 0x0D, 0x0C,
  0x0C, 0x2C, 0x2D, 0x2D, 0x0D, 0x0C, 0x0C, 0x20, 0x21, 0x21, 0x01, 0x00, 0x00, 0x20, 0x21, 0x21,
  0x01, 0x00, 0x00, 0x2C, 0x2D, 0x2D, 0x0D, 0x0C, 0x0C, 0x20, 0x21, 0x21, 0x0D, 0x0C, 0x0C, 0x2C,
  0x2D, 0x2D, 0x01, 0x00, 0x00, 0x20, 0x21, 0x21, 0x21, 0x21, 0x21, 0x21, 0x21, 0x21, 0x21, 0x21,
  0x21, 0x21, 0x21, 0x21, 0x01, 0x00, 0x00, 0x20, 0x21, 0x21, 0x01, 0x00, 0x00, 0x20, 0x21, 0x21,
  0x01, 0x00, 0x00, 0xFE, 0xFF, 0xFF, 0xFF, 0xFF, 0xFF, 0xFF, 0xFF, 0xFF, 0x21, 0x21, 0x21, 0x21,
  0x21, 0x21, 0x21, 0x21, 0x21, 0xFF, 0xFF, 0xFF, 0xFF, 0xFF, 0xFF, 0xFF, 0xFF, 0xFF, 0x21, 0x21,
  0x21, 0x13, 0x12, 0x12, 0x0C, 0x0C, 0x0C, 0x00, 0x00, 0x00, 0x0C, 0x0C, 0x0C, 0x12, 0x12, 0x12,
  0x20, 0x21, 0x21, 0xC1, 0xC0, 0xC0, 0xC0, 0xC0, 0xC0, 0xC0, 0xC0, 0xC0, 0x20, 0x21, 0x21, 0x13,
  0x12, 0x12, 0x12, 0x12, 0x12, 0x12, 0x12, 0x12, 0x12, 0x12, 0x12, 0xFE, 0xFF, 0xFF, 0x0D, 0x0C,
  0x0C, 0x0C, 0x0C, 0x0C, 0x0C, 0x0C, 0x0C, 0x0C, 0x0C, 0x0C, 0xFE, 0xFF, 0xFF, 0x01, 0x00, 0x00,
  0x00, 0x00, 0x00, 0xE0, 0xE1, 0xE1, 0xE1, 0xE1, 0xE1, 0x01, 0x00, 0x00, 0x00, 0x00, 0x00, 0xE0,
  0xE1, 0xE1, 0xE1, 0xE1, 0xE1, 0x01, 0x00, 0x00, 0x00, 0x00, 0x00, 0x00, 0x00, 0x00, 0xE0, 0xE1,
  0xE1, 0xE1, 0xE1, 0xE1, 0x01, 0x00, 0x00, 0x00, 0x00, 0x00, 0x00, 0x00, 0x00, 0x00, 0x00, 0x00,
  0xE0, 0xE1, 0xE1, 0xE1, 0xE1, 0xE1, 0x01, 0x02, 0x00, 0xC0, 0x00, 0x40, 0x08, 0x00, 0x88, 0x01,
  0x00, 0x23, 0x00, 0x30, 0x00, 0x00, 0x04, 0x00, 0x80, 0x01, 0x00, 0x70, 0x00, 0x00, 0x04, 0x00,
  0x80, 0x01, 0x00, 0x10, 0x00, 0x00, 0x00, 0x00, 0x00, 0x00, 0x00, 0x00, 0x00, 0x00, 0x00, 0x00,
  0x08, 0x00, 0x00, 0x01, 0x00, 0x70, 0x00, 0x00, 0x06, 0x00, 0x40, 0x00, 0x00, 0x1C, 0x00, 0x00,
  0x01, 0x00, 0x00, 0x00, 0x00, 0x00, 0x00, 0x00, 0x00, 0x00, 0x10, 0x00, 0x00, 0x06, 0x00, 0x40,
  0x00, 0x00, 0x6C, 0x00, 0x00, 0x18, 0x00, 0x80, 0x01, 0x00, 0x20, 0x00, 0x00, 0x2C, 0x00, 0x80,
  0x04, 0x00, 0xC0, 0x00, 0x00, 0x10, 0x00, 0x00, 0x02, 0x00, 0x00, 0x00, 0x00, 0x00, 0x00, 0x00,
  0x00, 0x00, 0x80, 0x00, 0x00, 0x30, 0x00, 0x00, 0x06, 0x00, 0x80, 0x01, 0x00, 0x18, 0x00, 0x00,
  0x02, 0x00, 0x00, 0x00, 0x00, 0x00, 0x00, 0x00, 0x00, 0x00, 0x00, 0x00, 0x00, 0x00, 0x00, 0x80,
  0x00, 0x00, 0x10, 0x00, 0x00, 0x02, 0x00, 0x40, 0x00, 0x00, 0x08, 0x00, 0x00, 0x00, 0x00, 0x00,
  0x00, 0x00, 0x00, 0x00, 0x10, 0x00, 0x00, 0x02, 0x00, 0xE0, 0x00, 0x00, 0x08, 0x00, 0x80, 0x01,
  0x00, 0x60, 0x00, 0x00, 0x05, 0x00, 0xA0, 0x00, 0x00, 0x06, 0x00, 0x98, 0x01, 0x00, 0x11, 0x00,
  0x30, 0x00, 0x00, 0x04, 0x00, 0x88, 0x00, 0x80, 0x03, 0x00, 0x20, 0x00, 0x00, 0x06, 0x00, 0x80,
  0x00, 0x00, 0x30, 0x00, 0x00, 0x06, 0x0C, 0x80, 0x00, 0x01, 0x18, 0x60, 0x00, 0x1A, 0x00, 0x00,
  0x0E, 0x00, 0xC0, 0x03, 0x00, 0x10, 0x00, 0x00, 0x00, 0x00, 0x00, 0x00, 0x00, 0x00, 0x02, 0x00,
  0x90, 0x01, 0x00, 0x06, 0x00, 0x00, 0x18, 0x00, 0x60, 0x02, 0x00, 0x10, 0x00, 0x00, 0x00, 0x00,
  0x00, 0x00, 0x00, 0x80, 0x03, 0x00, 0xF0, 0x00, 0x00, 0x3C, 0x00, 0x00, 0x0F, 0x00, 0x40, 0x02,
  0x00, 0x90, 0x00, 0x00, 0x24, 0x00, 0x00, 0x39, 0x00, 0xF0, 0x0F, 0x00, 0xFC, 0x07, 0x80, 0x3F,
  0x03, 0x30, 0x8F, 0x01, 0xC6, 0xC3, 0xC0, 0xF0, 0x60, 0x18, 0x1C, 0x30, 0x03, 0x06, 0x78, 0x80,
  0x01, 0x0C, 0x60, 0x00, 0x00, 0x18, 0xC0, 0x00, 0x06, 0x78, 0x80, 0x01, 0x12, 0x60, 0x00, 0x00,
  0x18, 0x20, 0x01, 0x06, 0x78, 0x80, 0x01, 0x0C, 0x60, 0x00, 0x00, 0x18, 0x00, 0x00, 0x06, 0x00,
  0x80, 0x01, 0x1E, 0x60, 0x80, 0x04, 0x18, 0xD0, 0x02, 0x50, 0x4B, 0x2B, 0x2A, 0x21, 0x95, 0x4A,
  0x48, 0x45, 0x2D, 0xAD, 0x00, 0xB4, 0x00, 0x00, 0x12, 0x00, 0x00, 0x00, 0x00, 0x00, 0x00, 0x00,
  0x84, 0x00, 0x00, 0x21, 0x60, 0x40, 0x08, 0x18, 0x10, 0x02, 0x06, 0x84, 0x80, 0x01, 0x21, 0x60,
  0xC0, 0x0C, 0x00, 0x30, 0x03, 0x00, 0xCC, 0x00, 0x00, 0x33, 0x00, 0x80, 0x04, 0x00, 0xE0, 0x01,
  0x00, 0x78, 0x00, 0x00, 0x1E, 0x00, 0xC0, 0x0F, 0x00, 0x38, 0x07, 0x00, 0x86, 0x81, 0x81, 0x61,
  0x60, 0xE0, 0x1C, 0x18, 0xF0, 0x03, 0x06, 0x78, 0x80, 0x01, 0x1E, 0x60, 0x80, 0x07, 0x18, 0xE0,
  0x01, 0x06, 0xFE, 0x81, 0x81, 0x73, 0x60, 0xE6, 0x1C, 0x9B, 0x39, 0xC7, 0x60, 0xCE, 0x31, 0x98,
  0x73, 0x0C, 0xC6, 0x0C, 0x83, 0x31, 0xC3, 0x60, 0xFC, 0x30, 0x18, 0x00, 0x0C, 0xC6, 0x0F, 0x83,
  0x01, 0xC0, 0x60, 0xFC, 0x30, 0x18, 0x00, 0xEC, 0x87, 0x04, 0xFF, 0x21, 0xC1, 0x0D, 0xC0, 0x00,
  0x0C, 0xC0, 0x00, 0x0C, 0xC0, 0x00, 0x0C, 0xC0, 0x00, 0x08, 0xC0, 0x00, 0x40, 0x40, 0x00, 0xC0,
  0x40, 0x00, 0xFE, 0xFF, 0xFF, 0xC1, 0x00, 0x00, 0xC0, 0x00, 0x00, 0x40, 0x00, 0x00, 0x00, 0x00,
  0x00, 0x00, 0x00, 0x00, 0x00, 0x00, 0x00, 0x00, 0x00, 0x00, 0xFE, 0xFF, 0xFF, 0x01, 0xC0, 0x00,
  0x10, 0xC0, 0x00, 0x18, 0xC0, 0x00, 0x18, 0xC0, 0x00, 0x10, 0x00, 0x00, 0x00, 0x00, 0x00, 0x00,
  0x20, 0x00, 0xFE, 0xFF, 0xFF, 0x01, 0x60, 0x00, 0x01, 0x60, 0x80, 0x01, 0x20, 0x80, 0x01, 0x00,
  0x80, 0x01, 0x00, 0x80, 0x00, 0x00, 0x00, 0x00, 0x00, 0x01, 0xFE, 0xFF, 0xFF, 0x01, 0x80, 0x01,
  0x00, 0x80, 0x00, 0x00, 0x00, 0x00, 0x00, 0x00, 0x80, 0x00, 0x00, 0x80, 0x00, 0x00, 0xC0, 0x00,
  0x20, 0xC0, 0xFE, 0xFF, 0xFF, 0x01, 0x60, 0x40, 0x00, 0x20, 0x40, 0x00, 0x00, 0x00, 0x00, 0x00,
  0x00, 0x06, 0x00, 0x00, 0x46, 0x00, 0x00, 0x46, 0x00, 0x00, 0xFE, 0xFF, 0xFF, 0x61, 0x80, 0x01,
  0x60, 0x80, 0x01, 0x20, 0x00, 0x00, 0x00, 0x00, 0x00, 0x80, 0x00, 0x00, 0x80, 0x01, 0x00, 0x80,
  0x01, 0x00, 0xFE, 0xFF, 0xFF, 0x01, 0x00, 0x00, 0x00, 0x80, 0x00, 0x00, 0x80, 0x01, 0x00, 0x80,
  0x01, 0x00, 0x80, 0x01, 0x00, 0x00, 0x00, 0x80, 0x00, 0x00, 0xFE, 0xFF, 0xFF, 0x81, 0x01, 0x00,
  0x80, 0x01, 0x00, 0x00, 0x01, 0x00, 0x00, 0x00, 0x00, 0x08, 0x40, 0x00, 0x18, 0xC0, 0x00, 0x18,
  0xC0, 0x00, 0xFE, 0xFF, 0xFF, 0x19, 0xC0, 0x00, 0x18, 0x40, 0x00, 0x10, 0x00, 0x00, 0x10, 0x00,
  0x00, 0x00, 0x80, 0x01, 0x00, 0x80, 0x01, 0x00, 0x80, 0x01, 0xFE, 0xFF, 0xFF, 0x01, 0x00, 0x00,
  0x00, 0x00, 0x00, 0x02, 0x00, 0x00, 0x06, 0x00, 0x00, 0x06, 0x00, 0x00, 0x06, 0x00, 0x00, 0x06,
  0x00, 0x00, 0xFE, 0xFF, 0xFF, 0x03, 0x60, 0x00, 0x00, 0x60, 0x00, 0x00, 0x60, 0x00, 0x00, 0x00,
  0x00, 0x00, 0xC0, 0x00, 0x20, 0xC0, 0x00, 0x60, 0xC0, 0x00, 0xFE, 0xFF, 0xFF, 0x21, 0x00, 0x00,
  0x00, 0x00, 0x00, 0x00, 0x00, 0x00, 0x00, 0x00, 0x00, 0x00, 0x00, 0x00, 0x08, 0x00, 0x00, 0x08,
  0x20, 0x00, 0xFE, 0xFF, 0xFF, 0x19, 0x60, 0x00, 0x10, 0x40, 0x00, 0x00, 0x40, 0x00, 0x00, 0x00,
  0x00, 0x00, 0x00, 0x00, 0x00, 0x00, 0x00, 0x01, 0x00, 0x80, 0x07, 0x00, 0x60, 0x00, 0x80, 0x06,
  0x00, 0x68, 0x00, 0x00, 0x00, 0x00, 0x5A, 0x00, 0xA0, 0x01, 0x00, 0x18, 0x00, 0xE8, 0x08, 0x80,
  0x1E, 0x00, 0xE0, 0x00, 0xA0, 0x4F, 0x00, 0x5A, 0x00, 0xF0, 0x01, 0x80, 0x07, 0x02, 0x78, 0x01,
  0x00, 0x07, 0x00, 0x1A, 0x40, 0xA0, 0x05, 0x00, 0x18, 0x00, 0x68, 0x00, 0x88, 0x16, 0x00, 0x60,
  0x00, 0xA0, 0x01, 0x40, 0x5A, 0x00, 0x80, 0x01, 0x80, 0x06, 0x00, 0x68, 0x01, 0xC0, 0x07, 0x00,
  0x1E, 0x00, 0xE0, 0x05, 0x00, 0x1C, 0x00, 0x60, 0x00, 0x80, 0x16, 0x00, 0x68, 0x00, 0x00, 0x02,
  0x00, 0x7A, 0x00, 0xA0, 0x03, 0x00, 0x38, 0x00, 0xE8, 0x01, 0x80, 0x16, 0x00, 0x7C, 0x00, 0xC0,
  0x01, 0x00, 0x5C, 0x00, 0xC0, 0x01, 0x00, 0x06, 0x00, 0x60, 0x00, 0x00, 0x06, 0x18, 0x00, 0x00,
  0x18, 0x00, 0x00, 0x18, 0x00, 0x00, 0x3E, 0x00, 0xE0, 0x79, 0x00, 0x20, 0xC8, 0x01, 0x38, 0x0C,
  0x01, 0x4C, 0x04, 0x07, 0x6E, 0x3C, 0x0F, 0x2A, 0x24, 0x09, 0xE3, 0x20, 0x89, 0x40, 0x20, 0xE9,
  0x87, 0x38, 0x23, 0x0D, 0x28, 0x32, 0x08, 0x6E, 0x1A, 0x08, 0xC9, 0x0C, 0x80, 0x8D, 0x04, 0x80,
  0x0D, 0x04, 0xC3, 0x04, 0x07, 0x06, 0x86, 0x3D, 0x0C, 0x82, 0x28, 0x08, 0xC1, 0x68, 0x08, 0xC1,
  0x48, 0x08, 0x61, 0x6C, 0x38, 0x40, 0x46, 0x10, 0x00, 0x04, 0x30, 0x00, 0x04, 0x70, 0x00, 0x08,
  0xF0, 0x00, 0x0E, 0x20, 0x00, 0x1A, 0xE0, 0x00, 0x13, 0xA0, 0x01, 0x12, 0x30, 0x0F, 0x30, 0x10,
  0x1D, 0x10, 0x10, 0x18, 0x00, 0x18, 0x10, 0x10, 0x08, 0x1C, 0x30, 0x00, 0x34, 0x60, 0x00, 0x26,
  0xC0, 0x00, 0x62, 0x80, 0x01, 0x42, 0x80, 0x07, 0x80, 0x80, 0x0C, 0x81, 0x00, 0x88, 0xE1, 0x01,
  0x8C, 0x30, 0x01, 0x87, 0x60, 0x01, 0xC5, 0x30, 0x00, 0xCD, 0x18, 0x80, 0x51, 0x78, 0xB0, 0x30,
  0xC8, 0xB0, 0x30, 0x80, 0x18, 0x20, 0x80, 0x19, 0x00, 0x10, 0x10, 0x00, 0x10, 0x70, 0x00, 0x1C,
  0x90, 0x00, 0x34, 0x80, 0x70, 0x2C, 0xC0, 0xC1, 0x24, 0x40, 0x83, 0x70, 0x40, 0x03, 0x39, 0x40,
  0x02, 0x09, 0x40, 0x02, 0x0B, 0x20, 0x87, 0x7B, 0xA0, 0x0E, 0xCA, 0xA0, 0x02, 0x8C, 0x83, 0x01,
  0x8E, 0x82, 0x01, 0x84, 0xC2, 0x00, 0x84, 0x84, 0x00, 0x82, 0x05, 0x00, 0x02, 0x0C, 0x00, 0x00,
  0x0E, 0x80, 0x01, 0x06, 0x80, 0x00, 0x03, 0x80, 0x00, 0x01, 0xC0, 0x00, 0x01, 0xC0, 0x00, 0x07,
  0x40, 0x80, 0x05, 0x40, 0x80, 0x04, 0x40, 0x80, 0x0C, 0x70, 0x40, 0x0C, 0x50, 0x70, 0x08, 0xD0,
  0xE3, 0x18, 0x10, 0x87, 0x10, 0x10, 0x0F, 0x10, 0x30, 0x08, 0x30, 0x54, 0x08, 0x30, 0x96, 0x09,
  0x20, 0x01, 0x0F, 0x20, 0x01, 0x0D, 0xA0, 0x01, 0x86, 0xC0, 0x00, 0xC2, 0xC0, 0x00, 0xC0, 0x00,
  0x21, 0x80, 0x01, 0x41, 0xC0, 0xC1, 0x41, 0x40, 0x61, 0xE0, 0x00, 0x21, 0xF0, 0x00, 0x23, 0x10,
  0x00, 0x22, 0x30, 0x00, 0x16, 0x70, 0x00, 0x1C, 0xD0, 0x00, 0x72, 0x90, 0x00, 0x43, 0x80, 0x00,
  0x61, 0x80, 0x01, 0xC1, 0x80, 0x04, 0x41, 0x40, 0xBC, 0x07, 0x40, 0xD0, 0x04, 0x40, 0x50, 0x04,
  0x40, 0x60, 0x0C, 0x60, 0xE0, 0x0C, 0x70, 0x40, 0x48, 0x50, 0x00, 0x40, 0x18, 0x00, 0xC0, 0x08,
  0x00, 0x80, 0x19, 0x30, 0x80, 0x11, 0x18, 0x00, 0x71, 0x18, 0x00, 0x55, 0x08, 0x00, 0xC2, 0x0B,
  0x00, 0x62, 0x05, 0x00, 0x73, 0x04, 0x80, 0x59, 0x04, 0x80, 0x08, 0x06, 0x80, 0x08, 0x07, 0xE0,
  0x89, 0x1D, 0x20, 0x89, 0x08, 0x20, 0x80, 0x10, 0x20, 0x80, 0x10, 0x60, 0x00, 0x10, 0xF8, 0x80,
  0x10, 0xA8, 0x81, 0x18, 0x38, 0x41, 0x08, 0x1C, 0x63, 0x18, 0x0E, 0x72, 0x38, 0x02, 0xD0, 0x04,
  0x00, 0x98, 0x00, 0x00, 0x88, 0x00, 0x01, 0x00, 0x81, 0x01, 0x00, 0x01, 0x01, 0x80, 0x81, 0x03,
  0x80, 0x81, 0x02, 0x40, 0x80, 0x02, 0xC0, 0x80, 0x04, 0xE0, 0xC1, 0x06, 0x80, 0x43, 0x02, 0x00,
  0xE6, 0x00, 0x00, 0xAE, 0x01, 0x00, 0xB4, 0x01, 0x00, 0x8D, 0x03, 0x00, 0x59, 0x01, 0x00, 0xEC,
  0x03, 0x00, 0x58, 0x01, 0x00, 0x70, 0x03, 0x00, 0xF8, 0x06, 0x00, 0xCC, 0x02, 0x00, 0xE4, 0x00,
  0x00, 0xAC, 0x00, 0x00, 0x84, 0x00, 0x00, 0x84, 0x00, 0x00, 0x00, 0x01, 0x00, 0x04, 0x00, 0x80,
  0x00, 0x00, 0x10, 0x00, 0x00, 0x03, 0x00, 0xD0, 0x01, 0x00, 0x2A, 0x00, 0x40, 0x1D, 0x00, 0x8A,
  0x02, 0xC0, 0x51, 0x00, 0x20, 0x0A, 0x00, 0x00, 0x07, 0x00, 0x80, 0x00, 0x02, 0x10, 0x70, 0x00,
  0x02, 0x0A, 0x40, 0x40, 0x01, 0x00, 0xA0, 0x00, 0x10, 0x14, 0x80, 0x83, 0x03, 0x50, 0x11, 0x00,
  0xAA, 0x03, 0x40, 0x55, 0x00, 0xA0, 0x02, 0x00, 0x74, 0x00, 0x80, 0x08, 0x00, 0x10, 0x00, 0x00,
  0x02, 0x00, 0x70, 0x00, 0x00, 0x3A, 0x00, 0x70, 0x05, 0x00, 0x8A, 0x00, 0x50, 0x10, 0x00, 0x0A,
  0x00, 0xC0, 0x01, 0x00, 0x20, 0x00, 0x40, 0x00, 0x00, 0x08, 0x40, 0x00, 0x01, 0x08, 0x20, 0x00,
  0x05, 0x14, 0xE8, 0x80, 0x02, 0x05, 0x70, 0xE0, 0x00, 0x02, 0x10, 0x70, 0x00, 0x02, 0x0A, 0xC0,
  0x41, 0x01, 0x28, 0x08, 0x00, 0x04, 0x01, 0x80, 0x03, 0x00, 0x50, 0x00, 0x00, 0x08, 0x00, 0x00,
  0x01, 0x00, 0x80, 0x00, 0x00, 0x50, 0x00, 0x00, 0x0A, 0x00, 0xC0, 0x01, 0x00, 0x08, 0x00, 0x00,
  0x01, 0x00, 0x20, 0x00, 0x00, 0x1C, 0x00, 0x80, 0x02, 0x00, 0xD0, 0x01, 0x00, 0x2C, 0x00, 0x40,
  0x05, 0x00, 0xA8, 0x08, 0x00, 0x70, 0x01, 0x02, 0x2A, 0x40, 0x01, 0x05, 0x28, 0xE0, 0x00, 0x07,
  0x04, 0x20, 0x00, 0x00, 0x07, 0x00, 0xA1, 0x00, 0x20, 0x14, 0x00, 0x94, 0x00, 0xA0, 0x02, 0x00,
  0xDC, 0x01, 0x00, 0x2E, 0x00, 0x40, 0x14, 0x00, 0x80, 0x02, 0x00, 0x50, 0x00, 0x00, 0x0E, 0x00,
  0x40, 0x00, 0x00, 0x08, 0x00, 0x00, 0x00, 0x00, 0x04, 0x00, 0x80, 0x00, 0x00, 0x50, 0x00, 0x00,
  0x0A, 0x00, 0xC0, 0x01, 0x00, 0xE0, 0x00, 0x00, 0x14, 0x00, 0x00, 0x02, 0x00, 0x40, 0x00, 0x80,
  0x01, 0x00, 0x07, 0x00, 0x1E, 0x00, 0x3C, 0x00, 0x38, 0x00, 0xE0, 0x00, 0xE0, 0x01, 0x80, 0x03,
  0x80, 0x07, 0x80, 0x0F, 0x00, 0x1E, 0x00, 0x18, 0x00, 0x70, 0x00, 0x80, 0x03, 0x00, 0x1C, 0x00,
  0xE0, 0x00, 0x00, 0x03, 0x00, 0x1C, 0x00, 0x30, 0x00, 0x60, 0x00, 0xC0, 0x01, 0x80, 0x03, 0x00,
  0x06, 0x00, 0x0C, 0x00, 0x1C, 0x00, 0x7C, 0x00, 0x78, 0x00, 0xF0, 0x00, 0xC0, 0x01, 0x80, 0x03,
  0x00, 0x06, 0x00, 0x18, 0x00, 0xE0, 0x00, 0x00, 0x07, 0x00, 0x38, 0x00, 0xC0, 0x01, 0x00, 0x06,
  0x00, 0x38, 0x00, 0xC0, 0x03, 0x00, 0x1E, 0x00, 0xF8, 0x00, 0xC0, 0x07, 0x00, 0x3E, 0x00, 0xE0,
  0x01, 0x00, 0x07, 0x00, 0x3C, 0x00, 0xE0, 0x00, 0x00, 0x07, 0x00, 0x18, 0x00, 0x60, 0x00, 0xC0,
  0x01, 0x80, 0x03, 0x00, 0x07, 0x00, 0x1F, 0x00, 0x1C, 0x00, 0x38, 0x00, 0x70, 0x00, 0xC0, 0x00,
  0x80, 0x01, 0x00, 0x07, 0x00, 0x0C, 0x00, 0xB0, 0x1F, 0x80, 0x01, 0x60, 0x07, 0x80, 0x03, 0x40,
  0x1E, 0x00, 0x7C, 0x00, 0x0F, 0x80, 0x03, 0x00, 0x7E, 0x00, 0xF8, 0x00, 0x0E, 0x00, 0x78, 0x00,
  0x3E, 0x00, 0xF0, 0x00, 0x38, 0x00, 0x0C, 0x80, 0x07, 0x00, 0x3C, 0x00, 0x70, 0x00, 0xE0, 0x01,
  0x38, 0x00, 0x0E, 0x00, 0x78, 0x00, 0xE0, 0x00, 0x80, 0x03, 0xE0, 0x00, 0x78, 0x00, 0xC0, 0x03,
  0x00, 0x3E, 0x80, 0x03, 0xE0, 0x01, 0x00, 0x07, 0x00, 0x3E, 0x80, 0x03, 0x00, 0x07, 0x00, 0x1C,
  0x80, 0x07, 0xE0, 0x01, 0x00, 0x03, 0x00, 0x1E, 0xC0, 0x03, 0x00, 0x3F, 0xE0, 0x01, 0xF0, 0x00,
  0x80, 0x0F, 0x00, 0x1C, 0x00, 0x07, 0x80, 0x01, 0x00, 0x0F, 0x00, 0x78, 0x00, 0x1C, 0x80, 0x07,
  0xE0, 0x00, 0x38, 0x00, 0xF0, 0x03, 0x00, 0x0E, 0x00, 0x38, 0x00, 0x70, 0x00, 0x1E, 0x80, 0x03,
  0x00, 0x3E, 0x00, 0xE0, 0x07, 0x40, 0x7E, 0x80, 0x03, 0x80, 0x00, 0xC0, 0x07, 0x00, 0x1C, 0x00,
  0x70, 0x00, 0xC0, 0x07, 0x00, 0x8E, 0x00, 0xF8, 0x01, 0xF0, 0x07, 0x80, 0x00, 0xE0, 0x03, 0x00,
  0x0F, 0x00, 0x38, 0x00, 0x0E, 0x80, 0x07, 0x80, 0x00, 0x70, 0x00, 0x1C, 0x00, 0xF8, 0x07, 0x40,
  0x0E, 0x00, 0x03, 0x80, 0x01, 0x80, 0x00, 0x60, 0x00, 0x70, 0x00, 0xB8, 0x01, 0x60, 0x03, 0x80,
  0x01, 0xC0, 0x03, 0x80, 0x00, 0x60, 0x00, 0xBE, 0x00, 0xF0, 0x03, 0x00, 0x06, 0x80, 0x03, 0x80,
  0x00, 0xE0, 0x03, 0x00, 0x07, 0x00, 0x1C, 0x00, 0x06, 0x00, 0x03, 0x00, 0x00, 0x30, 0x00, 0x00,
  0x03, 0x00, 0x20, 0x00, 0x00, 0x06, 0x00, 0x60, 0x00, 0x40, 0x00, 0x00, 0x04, 0x00, 0x60, 0x08,
  0x00, 0x82, 0x00, 0x20, 0x08, 0x40, 0x00, 0x00, 0x04, 0x60, 0x40, 0x00, 0x06, 0x00, 0x60, 0x00,
  0x00, 0x86, 0x00, 0x00, 0x08, 0x00, 0x88, 0x03, 0x80, 0x20, 0x00, 0x28, 0x02, 0x00, 0x02, 0x00,
  0x20, 0x00, 0x00, 0x02, 0x00, 0x00, 0x00, 0x00, 0x00, 0x00, 0x00, 0x00, 0x80, 0x03, 0x00, 0x38,
  0x00, 0x80, 0x01, 0x00, 0x02, 0x00, 0x20, 0x08, 0x00, 0x82, 0x00, 0x20, 0x08, 0x00, 0x00, 0x00,
  0x08, 0x60, 0x80, 0x00, 0x06, 0x08, 0x00, 0x00, 0x00, 0x00, 0x00, 0x80, 0x00, 0x00, 0x08, 0x06,
  0x80, 0x62, 0x00, 0x60, 0x02, 0x00, 0x06, 0x00, 0x60, 0x00, 0x00, 0x04, 0x00, 0x40, 0x00, 0x00,
  0x00, 0x00, 0x00, 0x00, 0x00, 0x00, 0x00, 0x80, 0x00, 0x00, 0x08, 0x00, 0x00, 0x00, 0x00, 0x00,
  0x00, 0x00, 0x00, 0x00, 0x04, 0x00, 0x40, 0x00, 0x00, 0x04, 0x00, 0x40, 0x80, 0x03, 0x00, 0x38,
  0x00, 0x80, 0x03, 0x00, 0x18, 0x00, 0x80, 0x00, 0x00, 0x80, 0x00, 0x00, 0x0C, 0x00, 0xE0, 0x00,
  0x00, 0x0E, 0x00, 0xE0, 0x00, 0x00, 0x06, 0x00, 0x20, 0x01, 0x00, 0x10, 0x00, 0x00, 0x01, 0x00,
  0x10, 0x00, 0x00, 0x00, 0x00, 0x00, 0x00, 0x00, 0x00, 0x00, 0x10, 0x00, 0x00, 0x01, 0x00, 0x10,
  0x00, 0x00, 0x00, 0x00, 0x00, 0x00, 0x00, 0x00, 0x00, 0x10, 0x00, 0x00, 0x01, 0x00, 0x10, 0x00,
  0x00, 0x00, 0x00, 0x00, 0x00, 0xC0, 0x00, 0x00, 0x0E, 0x00, 0xE0, 0x00, 0x00, 0x06, 0x00, 0x20,
  0x00, 0x00, 0x00, 0x00, 0x00, 0x00, 0x00, 0x00, 0x00, 0x40, 0x00, 0x00, 0x0E, 0x00, 0xE0, 0x00,
  0x00, 0x0C, 0x00, 0x40, 0x00, 0x80, 0x00, 0x00, 0x18, 0x01, 0x80, 0x11, 0x00, 0x18, 0x01, 0x80,
  0x11, 0x00, 0x18, 0x00, 0x00, 0x01, 0x00, 0x80, 0x00, 0x00, 0x0C, 0x00, 0xC0, 0x00, 0x00, 0x08,
  0x00, 0x00, 0x00, 0x00, 0x00, 0x00, 0x00, 0x00, 0x00, 0x06, 0x00, 0x70, 0x00, 0x00, 0x03, 0x00,
  0x30, 0x00, 0x00, 0x13, 0x00, 0x00, 0x01, 0x00, 0x00, 0x00, 0x04, 0x00, 0x40, 0x00, 0x00, 0x04,
  0x01, 0x40, 0x10, 0x00, 0x04, 0x00, 0x00, 0x00, 0x00, 0x00, 0x00, 0x00, 0x00, 0x00, 0x04, 0x01,
  0x40, 0x10, 0x00, 0x00, 0x01, 0x00, 0x00, 0x00, 0x04, 0x00, 0x40, 0x00, 0x00, 0x04, 0x01, 0x00,
  0x10, 0x00, 0x00, 0x01, 0x00, 0x00, 0x00, 0x00, 0x00, 0x40, 0x04, 0x00, 0xC4, 0x00, 0x40, 0x0C,
  0x00, 0x00, 0x00, 0x80, 0x03, 0x00, 0x38, 0x00, 0x00, 0x07, 0x00, 0x70, 0x00, 0x00, 0x00, 0x00,
  0x00, 0x00, 0x00, 0x10, 0x00, 0x00, 0x01, 0x00, 0x10, 0x00, 0x00, 0x01, 0x00, 0x00, 0x00, 0x00,
  0x00, 0x00, 0x00, 0x00, 0x00, 0x01, 0x00, 0x10, 0x00, 0x00, 0x01, 0x00, 0x00, 0x00, 0x00, 0x00,
  0x00, 0x0C, 0x00, 0xE0, 0x00, 0x00, 0x07, 0x00, 0x30, 0x00, 0x00, 0x00, 0x00, 0x00, 0x00, 0x00,
  0x0C, 0x00, 0xE0, 0x00, 0x00, 0x06, 0x00, 0x00, 0x00, 0x00, 0x00, 0x00, 0x08, 0x00, 0x80, 0x01,
  0x00, 0x18, 0x00, 0x00, 0x09, 0x00, 0xC0, 0x00, 0x00, 0x0C, 0x00, 0xC0, 0x00, 0x40, 0x0C, 0x00,
  0xC4, 0x00, 0x40, 0x0C, 0x00, 0xC4, 0x00, 0x00, 0x0C, 0x00, 0xC0, 0x01, 0x00, 0x1C, 0x00, 0xC4,
  0x00, 0x40, 0x04, 0x00, 0x00, 0x01, 0x00, 0x10, 0x00, 0x00, 0x00, 0xC0, 0x1F, 0x00, 0x7E, 0x01,
  0xF8, 0x07, 0xE0, 0x3F, 0x80, 0xFF, 0x00, 0xBC, 0x0E, 0xF0, 0x3B, 0xC0, 0x7F, 0x00, 0xF4, 0x01,
  0xE8, 0x07, 0xC0, 0x1F, 0xE0, 0x77, 0x80, 0xFF, 0x80, 0xC3, 0x0F, 0x47, 0x3C, 0x0E, 0xFC, 0x1C,
  0xC0, 0x35, 0x40, 0xFE, 0x00, 0xF6, 0x01, 0xFC, 0x07, 0xD0, 0x1E, 0x00, 0x5F, 0x00, 0xFC, 0x01,
  0xF0, 0x07, 0xC0, 0x1F, 0x00, 0x73, 0x00, 0xEF, 0x01, 0x9E, 0x4F, 0x1C, 0x38, 0x3D, 0xF0, 0x7E,
  0xA0, 0x7B, 0x00, 0xFA, 0x01, 0x98, 0x07, 0x60, 0x1E, 0x80, 0x5F, 0x00, 0xFE, 0x03, 0xF0, 0x0A,
  0xF0, 0x1E, 0xE0, 0xFB, 0xC0, 0xE9, 0x03, 0xE7, 0x1F, 0x9C, 0x5D, 0x78, 0xB6, 0x70, 0xD8, 0xFE,
  0x20, 0xFB, 0x01, 0xEC, 0x01, 0xF0, 0x03, 0x80, 0x0F, 0x00, 0x2F, 0x00, 0xEE, 0x00, 0x5C, 0x03,
  0x78, 0x1A, 0x78, 0x48, 0xF0, 0xA0, 0xE1, 0x80, 0xE6, 0x01, 0xF5, 0x03, 0xD0, 0x03, 0x40, 0x07,
  0x00, 0x1F, 0x00, 0xBE, 0x00, 0xF8, 0x02, 0xF0, 0x0D, 0xE0, 0x39, 0x80, 0xE3, 0x00, 0xC6, 0x07,
  0x0C, 0x1F, 0x18, 0xA8, 0x70, 0xF0, 0xC2, 0x00, 0x82, 0x03, 0x29, 0x06, 0xE4, 0x1C, 0x80, 0x3B,
  0x00, 0x70, 0x00, 0xE8, 0x00, 0xE0, 0x07, 0x80, 0x17, 0x00, 0x4E, 0x00, 0x38, 0x03, 0xC0, 0x08,
  0x00, 0x25, 0x00, 0x10, 0xF8, 0x80, 0x31, 0x38, 0x06, 0xC2, 0xD3, 0x4C, 0x8F, 0xF8, 0x58, 0xBC,
  0x8D, 0x9D, 0xB1, 0x7F, 0xE6, 0x7B, 0xFC, 0x4F, 0xE7, 0x4F, 0x70, 0x1B, 0x7E, 0x47, 0xFF, 0xE7,
  0xDF, 0xBC, 0xEF, 0xB2, 0xCF, 0x66, 0xD9, 0x3E, 0x56, 0xFE, 0xCF, 0x9F, 0xD9, 0xF9, 0x93, 0x39,
  0xF3, 0x24, 0xFF, 0xF7, 0xF1, 0x1D, 0xA7, 0xE3, 0x3C, 0xCE, 0x05, 0xEB, 0xFC, 0xF9, 0xBA, 0x59,
  0xB3, 0x6F, 0xF6, 0xB8, 0x13, 0x7B, 0xBE, 0x69, 0x14, 0x86, 0xC3, 0xF1, 0x3B, 0xCE, 0xCD, 0xF9,
  0xF1, 0x73, 0x7E, 0x7C, 0x8E, 0xCD, 0x06, 0x9F, 0x42, 0xF2, 0xEE, 0xF3, 0x35, 0xE0, 0x1E, 0x04,
  0xFE, 0x80, 0xED, 0xFF, 0x63, 0x00, 0x60, 0x00, 0x70, 0x30, 0x33, 0x98, 0x3B, 0x8C, 0x19, 0x84,
  0x19, 0xC0, 0x1D, 0xC0, 0xCC, 0xF0, 0xCC, 0x39, 0x8C, 0x1F, 0x0C, 0x07, 0x60, 0x30, 0x60, 0x70,
  0x70, 0x60, 0xB0, 0xE1, 0xB1, 0xC7, 0x7D, 0x1F, 0x6F, 0x5C, 0x23, 0x40, 0x03, 0x46, 0x00, 0x0E,
  0xC4, 0x3C, 0xDE, 0x38, 0xFE, 0x01, 0xB0, 0x01, 0x8C, 0x11, 0x06, 0x70, 0xC3, 0xF1, 0x63, 0xC8,
  0x03, 0x18, 0x03, 0x38, 0x98, 0xF1, 0x98, 0xE1, 0x9C, 0x03, 0x0C, 0x03, 0xEC, 0x37, 0xEC, 0x76,
  0x00, 0xE0, 0x00, 0xC0, 0x00, 0x08, 0x70, 0x2C, 0xF0, 0x67, 0xC3, 0x63, 0x07, 0x03, 0x07, 0x07,
  0x06, 0x76, 0x02, 0xFC, 0x00, 0xD0, 0x10, 0x98, 0x31, 0x9C, 0x21, 0x8E, 0x63, 0x06, 0x03, 0x00,
  0xFF, 0x01, 0xFE, 0x81, 0x07, 0xF8, 0x83, 0xFC, 0xF0, 0x0D, 0xB0, 0x7F, 0x38, 0xFF, 0x19, 0xC0,
  0x01, 0x60, 0xC0, 0xE0, 0x5C, 0xC3, 0x32, 0x82, 0x51, 0x82, 0xDC, 0x70, 0xD0, 0x48, 0x23, 0xC4,
  0x41, 0x87, 0x78, 0x03, 0x53, 0x12, 0x23, 0x9A, 0xF1, 0x04, 0x8D, 0x19, 0x0E, 0x35, 0x2F, 0x24,
  0x23, 0xAA, 0x50, 0xDF, 0xA0, 0x24, 0xF6, 0x34, 0x42, 0x10, 0xB2, 0xF3, 0x12, 0x19, 0x2C, 0x8C,
  0x4C, 0x94, 0x4C, 0xBA, 0x02, 0x73, 0x06, 0x61, 0x08, 0x24, 0x68, 0xB4, 0xF4, 0xCC, 0x05, 0x88,
  0x59, 0x18, 0xE1, 0xB8, 0x4D, 0xC3, 0x5D, 0xE2, 0x99, 0xE0, 0x10, 0x49, 0x10, 0x2F, 0xEC, 0x33,
  0xDE, 0x39, 0x07, 0x31, 0x82, 0x70, 0xC2, 0x65, 0xCC, 0xCF, 0x39, 0x17, 0x32, 0x32, 0x7E, 0x70,
  0x91, 0xD8, 0x89, 0x0B, 0x08, 0x21, 0x1D, 0x21, 0x3E, 0x88, 0xCF, 0xD2, 0xC3, 0xB8, 0x86, 0x8D,
  0x2A, 0x27, 0x31, 0x22, 0x10, 0x80, 0x00, 0x09, 0x18, 0x94, 0x80, 0x41, 0x08, 0x98, 0x84, 0x80,
  0x0A, 0x48, 0xA0, 0x10, 0x04, 0x0C, 0x41, 0xC0, 0x10, 0x04, 0x0D, 0x08, 0x50, 0x82, 0x00, 0x23,
  0x08, 0x30, 0xAA, 0x40, 0xAB, 0x2A, 0xA4, 0x2A, 0x42, 0xA9, 0x20, 0x90, 0x08, 0x12, 0x41, 0x30,
  0x29, 0x0C, 0x91, 0x82, 0x08, 0x25, 0xAA, 0xC1, 0xE0, 0x1A, 0x0C, 0xAC, 0xC1, 0x68, 0x16, 0x86,
  0x66, 0xA8, 0x28, 0x86, 0x8A, 0x4A, 0x20, 0xA9, 0x08, 0x30, 0x8E, 0x02, 0x43, 0x28, 0x30, 0x44,
  0x83, 0x43, 0x14, 0x18, 0xC1, 0x10, 0x31, 0x18, 0x09, 0x87, 0x91, 0x70, 0x19, 0x29, 0x92, 0x44,
  0x12, 0x51, 0x24, 0x41, 0x25, 0x1A, 0x14, 0x8A, 0x45, 0xB2, 0x58, 0x30, 0x8B, 0x02, 0x33, 0x28,
  0x50, 0x01, 0x06, 0x15, 0x40, 0x42, 0x22, 0x24, 0x62, 0x62, 0xA2, 0x26, 0xAA, 0x5A, 0xA2, 0xA8,
  0x21, 0x90, 0x11, 0x80, 0x11, 0x01, 0x18, 0x29, 0x84, 0xA9, 0x52, 0x90, 0x06, 0x85, 0x68, 0x10,
  0xA9, 0x46, 0x91, 0x4A, 0x0C, 0x65, 0xC2, 0x50, 0x64, 0x0C, 0xCC, 0x86, 0xC2, 0x2C, 0x24, 0xAC,
  0x40, 0xE2, 0x22, 0x06, 0x1A, 0x62, 0x20, 0x23, 0x0A, 0x32, 0xA0, 0x10, 0x03, 0x88, 0x29, 0x40,
  0x98, 0x40, 0x04, 0x19, 0xC5, 0x88, 0x51, 0xAA, 0x08, 0xA1, 0x4A, 0x11, 0x4A, 0x14, 0x90, 0xD4,
  0x00, 0x4B, 0x29, 0x38, 0x92, 0x82, 0x23, 0x24, 0x18, 0x49, 0x8A, 0xB2, 0x84, 0x20, 0x03, 0x08,
  0x32, 0x0A, 0x14, 0xA1, 0x40, 0x2B, 0x0B, 0xAC, 0xF2, 0x80, 0x28, 0x05, 0x8A, 0x54, 0x60, 0x40,
  0x49, 0x04, 0x84, 0x44, 0x62, 0x50, 0x26, 0x4A, 0x25, 0xA2, 0x14, 0x00, 0x4A, 0x82, 0x00, 0x25,
  0x08, 0x18, 0x8A, 0x88, 0xA2, 0x88, 0x28, 0x08, 0x08, 0x82, 0x00, 0x20, 0x20, 0x00, 0x00, 0x02,
  0xC0, 0x00, 0x0C, 0x00, 0x00, 0x00, 0x00, 0x0C, 0xC0, 0x00, 0x0C, 0xC0, 0x00, 0x00, 0x00, 0x06,
  0x60, 0x08, 0x80, 0x00, 0x00, 0x00, 0x00, 0x00, 0x00, 0x30, 0x00, 0x43, 0x00, 0x04, 0x00, 0x00,
  0x00, 0x00, 0x82, 0x23, 0x00, 0x80, 0x03, 0x00, 0x80, 0x23, 0x00, 0x02, 0x00, 0x00, 0x00, 0x00,
  0x00, 0x60, 0x00, 0x06, 0x08, 0x80, 0xC0, 0xFF, 0x03, 0xF8, 0x1F, 0x00, 0xFF, 0x00, 0xF0, 0x07,
  0x00, 0x7E, 0x00, 0xC0, 0x07, 0x00, 0x3C, 0x00, 0xC0, 0x03, 0x00, 0x3C, 0x00, 0xC0, 0x03, 0x00,
  0x3C, 0x00, 0xC0, 0x03, 0x00, 0x3C, 0x00, 0xC0, 0x03, 0x00, 0x18, 0x00, 0x00, 0x00, 0x00, 0x00,
  0x00, 0x00, 0x38, 0x00, 0x80, 0x03, 0x1C, 0x38, 0xC0, 0x81, 0x03, 0x1C, 0x30, 0xC0, 0x0D, 0x00,
  0xDC, 0x00, 0xC0, 0x01, 0x00, 0x1C, 0x00, 0xC0, 0x31, 0x00, 0x00, 0xC3, 0x00, 0x00, 0x0C, 0x00,
  0xC0, 0x00, 0x30, 0x00, 0x00, 0x03, 0x00, 0x00, 0x00, 0x30, 0x00, 0x18, 0x03, 0x80, 0x01, 0x00,
  0x18, 0x00, 0x80, 0x00, 0x00, 0x00, 0x0C, 0x00, 0xC0, 0x01, 0x00, 0x1C, 0x18, 0xC0, 0x81, 0xC1,
  0x1D, 0x00, 0xDC, 0x01, 0xC0, 0x1D, 0x00, 0x9C, 0xC1, 0xC0, 0x00, 0x0C, 0x00, 0x00, 0x00, 0x00,
  0x00, 0x00, 0x18, 0x00, 0x80, 0x01, 0x00, 0x18, 0x80, 0x01, 0x00, 0x18, 0x00, 0x00, 0x00, 0x00,
  0x00, 0x03, 0x00, 0x30, 0x00, 0x00, 0xC0, 0x00, 0x00, 0x1C, 0x00, 0xC0, 0x31, 0x00, 0x1C, 0x03,
  0xC0, 0x01, 0x0C, 0x1C, 0xC0, 0xC0, 0x18, 0x00, 0x80, 0x01, 0x00, 0x18, 0x00, 0x00, 0x00, 0x00,
  0x00, 0x00, 0x00, 0x30, 0x00, 0x80, 0x03, 0x30, 0x38, 0x00, 0x83, 0x03, 0x00, 0x38, 0x00, 0x80,
  0x00, 0x00, 0x00, 0x00, 0x00, 0x00, 0xC0, 0x00, 0x00, 0x0C, 0x00, 0x00, 0x00, 0x00, 0x00, 0x0C,
  0x00, 0xC0, 0xC0, 0x00, 0x00, 0x1C, 0x00, 0xC0, 0x01, 0x0C, 0x1C, 0xC0, 0xC0, 0x01, 0x00, 0x18,
  0x00, 0x00, 0x00, 0x00, 0x00, 0x00, 0x00, 0x00, 0x00, 0x00, 0xC0, 0x00, 0x00, 0x0C, 0x00, 0x04,
  0x00, 0x00, 0x0C, 0x00, 0x00, 0xF0, 0x03, 0x38, 0x00, 0x8E, 0x67, 0x00, 0xF0, 0xC1, 0x1C, 0x00,
  0x80, 0x11, 0x00, 0x00, 0x73, 0x00, 0x00, 0xC0, 0x01, 0x00, 0x00, 0x07, 0x00, 0x00, 0x0C, 0x1C,
  0x00, 0x38, 0x34, 0x00, 0xC0, 0x26, 0xC0, 0x80, 0x43, 0x60, 0x01, 0x40, 0x20, 0x03, 0x80, 0x20,
  0x06, 0x80, 0x24, 0x18, 0x80, 0x1F, 0x70, 0x00, 0x02, 0xC0, 0x01, 0x00, 0x00, 0x07, 0x04, 0x00,
  0xFC, 0x1F, 0x70, 0x00, 0xF0, 0xD8, 0x01, 0x80, 0x0F, 0xE7, 0x01, 0x00, 0x38, 0x07, 0x00, 0x00,
  0x1A, 0x00, 0x00, 0x30, 0xF8, 0x03, 0xC0, 0x0F, 0x0C, 0x00, 0x00, 0x38, 0x0C, 0x00, 0xC0, 0x9A,
  0x0F, 0x80, 0xF3, 0x10, 0x0F, 0x00, 0x70, 0x39, 0x00, 0xC0, 0x61, 0xE0, 0x01, 0x40, 0x3C, 0x03,
  0x80, 0x03, 0x02, 0x00, 0x00, 0x0C, 0x0E, 0x1C, 0x38, 0x1B, 0x74, 0xE0, 0x21, 0x42, 0x00, 0xC0,
  0xC3, 0x00, 0x00, 0x80, 0x00, 0x00, 0x00, 0x9F, 0x07, 0x00, 0xE0, 0x18, 0x00, 0x00, 0x20, 0x10,
  0xF0, 0x60, 0x00, 0x98, 0xC1, 0x00, 0x08, 0x81, 0x05, 0x0C, 0x01, 0x07, 0x06, 0x0F, 0x88, 0x03,
  0x30, 0x90, 0x00, 0x20, 0xB0, 0x00, 0x26, 0x60, 0x00, 0x25, 0x00, 0x00, 0x2D, 0x00, 0x80, 0xC9,
  0x01, 0xC7, 0x08, 0xCD, 0x4D, 0x10, 0x7A, 0x38, 0x20, 0x00, 0x00, 0x60, 0x00, 0x00, 0xC0, 0x01,
  0x00, 0x00, 0x75, 0x00, 0x00, 0xCE, 0x30, 0x00, 0x00, 0x6F, 0x0C, 0x00, 0x40, 0x36, 0x00, 0x80,
  0x62, 0x00, 0x80, 0x81, 0xE0, 0x00, 0x00, 0xB1, 0x01, 0x00, 0x1F, 0x07, 0x00, 0x02, 0x84, 0x07,
  0x00, 0xEC, 0x1C, 0x00, 0x30, 0x30, 0x00, 0x00, 0x60, 0x02, 0x00, 0x80, 0x00, 0x00, 0x86, 0x00,
  0x00, 0x05, 0xC1, 0x03, 0x09, 0x63, 0xC6, 0x08, 0x1E, 0x6C, 0x08, 0x02, 0x28, 0x18, 0x00, 0x30,
  0x20, 0x00, 0x00, 0x60, 0x80, 0x00, 0x80, 0x60, 0x01, 0x82, 0x13, 0x03, 0x00, 0x0E, 0x04, 0x00,
  0x00, 0x0C, 0x00, 0x00, 0xE8, 0x01, 0x00, 0x38, 0x3F, 0x00, 0x00, 0x60, 0x04, 0x00, 0x80, 0x07,
  0x00, 0x00, 0x00, 0x00, 0x0C, 0x00, 0xC0, 0x00, 0x00, 0x0C, 0x00, 0x40, 0x00, 0x00, 0x00, 0x00,
  0x00, 0x00, 0x00, 0x00, 0x00, 0x80, 0x00, 0x00, 0x08, 0x00, 0x80, 0x00, 0x00, 0x08, 0x00, 0x00,
  0x00, 0x00, 0x00, 0x00, 0x00, 0x00, 0x00, 0x00, 0x00, 0x00, 0x01, 0x00, 0x10, 0x00, 0x00, 0x01,
  0x00, 0x10, 0x00, 0x00, 0x00, 0x00, 0x00, 0x20, 0x00, 0x00, 0x02, 0x00, 0x20, 0x00, 0x00, 0x02,
  0x00, 0x20, 0x00, 0x00, 0x02, 0x00, 0x20, 0x00, 0x00, 0x02, 0x00, 0x20, 0x00, 0x00, 0x02, 0x00,
  0x20, 0x00, 0x00, 0x02, 0x00, 0x28, 0x00, 0x80, 0x02, 0x00, 0x28, 0x00, 0x00, 0x02, 0x00, 0x20,
  0x00, 0x00, 0x02, 0x00, 0x20, 0x00, 0x00, 0x02, 0x00, 0x20, 0x00, 0x00, 0x02, 0x00, 0x20, 0x00,
  0x00, 0x00, 0x00, 0x00, 0x00, 0x00, 0x00, 0x00, 0x00, 0x00, 0x00, 0x00, 0x00, 0x00, 0x08, 0x00,
  0xC0, 0x01, 0x00, 0x18, 0x00, 0x80, 0x01, 0x00, 0x18, 0x00, 0x80, 0x01, 0x00, 0x18, 0x00, 0x80,
  0x01, 0x00, 0x18, 0x00, 0x80, 0x01, 0x00, 0x18, 0x00, 0x80, 0x01, 0x00, 0x10, 0x00, 0x00, 0x00,
  0x00, 0x00, 0x00, 0x80, 0x00, 0x00, 0x18, 0x00, 0x00, 0x01, 0x00, 0x00, 0x00, 0x00, 0x00, 0x00,
  0x00, 0x00, 0x80, 0x01, 0x00, 0x18, 0x00, 0x80, 0x01, 0x00, 0x18, 0x00, 0x00, 0x00, 0x00, 0x00,
  0x00, 0x00, 0x00, 0x00, 0x00, 0x00, 0x80, 0x00, 0x00, 0x18, 0x00, 0x80, 0x01, 0x00, 0x10, 0x00,
  0x00, 0x00, 0x00, 0x00, 0x00, 0x00, 0x00, 0x00, 0x10, 0x00, 0x80, 0x01, 0x00, 0x18, 0x00, 0x00,
  0x01, 0x00, 0x10, 0x00, 0x00, 0x10, 0x00, 0x00, 0x01, 0x00, 0x10, 0x00, 0x00, 0x01, 0x00, 0x08,
  0x00, 0x80, 0x00, 0x00, 0x08, 0x00, 0x00, 0x01, 0x00, 0x10, 0x00, 0x00, 0x00, 0x00, 0x00, 0x00,
  0x00, 0x00, 0x00, 0x10, 0x00, 0x00, 0x01, 0x00, 0x10, 0x00, 0x00, 0x01, 0x00, 0x80, 0x00, 0x00,
  0x08, 0x00, 0x80, 0x00, 0x00, 0x00, 0x00, 0x00, 0x00, 0x00, 0x10, 0x00, 0x00, 0x01, 0x00, 0x10,
  0x00, 0x00, 0x01, 0x00, 0x00, 0x00, 0x00, 0x00, 0x00, 0x00, 0x00, 0x00, 0x00, 0x00, 0x00, 0x00,
  0x00, 0x00, 0x00, 0x00, 0x00, 0xC0, 0xFF, 0xFF, 0xC3, 0x03, 0xC0, 0x03, 0x3C, 0x00, 0x3C, 0x00,
  0x00, 0xC0, 0x03, 0xC0, 0x03, 0x00, 0x00, 0x00, 0x00, 0x00, 0x00, 0xC0, 0x03, 0xC0, 0x03, 0x00,
  0x00, 0x00, 0x00, 0x00, 0x00, 0x00, 0x00, 0x00, 0x00, 0x3C, 0x00, 0x3C, 0xC0, 0x03, 0xC0, 0x03,
  0x00, 0x00, 0x00, 0x00, 0x00, 0x00, 0x00, 0xC0, 0x03, 0xC0, 0x03, 0x00, 0x3C, 0x00, 0x3C, 0x00,
  0x00, 0x00, 0x00, 0x00, 0xFC, 0x03, 0xFC, 0x03, 0x00, 0x00, 0x00, 0x00, 0x00, 0x00, 0x00, 0x00,
  0x00, 0x00, 0x00, 0x00, 0x00, 0x3C, 0x00, 0x3C, 0x00, 0x00, 0xC0, 0x03, 0xC0, 0x03, 0x00, 0x3C,
  0x00, 0x3C, 0x00, 0x00, 0x00, 0x00, 0x00, 0x00, 0x00, 0x00, 0x00, 0x3C, 0x00, 0x3C, 0x0C, 0x00,
  0xE0, 0x07, 0x80, 0x7F, 0x00, 0xF8, 0x07, 0x80, 0x7F, 0x00, 0xF8, 0x07, 0x80, 0x7F, 0x00, 0xF8,
  0x07, 0x80, 0x7F, 0x00, 0xF8, 0x07, 0x80, 0x7F, 0x00, 0xF8, 0x01, 0x00, 0x00, 0x00, 0x00, 0xE0,
  0x01, 0x00, 0xFF, 0x01, 0x00, 0x7C, 0x00, 0x00, 0x00, 0xE0, 0x01, 0x00, 0xFC, 0x00, 0x00, 0x00,
  0x00, 0x00, 0x00, 0x80, 0x07, 0x00, 0x30, 0x00, 0x00, 0x03, 0x00, 0x30, 0x00, 0x00, 0x03, 0x00,
  0x30, 0x00, 0x80, 0x03, 0x00, 0x38, 0x00, 0x80, 0x03, 0x00, 0x78, 0x00, 0x00, 0x07, 0x00, 0x77,
  0x00, 0x00, 0x37, 0xC0, 0x33, 0x00, 0x0E, 0x33, 0x00, 0x30, 0x00, 0x0E, 0x03, 0xF0, 0x33, 0x1E,
  0x00, 0xF3, 0xFF, 0x31, 0x30, 0x00, 0x03, 0x00, 0x30, 0x80, 0x0F, 0x7B, 0x00, 0x30, 0x1C, 0x00,
  0x03, 0x0C, 0x30, 0xC0, 0x00, 0x03, 0x0C, 0x30, 0xCE, 0x00, 0x03, 0x0C, 0x30, 0xC0, 0x01, 0x03,
  0x3C, 0x30, 0x80, 0x03, 0x03, 0x38, 0x30, 0x80, 0x03, 0x03, 0x18, 0x30, 0x80, 0x01, 0xC3, 0x1D,
  0x30, 0xD6, 0x01, 0x33, 0x1F, 0x00, 0xC1, 0x00, 0x30, 0x04, 0x00, 0x62, 0x00, 0xE0, 0x06, 0x00,
  0x78, 0x00, 0x00, 0x06, 0x00, 0x60, 0x00, 0x00, 0x06, 0x00, 0x60, 0x00, 0x00, 0x06, 0x00, 0x20,
  0x00, 0x00, 0x02, 0x00, 0x00, 0x07, 0x00, 0x00, 0x00, 0x0E, 0x0E, 0x70, 0x80, 0x1F, 0x00, 0xC0,
  0x01, 0x00, 0xF8, 0x03, 0x1C, 0x00, 0x80, 0x03, 0x03, 0x70, 0x1E, 0x00, 0x30, 0x00, 0x00, 0x00,
  0x00, 0x00, 0x00, 0x80, 0x03, 0x00, 0x38, 0x00, 0x80, 0x03, 0x00, 0x3C, 0x00, 0xC0, 0x03, 0x00,
  0x00, 0x00, 0xC0, 0x01, 0x00, 0x1C, 0x00, 0xC0, 0x03, 0x00, 0x3C, 0x00, 0x00, 0x00, 0x00, 0x3C,
  0x00, 0xC0, 0x03, 0x00, 0x3C, 0x00, 0xC0, 0x03, 0x00, 0x3C, 0x00, 0xC0, 0x03, 0x00, 0x38, 0x00,
  0x80, 0x03, 0x00, 0x78, 0x00, 0x80, 0x07, 0x00, 0x78, 0x00, 0x00, 0x07, 0x00, 0x70, 0x00, 0x00,
  0x0F, 0x00, 0xF0, 0x01, 0x00, 0x17, 0x00, 0xF0, 0x01, 0x00, 0x1E, 0x00, 0xE0, 0x01, 0x00, 0x3E,
  0x00, 0xE0, 0x02, 0x00, 0x20, 0x00, 0x00, 0x02, 0x00, 0x2E, 0x00, 0xE0, 0x03, 0x00, 0x1E, 0x00,
  0xE0, 0x01, 0x00, 0x0E, 0x00, 0xE0, 0x00, 0x00, 0x0E, 0x00, 0xE0, 0x00, 0x00, 0x0E, 0x00, 0xE0,
  0x00, 0x03, 0x00, 0x30, 0x00, 0x00, 0x3C, 0x00, 0xC0, 0x03, 0x00, 0x0C, 0x00, 0x00, 0x0F, 0x00,
  0xF0, 0x00, 0x00, 0x00, 0x00, 0x00, 0x00, 0x00, 0x0C, 0x00, 0xC0, 0x00, 0x00, 0xCC, 0x03, 0x00,
  0x3C, 0x00, 0xC0, 0x00, 0xC0, 0x00, 0x00, 0x0C, 0x00, 0xC0, 0xC0, 0x00, 0x00, 0x0C, 0x00, 0xC0,
  0x00, 0xF0, 0x00, 0x00, 0x0F, 0x00, 0x30, 0x00, 0x00, 0x3C, 0x00, 0xC0, 0x03, 0x00, 0x0C, 0x03,
  0x00, 0xF0, 0x00, 0xF0, 0x0C, 0x00, 0x0F, 0x00, 0x30, 0x30, 0x00, 0x00, 0x03, 0x00, 0x30, 0x00,
  0x30, 0x00, 0x00, 0xC3, 0x03, 0x30, 0x3C, 0x00, 0xC0, 0x00, 0x00, 0x03, 0x00, 0x30, 0x0C, 0x00,
  0xC3, 0x00, 0x00, 0x0C, 0x00, 0x00, 0x00, 0x00, 0x00, 0x00, 0x00, 0x00, 0x00, 0x3C, 0x00, 0xC0,
  0x03, 0x00, 0x0C, 0x00, 0x00, 0x00, 0x30, 0x00, 0x00, 0x03, 0x00, 0x00, 0x00, 0x00, 0x00, 0x03,
  0x00, 0x30, 0xC0, 0x03, 0x3C, 0x3C, 0xC0, 0x03, 0x03, 0xC0, 0x03, 0x00, 0x3C, 0x00, 0x00, 0x00,
  0x00, 0x0F, 0x00, 0xF0, 0x00, 0x00, 0x03, 0x00, 0x00, 0x00, 0x00, 0x00, 0x00, 0x00, 0x00, 0x00,
  0x00, 0x00, 0x30, 0x00, 0x00, 0x03, 0x00, 0x30, 0x00, 0x00, 0x00, 0x00, 0x00, 0x00, 0xC0, 0x00,
  0x00, 0x0C, 0x00, 0xC0, 0x00, 0x00, 0x00, 0x00, 0x0F, 0x00, 0xF0, 0x00, 0x00, 0xC3, 0x00, 0x00,
  0x0C, 0x00, 0x00, 0x00, 0x0C, 0x00, 0xC0, 0x30, 0x00, 0x0C, 0x03, 0x00, 0x30, 0x00, 0x00, 0x00,
  0x00, 0x00, 0x00, 0x3C, 0x00, 0xC0, 0x03, 0x00, 0x0C, 0x00, 0x00, 0x00, 0x00, 0x00, 0x00, 0x00,
  0x03, 0x00, 0x33, 0x00, 0x30, 0x03, 0x00, 0x03, 0x00, 0x00, 0x00, 0x00, 0x00, 0x00, 0x30, 0x00,
  0x00, 0x03, 0x00, 0x00, 0x00, 0x00, 0x00, 0x00, 0x00, 0x00, 0x00, 0x03, 0x00, 0x30, 0x00, 0x00,
  0x03, 0x00, 0x0C, 0x00, 0xC0, 0x00, 0x00, 0x00, 0x00, 0x3C, 0x00, 0xC0, 0x03, 0x00, 0x00, 0x00,
  0x00, 0x00, 0x00, 0x00, 0x00, 0x30, 0x00, 0x00, 0x03, 0x00, 0x30, 0x00, 0x00, 0x00, 0x00, 0x00,
  0x00, 0xC0, 0x03, 0x00, 0x3C, 0x38, 0x00, 0xE0, 0x01, 0x80, 0x07, 0x00, 0x1E, 0x00, 0x78, 0x00,
  0xE0, 0x01, 0x00, 0x07, 0x00, 0x0C, 0x00, 0x30, 0x00, 0x00, 0x00, 0x00, 0x00, 0x00, 0x00, 0x00,
  0x00, 0x00, 0xC0, 0x01, 0x00, 0x07, 0x00, 0x1C, 0x00, 0x70, 0x00, 0xC0, 0x03, 0x00, 0x0E, 0x00,
  0x38, 0x00, 0xE0, 0x00, 0x80, 0x07, 0x00, 0x1E, 0x00, 0x78, 0x00, 0xE0, 0x03, 0x80, 0x0F, 0x00,
  0x3C, 0x00, 0xF0, 0x00, 0xC0, 0x03, 0x00, 0x0F, 0x00, 0x3C, 0x00, 0xE0, 0x00, 0x80, 0x03, 0x00,
  0x1E, 0x00, 0x78, 0x00, 0xE0, 0x01, 0x00, 0x07, 0x00, 0x1C, 0x00, 0x70, 0x00, 0xC0, 0x01, 0x00,
  0x07, 0x00, 0x1C, 0x00, 0x30, 0x00, 0xC0, 0x00, 0x00, 0x03, 0x00, 0x00, 0x00, 0x00, 0x00, 0x00,
  0x00, 0x00, 0x00, 0x00, 0x0C, 0x00, 0x38, 0x00, 0xE0, 0x01, 0x80, 0x07, 0x00, 0x1E, 0x00, 0x78,
  0x00, 0xC0, 0x01, 0x00, 0x03, 0x00, 0x00, 0x00, 0x00, 0x00, 0x00, 0x00, 0x00, 0x0C, 0x00, 0x38,
  0x00, 0xE0, 0x00, 0x80, 0x07, 0x00, 0x1E, 0x00, 0x70, 0x00, 0xC0, 0x01, 0x00, 0x0F, 0x00, 0x3C,
  0x00, 0xF0, 0x00, 0x80, 0x03, 0x00, 0x0E, 0x00, 0x78, 0x00, 0xE0, 0x01, 0x80, 0x07, 0x00, 0x1C,
  0x00, 0x70, 0x00, 0xC0, 0x00, 0x00, 0x00, 0x80, 0x01, 0x00, 0x07, 0x00, 0x1C, 0x07, 0xF0, 0x1C,
  0xC0, 0x73, 0x00, 0xCF, 0x01, 0x38, 0x07, 0xC0, 0x0C, 0x00, 0x33, 0x00, 0xEC, 0x00, 0xB0, 0x03,
  0xC0, 0x0E, 0x00, 0x3B, 0x00, 0xCC, 0x00, 0x00, 0x00, 0x00, 0x00, 0xC0, 0xC0, 0x00, 0x03, 0x03,
  0x1C, 0x0C, 0x70, 0x00, 0xC0, 0x01, 0x00, 0x07, 0x06, 0x0C, 0x18, 0x00, 0xE0, 0x00, 0x80, 0xC3,
  0x00, 0x0E, 0x03, 0x00, 0x0E, 0x00, 0x38, 0x00, 0xE3, 0x00, 0x8C, 0x03, 0x38, 0x0C, 0xE0, 0x30,
  0x80, 0x03, 0x00, 0x0E, 0x00, 0x30, 0x00, 0x00, 0x00, 0x00, 0x00, 0x00, 0x00, 0x00, 0x00, 0x0F,
  0x00, 0xFF, 0x01, 0x0C, 0x00, 0x3C, 0x00, 0xF0, 0x01, 0xC0, 0x0F, 0x00, 0x3F, 0x00, 0xF8, 0x01,
  0xE0, 0x0F, 0x00, 0x7F, 0x00, 0xE0, 0x01, 0x00, 0x0F, 0x00, 0x3C, 0x00, 0xF8, 0x00, 0xF0, 0x01,
  0xE0, 0x03, 0xC0, 0x07, 0x80, 0x1F, 0x00, 0x3F, 0x00, 0x3C, 0x00, 0xF8, 0x00, 0xE0, 0x01, 0xC0,
  0x07, 0x00, 0x0F, 0x00, 0x3C, 0x00, 0xF0, 0x00, 0xC0, 0x03, 0x00, 0x0F, 0x00, 0x1C, 0x00, 0x70,
  0x00, 0xC0, 0x01, 0x00, 0x07, 0x00, 0x00, 0x00, 0x00, 0x00, 0x00, 0x00, 0x00, 0x00, 0x00, 0x06,
  0x00, 0x1C, 0x00, 0x78, 0x00, 0xE0, 0x01, 0xC0, 0x07, 0x00, 0x1F, 0x00, 0x3E, 0x00, 0xF8, 0x00,
  0xE0, 0x01, 0xC0, 0x07, 0x00, 0x1F, 0x00, 0x3E, 0x00, 0xFC, 0x00, 0xF0, 0x01, 0xE0, 0x07, 0x80,
  0x1F, 0x00, 0x7F, 0x00, 0x7C, 0x00, 0xF0, 0x00, 0xC0, 0x03, 0x00, 0x0F, 0x00, 0x3C, 0x00, 0xE0,
  0x01, 0x80, 0x07, 0x00, 0x3C, 0x00, 0xF0, 0x01, 0x80, 0x0F, 0x00, 0x7E, 0x00, 0xF0, 0x01, 0x80,
  0x0F, 0x00, 0x3E, 0x00, 0xF0, 0x00, 0xC0, 0x07, 0x00, 0x1E, 0x00, 0xF8, 0x00, 0xE0, 0x03, 0x00,
  0x1F, 0x00, 0xFC, 0x00, 0xE0, 0x07, 0x80, 0x3F, 0x00, 0xFC, 0x00, 0xE0, 0x07, 0x00, 0x1E, 0x00,
  0x78, 0x00, 0xE0, 0x01, 0x80, 0x07, 0x00, 0x0E, 0x00, 0x1C, 0x00, 0x78, 0x00, 0xF0, 0x00, 0xC0,
  0x03, 0x80, 0x0F, 0x00, 0x1E, 0x00, 0x7C, 0x00, 0xF8, 0x01, 0xE0, 0x03, 0x80, 0x07, 0x00, 0x1E,
  0x00, 0x38, 0x00, 0xE0, 0x00, 0x80, 0x03, 0x00, 0x00, 0x00, 0x00, 0x00, 0x00, 0x00, 0x00, 0x00,
  0x00, 0x00, 0x00, 0x00, 0x00, 0xE0, 0x00, 0x80, 0x03, 0x00, 0x0E, 0x00, 0x38, 0x00, 0xE0, 0x00,
  0x80, 0x03, 0x00, 0x00, 0x00, 0x00, 0x00, 0x00, 0x00, 0xE0, 0x00, 0xC0, 0x03, 0x00, 0x0F, 0x00,
  0x3E, 0x00, 0xF8, 0x00, 0xE0, 0x01, 0x80, 0x07, 0x00, 0x1E, 0x00, 0x38, 0x00, 0xE0, 0x00, 0x06,
  0x00, 0x00, 0x07, 0x60, 0x00, 0x0F, 0x60, 0x60, 0x0F, 0x60, 0x60, 0x1E, 0x60, 0x60, 0x3E, 0x60,
  0x70, 0x7E, 0x60, 0x70, 0xFE, 0x60, 0x30, 0xEE, 0x00, 0x30, 0xC6, 0x01, 0x38, 0xC0, 0x01, 0x7E,
  0xC0, 0x01, 0x7E, 0xC0, 0x0C, 0xE7, 0x00, 0x0C, 0xE7, 0x00, 0x3C, 0xE3, 0x00, 0x3C, 0xC3, 0x00,
  0x3C, 0xC3, 0x00, 0x3E, 0xC3, 0x00, 0x7F, 0xC0, 0x00, 0x77, 0xC0, 0x00, 0x63, 0x00, 0x00, 0xE3,
  0x00, 0x00, 0xE3, 0x00, 0x00, 0xE3, 0x00, 0x06, 0xC0, 0x00, 0x06, 0xC0, 0x00, 0x06, 0xC3, 0x00,
  0x07, 0xC3, 0x00, 0x07, 0xC3, 0x00, 0x0F, 0x07, 0x18, 0x0F, 0x07, 0x98, 0x3F, 0x06, 0xD8, 0x3F,
  0x06, 0xD8, 0x7B, 0x06, 0xF8, 0x71, 0x06, 0xF8, 0xF0, 0x0E, 0xF0, 0xE0, 0x0E, 0xF0, 0xE0, 0x0C,
  0x70, 0xE0, 0x0C, 0x60, 0xC0, 0x0C, 0x60, 0xC0, 0x6C, 0x60, 0x00, 0xEC, 0x00, 0x00, 0xE0, 0x01,
  0x00, 0xF0, 0x03, 0x00, 0xF0, 0xC3, 0x19, 0x70, 0xC3, 0x1B, 0x36, 0xC7, 0x1B, 0x36, 0x87, 0x1F,
  0x06, 0x0E, 0x1F, 0x06, 0x0E, 0x1E, 0x07, 0x0E, 0x0C, 0x07, 0x0C, 0x0C, 0x03, 0x0C, 0x0C, 0x03,
  0x0C, 0x0C, 0xC0, 0x00, 0x00, 0xC0, 0x00, 0xC0, 0xC0, 0x00, 0xC0, 0xC0, 0x00, 0xC0, 0xC0, 0x00,
  0xC1, 0xC1, 0x81, 0xC3, 0xC3, 0x81, 0x83, 0xC3, 0x81, 0x83, 0x87, 0x83, 0x07, 0x87, 0x83, 0x0F,
  0x07, 0x83, 0x0F, 0x06, 0xC3, 0x0D, 0x06, 0xF3, 0x0C, 0x00, 0xF0, 0x0C, 0x00, 0x70, 0x0C, 0x00,
  0x30, 0x00, 0x00, 0x30, 0x00, 0x60, 0x30, 0xC0, 0x60, 0x00, 0xC0, 0x70, 0x00, 0xC0, 0x71, 0x00,
  0xC0, 0x71, 0x00, 0xE0, 0x3B, 0x0C, 0xF0, 0x3F, 0x0C, 0x70, 0x1F, 0x1C, 0x78, 0x1E, 0x3C, 0x38,
  0x0C, 0x38, 0x38, 0x0C, 0x30, 0x18, 0x00, 0x30, 0x00, 0x00, 0x00, 0x00, 0x00, 0x00, 0x00, 0x00,
  0x00, 0xFF, 0xFF, 0xFF, 0xC6, 0x03, 0x3C, 0x0F, 0xF6, 0x78, 0xFC, 0xE1, 0xFD, 0x0F, 0xFF, 0x7F,
  0xFC, 0xFF, 0xF1, 0x3B, 0xF3, 0xC1, 0xE0, 0x03, 0x81, 0x0F, 0xC0, 0x3F, 0x80, 0xFF, 0x01, 0xFF,
  0x07, 0xFC, 0x3E, 0xFF, 0xF2, 0xFF, 0x82, 0xFF, 0x01, 0xFE, 0x0F, 0xF0, 0xFC, 0x80, 0xF1, 0x07,
  0x80, 0x1F, 0x00, 0x7A, 0x00, 0xC0, 0xCF, 0x00, 0xFF, 0x07, 0xFC, 0x3F, 0x00, 0xFF, 0x03, 0xFC,
  0x5F, 0x70, 0xFA, 0xE7, 0xE3, 0xBF, 0x0F, 0xFF, 0x1F, 0xFC, 0x1F, 0x78, 0xFE, 0xF8, 0xC1, 0xFF,
  0x03, 0xFE, 0x07, 0xF0, 0x07, 0x40, 0x07, 0x0C, 0x3E, 0xF0, 0xFC, 0xE0, 0xFF, 0xC1, 0xFF, 0x85,
  0xF7, 0x83, 0x8F, 0x06, 0x3F, 0x3C, 0x7E, 0xFD, 0xFD, 0xFF, 0xFF, 0xFF, 0xFD, 0xF9, 0xE3, 0xC7,
  0x00, 0x7E, 0x00, 0xF0, 0x03, 0xC0, 0x4F, 0x0C, 0xFE, 0xFF, 0xF0, 0xFF, 0x07, 0xFF, 0x3F, 0xF8,
  0xF1, 0xF1, 0x80, 0xC7, 0x03, 0xFC, 0x07, 0xF0, 0x0F, 0xE0, 0x3F, 0x80, 0xFF, 0x1F, 0x8F, 0xFF,
  0x3C, 0xFC, 0x7F, 0xD0, 0xFF, 0x81, 0xF7, 0x0F, 0xCE, 0x7F, 0x70, 0xEC, 0xE7, 0x01, 0xFF, 0x03,
  0xF4, 0x0F, 0x80, 0x3F, 0x00, 0xF0, 0x07, 0xC0, 0x3F, 0x00, 0xFF, 0x00, 0xFC, 0x0F, 0xF0, 0x7F,
  0xE0, 0xF9, 0xC3, 0xC7, 0xBF, 0x8F, 0xFF, 0x3F, 0xFE, 0xFF, 0x78, 0xFE, 0xE1, 0xF9, 0x8F, 0x07,
  0x3C, 0x1E, 0xF0, 0x7D, 0xC0, 0xFF, 0x00, 0xFF, 0x03, 0xFC, 0x07, 0x00, 0x0F, 0x0E, 0x3E, 0x7C,
  0xF8, 0xF1, 0xFB, 0xEF, 0xFF, 0xBF, 0xFF, 0xFF, 0xFF, 0x8F, 0xBF, 0x3E, 0xFE, 0x00, 0xFC, 0x01,
  0xF0, 0x03, 0xE0, 0x0F, 0x80, 0x0F, 0x70, 0x1E, 0xFE, 0xFB, 0xFF, 0xFF, 0xFF, 0xFF, 0xFF, 0xFF,
  0xE3, 0x47, 0x8F, 0x1F, 0x3C, 0x1E, 0xF0, 0x38, 0xF0, 0xE1, 0xE1, 0x87, 0xCF, 0x0F, 0x3C, 0x1F,
  0xF0, 0x3C, 0xC0, 0xF7, 0x00, 0xFE, 0x03, 0xFC, 0x1F, 0xF8, 0xFF, 0xF0, 0xFF, 0xE7, 0x67, 0xFF,
  0x1F, 0xF8, 0x1F, 0xE0, 0x3F, 0x80, 0xFF, 0x00, 0xBF, 0x07, 0x7F, 0xDE, 0xFE, 0xF8, 0xFF, 0xE3,
  0xFF, 0xC7, 0xFF, 0x3F, 0xFF, 0xFF, 0x7F, 0xC1, 0xFF, 0x00, 0xFE, 0x00, 0xF0, 0x3F, 0x00, 0xE0,
  0x3F, 0x00, 0xE0, 0x3F, 0x00, 0xE0, 0x3F, 0x00, 0xE0, 0x3F, 0x00, 0xE0, 0x3F, 0x00, 0xE0, 0x3F,
  0x00, 0xE0, 0x3C, 0x00, 0xE0, 0x3C, 0x00, 0xE0, 0x3C, 0x00, 0xE0, 0x3E, 0x00, 0xE0, 0x3E, 0x00,
  0xE0, 0x1F, 0x00, 0x00, 0x07, 0x00, 0x00, 0x07, 0x00, 0x00, 0x07, 0x00, 0x00, 0x07, 0x00, 0x80,
  0x07, 0x00, 0xE0, 0x1F, 0x00, 0xE0, 0x3F, 0x00, 0x20, 0x3C, 0x00, 0x20, 0x3C, 0x00, 0xE0, 0x0C,
  0x00, 0xE0, 0x0C, 0x00, 0x60, 0x0C, 0x00, 0x60, 0x0C, 0x00, 0x20, 0x1C, 0x00, 0x00, 0x18, 0x00,
  0x00, 0x19, 0x00, 0xE0, 0x39, 0x00, 0xE0, 0x39, 0x00, 0xE0, 0x3B, 0x00, 0x00, 0x33, 0x00, 0x00,
  0x33, 0x00, 0x00, 0x33, 0x00, 0x80, 0x33, 0x00, 0x80, 0x3F, 0x00, 0x00, 0x3F, 0x00, 0x20, 0x1F,
  0x00, 0xE0, 0x0F, 0x00, 0xE0, 0x0C, 0x00, 0xE0, 0x04, 0x00, 0xE0, 0x00, 0x00, 0xE0, 0x20, 0x00,
  0xC0, 0x30, 0x00, 0xC0, 0x31, 0x00, 0xC0, 0x31, 0x00, 0xC0, 0x38, 0x00, 0x00, 0x3C, 0x00, 0x00,
  0x3E, 0x00, 0x20, 0x1F, 0x00, 0xE0, 0x1F, 0x00, 0xE0, 0x1F, 0x00, 0xC0, 0x1E, 0x00, 0x00, 0x18,
  0x00, 0x00, 0x18, 0x00, 0x00, 0x18, 0x00, 0x00, 0x38, 0x00, 0x00, 0x30, 0x00, 0x60, 0x30, 0x00,
  0xE0, 0x00, 0x00, 0xE0, 0x03, 0x00, 0xE0, 0x03, 0x00, 0xC0, 0x07, 0x00, 0xC0, 0x0F, 0x00, 0xC0,
  0x1D, 0x00, 0xC0, 0x1C, 0x00, 0xC0, 0x00, 0x00, 0x00, 0x00, 0x00, 0x00, 0x3F, 0x00, 0xE0, 0x3F,
  0x00, 0xE0, 0x0F, 0x00, 0xFC, 0x00, 0xC0, 0x0F, 0x00, 0xFC, 0x00, 0xC0, 0x0F, 0x00, 0x7E, 0x00,
  0xE0, 0x03, 0x00, 0x3F, 0x00, 0xF0, 0x03, 0x00, 0x1F, 0x00, 0xF8, 0x01, 0x80, 0x1F, 0x00, 0xF8,
  0x00, 0xE0, 0x0F, 0x00, 0x7F, 0x00, 0xF8, 0x07, 0xE0, 0x7F, 0x00, 0xFF, 0x07, 0xF8, 0x7F, 0xE0,
  0xFF, 0x03, 0xFF, 0x3F, 0xF0, 0x3F, 0x83, 0xFF, 0x01, 0xFC, 0x0F, 0xE0, 0xFF, 0x00, 0xFF, 0x07,
  0xF0, 0x3F, 0x00, 0xFF, 0x01, 0xF8, 0x0F, 0x80, 0xEF, 0x00, 0xFC, 0x00, 0xC0, 0x07, 0x00, 0x7E,
  0x00, 0xF0, 0x03, 0x00, 0x3F, 0x70, 0xF8, 0x01, 0x87, 0x0F, 0x78, 0xF8, 0x80, 0x87, 0x0F, 0xF8,
  0x70, 0x80, 0x0F, 0x07, 0xF8, 0x01, 0x00, 0x1F, 0x00, 0xF0, 0x01, 0x00, 0x7F, 0x00, 0xF0, 0x07,
  0x00, 0x7F, 0x00, 0xF0, 0x0F, 0x00, 0xFE, 0x00, 0xE0, 0x0F, 0x00, 0xFC, 0x00, 0x80, 0x0F, 0x00,
  0xF8, 0x00, 0x80, 0x0F, 0x00, 0x78, 0x00, 0x00, 0x07, 0x00, 0x00, 0x00, 0x00, 0x00, 0x00, 0x00,
  0x00, 0x00, 0x00, 0x00, 0x00, 0x00, 0xC0, 0x07, 0x00, 0x7E, 0x00, 0xF0, 0x07, 0xE0, 0x3F, 0x00,
  0xFF, 0x01, 0xF0, 0x0F, 0x80, 0xFF, 0x00, 0xFE, 0x07, 0xF0, 0x37, 0x00, 0x3F, 0x0F, 0xF8, 0xF1,
  0x80, 0x1F, 0x1F, 0xFC, 0xE0, 0xC7, 0x07, 0x7E, 0x7C, 0xC0, 0xC7, 0x07, 0xFC, 0x3E, 0x80, 0xEF,
  0x00, 0xF0, 0x0F, 0x00, 0xFF, 0x00, 0xE0, 0x07, 0x00, 0x3C, 0x00, 0x80, 0x03, 0x00, 0x38, 0x00,
  0x80, 0x03, 0x00, 0x30, 0x00, 0x00, 0x00, 0x00, 0x00, 0x00, 0x00, 0x00, 0x00, 0x00, 0xFF, 0xFF,
  0x8F, 0x01, 0x60, 0x00, 0x18, 0x00, 0x06, 0xC0, 0x01, 0x70, 0x00, 0x1E, 0x80, 0x07, 0xE0, 0x00,
  0x38, 0x00, 0x0E, 0x80, 0x01, 0x60, 0x00, 0x1B, 0xC0, 0x00, 0x30, 0x00, 0x0C, 0x00, 0x07, 0xC0,
  0x01, 0x70, 0x00, 0x18, 0x00, 0x0E, 0x80, 0x03, 0xE0, 0x01, 0x70, 0x00, 0x9C, 0x01, 0x67, 0x80,
  0x19, 0x00, 0x07, 0xC0, 0x01, 0x30, 0x00, 0x0E, 0x80, 0x03, 0x60, 0x00, 0x1C, 0x00, 0x07, 0xE0,
  0x01, 0x38, 0x00, 0x0F, 0xC0, 0x01, 0x70, 0x00, 0x1E, 0x80, 0x61, 0x70, 0x1C, 0x1C, 0x07, 0xC3,
  0xE1, 0x70, 0x38, 0x0E, 0x8E, 0xC3, 0xE1, 0x70, 0x38, 0x1C, 0x8C, 0x03, 0xE7, 0xC0, 0x39, 0xE0,
  0x06, 0xB8, 0x01, 0x6E, 0x80, 0xC3, 0xC0, 0x30, 0x30, 0x0C, 0x8C, 0x03, 0xE0, 0x00, 0x1C, 0x00,
  0x07, 0xE0, 0x01, 0x3C, 0x00, 0x0F, 0xE0, 0x01, 0x78, 0x00, 0x0F, 0xC0, 0x03, 0x70, 0x00, 0x1C,
  0x60, 0x07, 0x18, 0x00, 0x0E, 0x80, 0x03, 0xE0, 0x01, 0x70, 0x00, 0x3C, 0x00, 0x0E, 0x80, 0x07,
  0xC0, 0x01, 0xF0, 0x00, 0x78, 0x00, 0x3E, 0x00, 0x0F, 0x86, 0x83, 0xC1, 0x70, 0x30, 0x1C, 0x00,
  0x07, 0xE6, 0x80, 0x3B, 0xE0, 0x0F, 0xF8, 0x01, 0x7C, 0x00, 0x1E, 0x80, 0x07, 0x20, 0x00, 0x00,
  0x00, 0x00, 0x00, 0x00, 0x00, 0x00, 0x30, 0x00, 0x1E, 0x80, 0x07, 0xE0, 0x01, 0xF8, 0x00, 0x7C,
  0x00, 0x3F, 0x80, 0x0F, 0xC0, 0x03, 0xF0, 0x00, 0x38, 0x00, 0x0C, 0x00, 0x03, 0x00, 0x00, 0x00,
  0x03, 0xE0, 0x00, 0x3C, 0x80, 0x07, 0xE0, 0x01, 0x3C, 0x00, 0x0F, 0xE0, 0x01, 0x78, 0x00, 0x0E,
  0xC0, 0x03, 0xF0, 0x00, 0x1E, 0xC0, 0x07, 0xF0, 0x01, 0x1C, 0x80, 0x07, 0xF0, 0x00, 0x3C, 0x86,
  0x87, 0xF1, 0xE0, 0x3C, 0x38, 0x0F, 0xCE, 0x01, 0x77, 0xC0, 0x0D, 0x70, 0x10, 0x18, 0x06, 0xC6,
  0x81, 0x71, 0x00, 0x1E, 0x80, 0x03, 0xF0, 0x00, 0x3C, 0x80, 0x07, 0xF0, 0x01, 0x3C, 0x80, 0x0F,
  0xE0, 0x01, 0x78, 0x30, 0x00, 0x18, 0x0C, 0x00, 0x06, 0x03, 0x80, 0xC1, 0x00, 0x60, 0x30, 0x00,
  0x18, 0x0C, 0x00, 0x00, 0x03, 0x00, 0xC0, 0x03, 0x00, 0xC0, 0x00, 0x60, 0x30, 0x00, 0x18, 0x0C,
  0x00, 0x06, 0x03, 0x80, 0xC7, 0x00, 0xC0, 0x31, 0x00, 0x60, 0x00, 0x00, 0x18, 0x00, 0x00, 0x02,
  0x00, 0x00, 0x0C, 0x00, 0x00, 0x33, 0x00, 0x00, 0x0C, 0x00, 0x0C, 0x03, 0x00, 0xC3, 0x00, 0xC0,
  0x30, 0x00, 0x30, 0x00, 0x00, 0x0C, 0x00, 0x00, 0x03, 0x00, 0x30, 0xC0, 0x00, 0x0C, 0x30, 0x00,
  0x03, 0x0C, 0xC0, 0x00, 0x03, 0x30, 0xC0, 0x00, 0x0C, 0x30, 0x00, 0x03, 0x00, 0xC0, 0x00, 0x00,
  0x00, 0x00, 0x00, 0x00, 0x00, 0x00, 0x00, 0x06, 0x00, 0x83, 0x01, 0xC6, 0x60, 0x80, 0x31, 0x18,
  0x60, 0x0C, 0x06, 0x18, 0x03, 0x00, 0xC6, 0x00, 0x80, 0x01, 0xCC, 0x00, 0x00, 0x33, 0x00, 0x60,
  0x0C, 0x00, 0x18, 0x03, 0x10, 0x00, 0x0C, 0x06, 0x60, 0x83, 0x01, 0xD8, 0x60, 0x0C, 0x36, 0x08,
  0x03, 0x0C, 0xE0, 0x00, 0x03, 0x1C, 0xC0, 0x00, 0x03, 0x30, 0xE0, 0x00, 0x0C, 0x1C, 0x00, 0x00,
  0x03, 0x00, 0xC0, 0x00, 0x00, 0x30, 0x00, 0x03, 0x0C, 0xC0, 0x00, 0x00, 0x30, 0x00, 0x00, 0x0C,
  0x00, 0x00, 0x83, 0x01, 0x00, 0x60, 0x06, 0x00, 0x98, 0x01, 0xC0, 0x66, 0x00, 0x30, 0x18, 0x00,
  0x0C, 0x06, 0x00, 0x03, 0x00, 0xC0, 0x00, 0x00, 0x30, 0x00, 0x00, 0x0C, 0x03, 0x00, 0xC3, 0x00,
  0x00, 0x00, 0x00, 0x00, 0x03, 0x00, 0xC0, 0x00, 0x00, 0x00, 0x03, 0x00, 0xC6, 0x00, 0x80, 0x31,
  0x00, 0x60, 0x00, 0x00, 0x18, 0x00, 0x00, 0x06, 0x00, 0x00, 0x00, 0x00, 0x00, 0x30, 0x00, 0x00,
  0x0C, 0x00, 0x00, 0x03, 0xC0, 0x00, 0x00, 0x30, 0x00, 0x00, 0x0F, 0x00, 0xC0, 0x00, 0x00, 0x30,
  0x80, 0x01, 0x0F, 0x60, 0xC0, 0x00, 0x18, 0x30, 0x00, 0x0E, 0x0C, 0x00, 0x03, 0x03, 0xC0, 0xC0,
  0x00, 0x33, 0x30, 0xC3, 0xC0, 0xC0, 0x30, 0x30, 0x30, 0x00, 0x0C, 0x0C, 0x00, 0x03, 0x07, 0xC0,
  0x80, 0x03, 0x00, 0xC0, 0x0C, 0x00, 0x30, 0x03, 0x00, 0xCC, 0x00, 0x00, 0x33, 0xCC, 0x00, 0x0C,
  0x33, 0xC0, 0xC0, 0x1C, 0x30, 0x3C, 0x0E, 0x00, 0x03, 0x33, 0xC0, 0xC0, 0x0C, 0x30, 0x30, 0x03,
  0x0C, 0xCC, 0x00, 0x03, 0x33, 0x00, 0x00, 0x00, 0x00, 0x00, 0x00, 0x00, 0x00, 0x00, 0x00, 0x00,
  0xFF, 0xFF, 0x7F, 0x00, 0x0C, 0xE0, 0x01, 0x3F, 0xF8, 0xC7, 0x77, 0x5C, 0xC6, 0x40, 0x04, 0x00,
  0x00, 0x41, 0x7C, 0xFC, 0xFF, 0xFF, 0xFF, 0xFF, 0xFF, 0xFF, 0xFF, 0xFD, 0xCE, 0xED, 0xDC, 0xCC,
  0x0D, 0xD8, 0x80, 0x19, 0x98, 0x91, 0x19, 0x19, 0x9C, 0xC1, 0x19, 0x9C, 0xE3, 0x79, 0xDF, 0xF7,
  0x7F, 0xFF, 0xF0, 0x0F, 0xFF, 0xE0, 0x02, 0x26, 0x20, 0x40, 0x02, 0x06, 0xE0, 0x10, 0x0E, 0xED,
  0xFC, 0xDC, 0x8F, 0xFF, 0xF8, 0x99, 0x9B, 0x39, 0x98, 0x81, 0x01, 0x38, 0x80, 0x83, 0x39, 0xBC,
  0xC7, 0xFF, 0xFE, 0xEF, 0xFE, 0xE7, 0x3F, 0xE4, 0x43, 0x1E, 0xE4, 0x41, 0x18, 0x8E, 0xF1, 0xF0,
  0x1F, 0xFF, 0xF1, 0x13, 0x1E, 0xE3, 0x31, 0x1E, 0xC3, 0x39, 0x9C, 0xC7, 0xF9, 0x9C, 0xCF, 0xF9,
  0x08, 0x0E, 0x00, 0x00, 0x00, 0x04, 0xF0, 0xB0, 0xBF, 0xFF, 0xFF, 0xFF, 0xFF, 0xFF, 0xFF, 0x03,
  0x00, 0x00, 0x00, 0x00, 0x00, 0x00, 0xC0, 0xFF, 0xFF, 0xFF, 0xFF, 0xFF, 0x3F, 0xFE, 0xE3, 0x3F,
  0x26, 0x63, 0xB0, 0x06, 0x0B, 0xA0, 0x01, 0x1A, 0x82, 0x61, 0x00, 0x07, 0xF8, 0x80, 0x0F, 0xF8,
  0x00, 0x0E, 0x00, 0x1C, 0xC0, 0x03, 0x7C, 0xC0, 0xC7, 0x60, 0x0E, 0xE0, 0x00, 0x1E, 0xE0, 0x03,
  0xF8, 0x00, 0xCF, 0xE0, 0x1C, 0xCC, 0xC1, 0x1C, 0x80, 0x01, 0x18, 0x80, 0x01, 0x08, 0xC3, 0x78,
  0x8C, 0x67, 0x38, 0x06, 0x61, 0x40, 0xA9, 0x52, 0xAA, 0x94, 0x2A, 0xA5, 0xCA, 0xFF, 0x5F, 0xAA,
  0x94, 0x2A, 0xA5, 0x4A, 0xA8, 0x12, 0xA8, 0x00, 0x08, 0x04, 0x00, 0x05, 0x40, 0x01, 0x52, 0x81,
  0xFF, 0xFF, 0xFF, 0x4F, 0x45, 0x52, 0x91, 0x50, 0x24, 0x10, 0x01, 0x00, 0x00, 0x00, 0x08, 0x00,
  0x12, 0xF2, 0xFF, 0x23, 0xA5, 0x48, 0x29, 0x52, 0x8A, 0x94, 0x22, 0x85, 0x00, 0x01, 0x00, 0x20,
  0x80, 0x08, 0x20, 0x12, 0xC8, 0xFF, 0x2F, 0x89, 0x48, 0x22, 0x92, 0x08, 0x20, 0x02, 0x0A, 0x80,
  0x80, 0x28, 0xE0, 0xFF, 0xFF, 0xFF, 0xAB, 0x90, 0x0A, 0xA4, 0x00, 0x01, 0x00, 0x00, 0x02, 0xFF,
  0xBF, 0xA4, 0x24, 0x29, 0x49, 0x4A, 0x92, 0x12, 0x84, 0x04, 0x00, 0x01, 0x00, 0x00, 0x00, 0x08,
  0x00, 0x02, 0x92, 0x80, 0xFF, 0x3F, 0x49, 0x4A, 0x92, 0x92, 0x24, 0x04, 0x09, 0x00, 0x02, 0x20,
  0x20, 0x88, 0xFF, 0xFF, 0xFF, 0xAF, 0xAA, 0xAA, 0xA2, 0xA2, 0xA8, 0x20, 0x00, 0x00, 0x08, 0x12,
  0x92, 0xE4, 0xFF, 0x2F, 0x49, 0x4A, 0x90, 0x10, 0x24, 0x00, 0x08, 0x00, 0x00, 0x00, 0xFF, 0xFF,
  0xFF, 0xAF, 0x52, 0xA9, 0x54, 0x2A, 0x95, 0x4A, 0xA5, 0x52, 0xA9, 0x54, 0x03, 0x00, 0x30, 0x00,
  0x00, 0x03, 0x00, 0x30, 0x00, 0x00, 0x00, 0x00, 0x00, 0x00, 0x00, 0x00, 0x00, 0x00, 0x00, 0x00,
  0x0C, 0x00, 0xC0, 0x00, 0x00, 0x3C, 0x00, 0xC0, 0x03, 0x00, 0x3C, 0x00, 0xC0, 0x03, 0x00, 0x3C,
  0x00, 0xC0, 0x03, 0x00, 0x30, 0x00, 0x00, 0x03, 0x00, 0x30, 0x00, 0x00, 0x03, 0x00, 0x00, 0x00,
  0x00, 0x00, 0x00, 0x00, 0x00, 0x00, 0x00, 0x00, 0x00, 0x00, 0x00, 0x0C, 0x00, 0xC0, 0x00, 0x00,
  0x0C, 0x00, 0xC0, 0x00, 0x00, 0x0C, 0x00, 0xC0, 0x00, 0x00, 0x60, 0x00, 0x00, 0x06, 0x00, 0x60,
  0x00, 0x00, 0x06, 0x00, 0x0C, 0x00, 0xC0, 0x00, 0x00, 0x0C, 0x00, 0xC0, 0x30, 0x00, 0x0C, 0x03,
  0xC0, 0x30, 0x00, 0x00, 0x03, 0x00, 0x00, 0x00, 0x06, 0x00, 0x60, 0x00, 0x00, 0x06, 0x00, 0x60,
  0xC0, 0x00, 0x06, 0x0C, 0x60, 0xC0, 0x60, 0x06, 0x0C, 0x06, 0xC0, 0x60, 0x00, 0x00, 0x06, 0x00,
  0x60, 0x00, 0x30, 0x06, 0x00, 0x63, 0x00, 0x30, 0x06, 0x00, 0x00, 0x00, 0x00, 0x00, 0x00, 0x00,
  0x00, 0x00, 0x00, 0x00, 0x0C, 0x00, 0xC0, 0x00, 0x00, 0x0C, 0x00, 0xC0, 0x00, 0x00, 0x00, 0x00,
  0x00, 0x00, 0x00, 0x00, 0x00, 0xC0, 0x00, 0x00, 0x0C, 0x00, 0xC0, 0x00, 0x00, 0x0C, 0x00, 0xC0,
  0x00, 0x00, 0x0C, 0x00, 0x00, 0x00, 0x00, 0x00, 0x00, 0x00, 0x00, 0xC0, 0x00, 0x00, 0x0C, 0x00,
  0xC0, 0x00, 0x00, 0x0C, 0x00, 0xC0, 0x00, 0x00, 0x0C, 0x00, 0x00, 0x00, 0x00, 0x00, 0x00, 0x00,
  0x00, 0x00, 0x00, 0x00, 0x30, 0x00, 0x00, 0x03, 0x00, 0x3C, 0x00, 0xC0, 0x03, 0x00, 0x3C, 0x00,
  0xC0, 0x00, 0x00, 0x0F, 0x00, 0xF0, 0x00, 0x00, 0x0F, 0x00, 0x30, 0x00, 0x00, 0x03, 0x00, 0x30,
  0x00, 0x00, 0x03, 0x00, 0x30, 0x00, 0x00, 0x00, 0x00, 0x00, 0x00, 0x00, 0x00, 0x00, 0x00, 0x00,
  0x00, 0x00, 0x00, 0x00, 0x00, 0x00, 0x03, 0x00, 0x30, 0x00, 0x00, 0x03, 0x00, 0x30, 0x00, 0x00,
  0x03, 0x00, 0x30, 0x00, 0x00, 0x03, 0x00, 0x30, 0x00, 0x00, 0x00, 0x00, 0x00, 0x00, 0x60, 0x00,
  0x00, 0x06, 0x03, 0x60, 0x30, 0x00, 0x00, 0x03, 0x00, 0x30, 0xC0, 0x00, 0x03, 0x0C, 0x30, 0xF0,
  0x00, 0x03, 0x0F, 0x00, 0xF0, 0x00, 0x00, 0x03, 0x00, 0x30, 0x00, 0x00, 0x00, 0x00, 0x06, 0x00,
  0x60, 0x00, 0x0C, 0x06, 0xC0, 0x00, 0x00, 0x0C, 0x00, 0xC0, 0x0C, 0x00, 0xCC, 0x00, 0xC0, 0x0C,
  0x00, 0x00, 0x00, 0x00, 0x00, 0x00, 0x00, 0x00, 0x00, 0x00, 0x00, 0x00, 0x00, 0x00, 0x03, 0x00,
  0x30, 0x00, 0x00, 0x03, 0x00, 0x30, 0x00, 0x00, 0x03, 0x00, 0x30, 0x00, 0x00, 0x00, 0x00, 0x00,
  0x00, 0x00, 0x00, 0x00, 0x00, 0x00, 0x00, 0x00, 0x00, 0x00, 0x00, 0x00, 0x00, 0xFF, 0xFF, 0xFF,
  0x03, 0xC0, 0x0F, 0x00, 0x00, 0x00, 0x00, 0x00, 0x00, 0x00, 0x00, 0x0C, 0x00, 0x70, 0x00, 0xC0,
  0x01, 0x00, 0x07, 0x00, 0x18, 0x00, 0xE0, 0x00, 0x80, 0x03, 0x00, 0x0E, 0x00, 0x70, 0x00, 0xC0,
  0x01, 0x00, 0x0F, 0x00, 0x3C, 0x00, 0xE0, 0x00, 0x80, 0x03, 0x00, 0x1E, 0x00, 0x78, 0x00, 0xC0,
  0x01, 0x00, 0x07, 0x60, 0x1C, 0x80, 0x61, 0x00, 0x86, 0x01, 0x1C, 0x06, 0x70, 0x00, 0xC0, 0x01,
  0x80, 0x03, 0x00, 0x0E, 0x00, 0x38, 0x00, 0x70, 0x00, 0xC3, 0x01, 0x8C, 0x03, 0x30, 0x0E, 0xE0,
  0x38, 0x80, 0xE3, 0x00, 0x8E, 0x03, 0x18, 0x0E, 0x70, 0x78, 0xC0, 0xE1, 0x03, 0x07, 0x1E, 0x0C,
  0x70, 0x30, 0x80, 0xC3, 0x00, 0x0E, 0x00, 0x70, 0x00, 0xC0, 0x01, 0x00, 0x0E, 0x00, 0x38, 0x00,
  0xC0, 0x01, 0x00, 0x07, 0x00, 0x18, 0x00, 0x60, 0x00, 0x80, 0x01, 0x60, 0x06, 0x80, 0x01, 0x00,
  0x07, 0x00, 0x1C, 0x00, 0x30, 0x30, 0xE0, 0xC0, 0x80, 0x03, 0x03, 0x06, 0x1C, 0x1C, 0x70, 0x70,
  0x80, 0xC1, 0x00, 0x8E, 0x03, 0x38, 0x0E, 0xE0, 0x38, 0x80, 0xE3, 0x01, 0x1C, 0x0F, 0x70, 0x78,
  0xC0, 0xE1, 0x01, 0x07, 0x0F, 0x38, 0x38, 0xE0, 0xE0, 0x81, 0x03, 0x07, 0x1C, 0x1C, 0x70, 0x70,
  0xC0, 0xC1, 0x01, 0x8E, 0x03, 0x78, 0x0E, 0xE0, 0x19, 0x00, 0x67, 0x00, 0x1C, 0x00, 0x60, 0x00,
  0x80, 0x01, 0x00, 0x06, 0x00, 0x18, 0x0C, 0x70, 0x30, 0xC0, 0xC0, 0x01, 0x03, 0x07, 0x0C, 0x3C,
  0x38, 0xE0, 0xE0, 0x80, 0x83, 0x01, 0x1C, 0x07, 0x70, 0x1C, 0x80, 0x39, 0x00, 0xE6, 0x00, 0xC0,
  0x03, 0x00, 0x07, 0x00, 0x1E, 0x00, 0x38, 0x00, 0xE0, 0x00, 0x80, 0x01, 0x00, 0xC6, 0x01, 0x18,
  0x07, 0xE0, 0x3C, 0x80, 0xE3, 0x00, 0x9C, 0x07, 0x70, 0x1C, 0x80, 0xF1, 0x00, 0x86, 0x03, 0x18,
  0x0E, 0x00, 0x38, 0x00, 0x60, 0x00, 0x80, 0x01, 0x00, 0x00, 0x00, 0x00, 0x00, 0x00, 0x00, 0x18,
  0x00, 0x60, 0x00, 0x80, 0x01, 0x00, 0x06, 0x00, 0x18, 0x00, 0x60, 0x00, 0x00, 0x00, 0x00, 0x00,
  0x00, 0x00, 0x00, 0x00, 0x00, 0x00, 0x00, 0x00, 0xF0, 0x03, 0xC0, 0x0F, 0x00, 0x3C, 0x00, 0x00,
  0x0F, 0x00, 0xC0, 0x03, 0xF0, 0xF0, 0x00, 0x3C, 0x3C, 0x00, 0x0F, 0x00, 0xCF, 0x03, 0xC0, 0xF3,
  0x00, 0xF0, 0x00, 0x03, 0x3C, 0xF0, 0x00, 0x0F, 0x3C, 0x0F, 0x00, 0xCF, 0x03, 0xC0, 0xF3, 0x00,
  0x30, 0x3C, 0x3C, 0x00, 0x0F, 0x0F, 0x00, 0xC0, 0x03, 0x00, 0xF0, 0x00, 0x00, 0x3C, 0x00, 0x00,
  0xC0, 0xF3, 0x00, 0xF0, 0x3C, 0x00, 0x3C, 0x0F, 0x00, 0xCF, 0xF3, 0xC0, 0xF3, 0x3C, 0x00, 0x00,
  0x0F, 0x00, 0xC0, 0x03, 0x00, 0xF0, 0x3C, 0x00, 0x00, 0x0F, 0x00, 0xC0, 0x03, 0x00, 0xF0, 0xF0,
  0x00, 0x3C, 0x3C, 0x00, 0x00, 0x0F, 0x00, 0xC0, 0x03, 0x00, 0xF0, 0x00, 0x00, 0x00, 0x0F, 0xF0,
  0xC0, 0x03, 0x3C, 0xF0, 0x00, 0x0F, 0x3C, 0xC0, 0x03, 0x0F, 0xF0, 0x00, 0x00, 0x00, 0x00, 0x3C,
  0x00, 0x00, 0x0F, 0x00, 0xC0, 0x03, 0x00, 0xF0, 0x00, 0x0F, 0x3C, 0xC0, 0xF3, 0x00, 0xF0, 0x3C,
  0x00, 0x3C, 0x0F, 0x00, 0xCF, 0x03, 0x0F, 0xF0, 0xC0, 0x03, 0x00, 0xF0, 0x00, 0x00, 0x3C, 0x00,
  0x00, 0x0F, 0x00, 0x00, 0x00, 0x00, 0x00, 0xF0, 0x00, 0x00, 0x3C, 0x0F, 0x00, 0xCF, 0x03, 0xCC,
  0xF3, 0xC0, 0xF3, 0x3C, 0xF0, 0x00, 0x0F, 0x3C, 0x00, 0x00, 0x0F, 0x00, 0xC0, 0x00, 0x00, 0x00,
  0x00, 0x00, 0x00, 0x00, 0x00, 0x00, 0x0F, 0x0F, 0xC0, 0xC3, 0x03, 0xF0, 0xF0, 0x00, 0x3C, 0x3C,
  0x0C, 0x0F, 0xCF, 0x03, 0x00, 0xF0, 0x00, 0x00, 0x3C, 0x00, 0x00, 0x0F, 0x00, 0xC0, 0x00, 0x00,
  0x00, 0x00, 0x00, 0x00, 0x00, 0x00, 0xFC, 0xFF, 0xFF, 0x00, 0x0C, 0x00, 0x18, 0x00, 0x70, 0x00,
  0xE0, 0x00, 0xC0, 0x03, 0x00, 0x07, 0x00, 0x0E, 0x00, 0x18, 0x00, 0x30, 0x00, 0x60, 0x00, 0x0C,
  0x00, 0x18, 0x00, 0x38, 0x00, 0x70, 0x00, 0xF0, 0x00, 0xE0, 0x00, 0xE0, 0x01, 0xC0, 0x01, 0x80,
  0x03, 0x00, 0x03, 0x00, 0x06, 0x00, 0x00, 0x00, 0x00, 0x00, 0x00, 0x03, 0x00, 0x06, 0xFE, 0xED,
  0x03, 0x18, 0x00, 0x38, 0x00, 0x70, 0x00, 0x60, 0x00, 0xE0, 0x00, 0xC0, 0x01, 0x80, 0x01, 0x00,
  0x03, 0x00, 0x06, 0x00, 0x0C, 0x00, 0x00, 0x00, 0x60, 0x00, 0xC0, 0x01, 0x80, 0x07, 0x00, 0x0E,
  0x00, 0x1C, 0x00, 0x70, 0x00, 0xE0, 0x00, 0x80, 0x03, 0x00, 0x07, 0x00, 0x1C, 0x00, 0x38, 0x00,
  0x60, 0x00, 0xC0, 0xFC, 0xBF, 0x05, 0x00, 0x03, 0x00, 0x07, 0x00, 0x06, 0x00, 0x0E, 0x00, 0x1C,
  0x00, 0x18, 0x00, 0x38, 0x00, 0x70, 0x00, 0x60, 0x00, 0xC0, 0x00, 0x80, 0x01, 0x00, 0x03, 0x00,
  0x00, 0x00, 0x00, 0x00, 0x00, 0x00, 0x00, 0x00, 0x00, 0x00, 0x30, 0x00, 0x60, 0x00, 0xE0, 0x00,
  0xC0, 0x01, 0x80, 0x01, 0x80, 0x03, 0x00, 0x07, 0x00, 0x06, 0x00, 0x0C, 0x00, 0x18, 0x00, 0x00,
  0x00, 0x00, 0x06, 0xFF, 0xED, 0x01, 0x18, 0x00, 0x70, 0x00, 0xE0, 0x00, 0x80, 0x03, 0x00, 0x07,
  0x00, 0x0C, 0x00, 0x38, 0x00, 0x70, 0x00, 0xC0, 0x00, 0x80, 0x01, 0x38, 0x03, 0x70, 0x00, 0xF0,
  0x00, 0xE0, 0x01, 0xC0, 0x03, 0xC0, 0x03, 0x80, 0x07, 0x80, 0x0F, 0x00, 0x0F, 0x00, 0x1E, 0x00,
  0x1C, 0x00, 0x18, 0x80, 0xB7, 0xFF, 0x60, 0x00, 0x00, 0x00, 0x00, 0x00, 0x00, 0x00, 0x00, 0x00,
  0x00, 0x00, 0x00, 0x06, 0x00, 0x0C, 0x00, 0x1C, 0x00, 0x38, 0x00, 0x70, 0x00, 0x60, 0x00, 0xC0,
  0x00, 0x80, 0x01, 0x00, 0x00, 0x00, 0x00, 0x00, 0x00, 0x00, 0xC0, 0x00, 0x80, 0x01, 0x80, 0x03,
  0x00, 0x07, 0x00, 0x07, 0x00, 0x0E, 0x00, 0x0E, 0x00, 0x1C, 0x00, 0x18, 0x00, 0xB4, 0xFF, 0x67,
  0x00, 0x00, 0x0C, 0x00, 0x18, 0x00, 0x70, 0x00, 0xE0, 0x00, 0xC0, 0x01, 0x00, 0x03, 0x00, 0x06,
  0x00, 0x0C, 0x00, 0x00, 0x00, 0x00, 0x00, 0x00, 0x00, 0x00, 0x00, 0xDB, 0xFF, 0x31, 0x00, 0x60,
  0x00, 0xC0, 0x00, 0x80, 0x01, 0x60, 0x00, 0x00, 0x70, 0x00, 0x00, 0x70, 0x00, 0x00, 0x78, 0x00,
  0x00, 0x38, 0x00, 0x00, 0x3C, 0x00, 0x00, 0x3C, 0x00, 0x00, 0x3C, 0x00, 0x00, 0x1E, 0x00, 0x00,
  0x1E, 0x00, 0x00, 0x1E, 0x00, 0x00, 0x1E, 0x00, 0x00, 0x1F, 0x00, 0x00, 0x0F, 0x00, 0x00, 0x0F,
  0x00, 0x00, 0x0F, 0x00, 0x00, 0x0F, 0x00, 0x00, 0x0F, 0x00, 0x00, 0x07, 0x00, 0x00, 0x07, 0x00,
  0x00, 0x07, 0x00, 0x00, 0x07, 0x00, 0x00, 0x00, 0x00, 0x00, 0x00, 0x00, 0x00, 0x00, 0x00, 0x00,
  0x00, 0x00, 0x00, 0x07, 0x00, 0x00, 0x07, 0x00, 0x00, 0x07, 0x00, 0x00, 0x00, 0x00, 0x00, 0x00,
  0x00, 0x00, 0x00, 0x00, 0x00, 0x07, 0x00, 0x00, 0x07, 0x00, 0x00, 0x07, 0x00, 0x00, 0x0F, 0x00,
  0x00, 0x0F, 0x00, 0x00, 0x1F, 0x00, 0x00, 0x1E, 0x00, 0x00, 0x1E, 0x00, 0x00, 0x1E, 0x00, 0x00,
  0x1E, 0x00, 0x00, 0x1E, 0x00, 0x00, 0x1E, 0x00, 0x00, 0x1E, 0x00, 0x00, 0x1E, 0x00, 0x00, 0x1E,
  0x00, 0x00, 0x1E, 0x00, 0x00, 0x1E, 0x00, 0x00, 0x1E, 0x00, 0x00, 0x1E, 0x00, 0x00, 0x1E, 0x00,
  0x00, 0x1E, 0x00, 0x00, 0x1E, 0x00, 0x00, 0x1E, 0x00, 0x00, 0x00, 0x00, 0x00, 0x00, 0x00, 0x00,
  0x00, 0x00, 0x00, 0x00, 0x00, 0x00, 0x3E, 0x00, 0x00, 0x3E, 0x00, 0x00, 0x7F, 0x00, 0x00, 0x77,
  0x00, 0x80, 0xF7, 0x00, 0x80, 0xE3, 0x00, 0xC0, 0xC3, 0x01, 0xC0, 0xC1, 0x01, 0xE0, 0xC1, 0x03,
  0xE0, 0x81, 0x03, 0xF0, 0x80, 0x03, 0xF0, 0x80, 0x03, 0xF0, 0x80, 0x03, 0xF0, 0x80, 0x03, 0x70,
  0x80, 0x03, 0x70, 0x80, 0x03, 0x30, 0x80, 0x03, 0x00, 0x80, 0x03, 0x00, 0x80, 0x03, 0x00, 0x00,
  0x00, 0x00, 0x00, 0x00, 0x00, 0x00, 0x00, 0x38, 0x00, 0x00, 0x38, 0x00, 0x07, 0x3C, 0x00, 0x0F,
  0x1C, 0x00, 0x0F, 0x1E, 0x00, 0x0E, 0x0E, 0x00, 0x1E, 0x0F, 0x00, 0x1E, 0x0F, 0x00, 0x3E, 0x07,
  0x00, 0x3E, 0x07, 0x00, 0x3C, 0x03, 0x00, 0x3C, 0x00, 0x00, 0x3C, 0x00, 0x00, 0x7C, 0x00, 0x00,
  0x78, 0x00, 0x00, 0xF8, 0x00, 0x00, 0xF8, 0x00, 0x00, 0xF0, 0x00, 0x00, 0xE0, 0x00, 0x00, 0xE0,
  0x00, 0x00, 0xE0, 0x00, 0x00, 0x00, 0x00, 0x00, 0x00, 0x00, 0x00, 0x00, 0x00, 0x00, 0xE0, 0x00,
  0x00, 0xF0, 0x00, 0x00, 0xF0, 0x00, 0x00, 0xF0, 0x00, 0x00, 0xF8, 0x00, 0x00, 0x78, 0x00, 0x00,
  0x7C, 0x00, 0x00, 0x7C, 0x00, 0x00, 0x3C, 0x00, 0x00, 0x3E, 0x00, 0x00, 0x1E, 0x00, 0x00, 0x1E,
  0x00, 0x00, 0x1E, 0x00, 0x00, 0x0E, 0x00, 0x00, 0x0E, 0x00, 0x00, 0x0E, 0x00, 0x00, 0x0E, 0x00,
  0x00, 0x0E, 0x00, 0x00, 0x00, 0x00, 0x00, 0x00, 0x00, 0x00, 0x00, 0x00, 0x00, 0x00, 0x00, 0x00,
  0x00, 0x00, 0x00, 0x07, 0x00, 0x00, 0x07, 0x00, 0x00, 0x07, 0x00, 0x00, 0x07, 0x00, 0x00, 0x07,
  0x00, 0x00, 0x07, 0x00, 0x80, 0x07, 0x00, 0x80, 0x07, 0x00, 0x80, 0x03, 0x00, 0x80, 0x03, 0x00,
  0x80, 0x03, 0x00, 0x80, 0x03, 0x00, 0x80, 0x01, 0x00, 0x00, 0x00, 0x00, 0x00, 0x00, 0x00, 0x00,
  0x00, 0x00, 0x00, 0x00, 0x00, 0x00, 0x00, 0x00, 0x00, 0x00, 0x00, 0x60, 0x00, 0x00, 0x70, 0x00,
  0x00, 0x70, 0x00, 0x00, 0x70, 0x00, 0x00, 0x70, 0x00, 0x00, 0x70, 0x00, 0x00, 0x00, 0x00, 0x00,
  0x00, 0x00, 0x00, 0x00, 0x00, 0x00, 0x00, 0x00, 0x00, 0x00, 0x00, 0x00, 0x80, 0x03, 0x00, 0x80,
  0x03, 0x00, 0x80, 0x03, 0x00, 0x80, 0x03, 0x00, 0x80, 0x03, 0x00, 0x00, 0x03, 0x00, 0x00, 0x00,
  0x00, 0x00, 0x00, 0x00, 0x00, 0x00, 0x00, 0x00, 0x00, 0x00, 0x00, 0x00, 0x00, 0x00, 0x1C, 0x00,
  0x00, 0x1C, 0x00, 0x00, 0x3C, 0x00, 0x00, 0x3C, 0x00, 0x00, 0x38, 0x00, 0x00, 0x78, 0x00, 0x00,
  0x78, 0x00, 0x00, 0x70, 0x00, 0x00, 0xF0, 0x00, 0x00, 0xF0, 0x00, 0x00, 0xF0, 0x00, 0x00, 0xE0,
  0x01, 0x00, 0xE0, 0x01, 0x00, 0xE0, 0x01, 0x00, 0xC0, 0x01, 0x00, 0xC0, 0x01, 0x00, 0xC0, 0x01,
  0x00, 0x80, 0x01, 0x00, 0x00, 0x00, 0x00, 0x00, 0x00, 0x00, 0x00, 0x00, 0x00, 0x00, 0x00, 0x00,
  0x00, 0x00, 0x00, 0x00, 0x00, 0xE0, 0xFF, 0xFF, 0x9F, 0x01, 0x00, 0x60, 0x00, 0x00, 0x18, 0x00,
  0x00, 0x1E, 0x00, 0x80, 0x07, 0x00, 0xE0, 0x07, 0x00, 0xF8, 0x01, 0x00, 0x7E, 0x00, 0x00, 0x1E,
  0x00, 0x80, 0x07, 0x00, 0xE0, 0x01, 0x00, 0x60, 0x00, 0x00, 0x18, 0x00, 0x00, 0x06, 0x00, 0x80,
  0x07, 0x00, 0xE0, 0x01, 0x00, 0x78, 0x00, 0x00, 0x18, 0x00, 0x00, 0x06, 0x00, 0x80, 0x01, 0x00,
  0x60, 0x00, 0x00, 0x18, 0x00, 0x00, 0x00, 0x00, 0x00, 0x00, 0x00, 0x00, 0x00, 0x00, 0x00, 0x00,
  0x00, 0x00, 0x00, 0x00, 0x00, 0x00, 0x60, 0x00, 0x00, 0x18, 0x00, 0x00, 0x06, 0x00, 0x80, 0x01,
  0x00, 0x60, 0x00, 0x00, 0x18, 0x00, 0x00, 0x06, 0x00, 0x00, 0x00, 0x00, 0x00, 0x00, 0x00, 0x00,
  0x00, 0x00, 0x18, 0x00, 0x60, 0x06, 0x00, 0x98, 0x01, 0x80, 0x67, 0x00, 0xE0, 0x19, 0x00, 0x1E,
  0x06, 0x80, 0x07, 0x00, 0x60, 0x00, 0x00, 0x18, 0x60, 0x00, 0x00, 0x18, 0x00, 0x00, 0x06, 0x00,
  0x80, 0x01, 0x00, 0x60, 0x80, 0x01, 0x00, 0x60, 0x00, 0x00, 0x18, 0x00, 0x06, 0x06, 0x80, 0x81,
  0x01, 0x60, 0x60, 0x00, 0x18, 0x00, 0x00, 0x06, 0x00, 0x80, 0x01, 0x00, 0x60, 0x00, 0x00, 0x18,
  0x00, 0x00, 0x06, 0x00, 0x80, 0x01, 0x00, 0x00, 0x18, 0x00, 0x00, 0x06, 0x00, 0x80, 0x01, 0x00,
  0x60, 0x00, 0x00, 0x18, 0x00, 0x00, 0x06, 0x00, 0x18, 0x00, 0x60, 0x06, 0x00, 0x98, 0x07, 0x00,
  0xE6, 0x01, 0x80, 0xF9, 0x01, 0x60, 0x7E, 0x00, 0x98, 0x1F, 0x00, 0x86, 0x07, 0x00, 0xE0, 0x01,
  0x00, 0x60, 0x00, 0x00, 0x18, 0x00, 0x00, 0x06, 0x00, 0x80, 0x01, 0x00, 0x00, 0x00, 0x00, 0x00,
  0x00, 0x06, 0x00, 0x80, 0x01, 0x00, 0x60, 0x80, 0x01, 0x18, 0x60, 0x00, 0x06, 0x18, 0x80, 0x01,
  0x06, 0x60, 0x80, 0x01, 0x00, 0x60, 0x00, 0x00, 0x00, 0x00, 0x00, 0x06, 0x00, 0x80, 0x01, 0x00,
  0x60, 0x80, 0x01, 0x18, 0x60, 0x00, 0x06, 0x18, 0x80, 0x01, 0x06, 0x60, 0x00, 0x00, 0x00, 0x00,
  0x00, 0x00, 0x06, 0x00, 0x80, 0x01, 0x00, 0x60, 0x00, 0x00, 0x18, 0x00, 0x00, 0x00, 0x80, 0x01,
  0x00, 0x60, 0x00, 0x00, 0x18, 0x00, 0x00, 0x86, 0x01, 0x80, 0x61, 0x00, 0x60, 0x18, 0x00, 0x18,
  0x06, 0x00, 0x86, 0x01, 0x80, 0x01, 0x00, 0x60, 0x00, 0x00, 0x18, 0x00, 0x00, 0x00, 0x00, 0x00,
  0x80, 0x01, 0x00, 0x60, 0x00, 0x00, 0x18, 0x00, 0x00, 0x00, 0x00, 0x00, 0x00, 0x00, 0x00, 0x00,
  0xF8, 0xFF, 0xFF, 0x7D, 0x80, 0x0F, 0xF0, 0x01, 0x3E, 0xC0, 0x07, 0xF8, 0x00, 0x1F, 0x00, 0x03,
  0x60, 0x00, 0x0C, 0xC0, 0x01, 0x18, 0x40, 0x00, 0x18, 0x00, 0x03, 0x60, 0x02, 0x5C, 0x80, 0x0F,
  0x40, 0x01, 0x00, 0x00, 0x00, 0x10, 0x00, 0x1E, 0xC0, 0x03, 0x18, 0x00, 0x03, 0x00, 0x02, 0x60,
  0x00, 0x0C, 0x80, 0x03, 0x78, 0x00, 0x0F, 0x80, 0x01, 0x00, 0x00, 0x00, 0x60, 0x00, 0x0E, 0x80,
  0x03, 0xE0, 0x00, 0x1C, 0x00, 0x03, 0x60, 0x00, 0x0C, 0x00, 0x00, 0x00, 0x00, 0x00, 0x00, 0x00,
  0x06, 0xC0, 0x07, 0xF0, 0x01, 0x3E, 0x40, 0x06, 0x00, 0x00, 0x00, 0x00, 0x00, 0x08, 0x00, 0x07,
  0xE0, 0x00, 0x18, 0x00, 0x03, 0x00, 0x02, 0xE0, 0x00, 0x1E, 0xC0, 0x03, 0x20, 0x00, 0x00, 0x00,
  0x00, 0x00, 0x00, 0x00, 0x30, 0x00, 0x06, 0xC0, 0x00, 0x98, 0x00, 0x11, 0x00, 0x03, 0x60, 0x00,
  0x00, 0x20, 0x00, 0x06, 0xC0, 0x00, 0x98, 0x00, 0x18, 0x00, 0x03, 0x6C, 0x80, 0x01, 0x00, 0x01,
  0x30, 0x00, 0x07, 0xE0, 0x00, 0x3C, 0x00, 0x07, 0xE0, 0x00, 0x1C, 0x00, 0x01, 0x00, 0x00, 0x00,
  0x00, 0x00, 0x08, 0x80, 0x01, 0x30, 0x00, 0x0E, 0xC0, 0x01, 0x38, 0x00, 0x06, 0x00, 0x07, 0x70,
  0x00, 0x07, 0x70, 0x00, 0x07, 0x70, 0x00, 0x07, 0x00, 0x00, 0x00, 0xFC, 0x3F, 0x00, 0x00, 0x00,
  0x06, 0x60, 0x00, 0x06, 0xE0, 0x00, 0x0E, 0xC0, 0x01, 0x1C, 0x80, 0x03, 0x38, 0x00, 0x07, 0x70,
  0x00, 0x06, 0xE0, 0x00, 0x0C, 0xC0, 0x00, 0x0E, 0x60, 0x00, 0x06, 0x70, 0x00, 0x07, 0x70, 0x80,
  0x03, 0x38, 0x80, 0x03, 0x1C, 0xC0, 0x01, 0x0E, 0xE0, 0x00, 0x06, 0x60, 0x00, 0x06, 0x60, 0x00,
  0x06, 0x60, 0x00, 0x00, 0x00, 0x40, 0x00, 0x06, 0x63, 0x30, 0x06, 0x63, 0x30, 0x06, 0x23, 0x00,
  0x00, 0xC0, 0xFF, 0x03, 0x00, 0x00, 0x00, 0x18, 0x80, 0x01, 0x18, 0x80, 0x01, 0x18, 0x00, 0x00,
  0x00, 0x00, 0x00, 0x00, 0x80, 0x01, 0x18, 0x80, 0x01, 0x00, 0x00, 0x00, 0x18, 0x80, 0x01, 0x18,
  0x00, 0x00, 0xC0, 0xFF, 0x03, 0x00, 0x00, 0x00, 0x06, 0x60, 0x00, 0x06, 0x60, 0x04, 0x60, 0x00,
  0x06, 0x60, 0x18, 0x86, 0x21, 0x18, 0xC0, 0x01, 0x0C, 0xE0, 0x00, 0x0E, 0xF0, 0x00, 0x07, 0x78,
  0xC0, 0x03, 0x1C, 0xE0, 0x00, 0x07, 0x30, 0x80, 0x03, 0x78, 0x00, 0x07, 0x70, 0x00, 0x06, 0x20,
  0x00, 0xFC, 0x3F, 0x00, 0x00, 0x00, 0x00, 0x00, 0x30, 0x00, 0x03, 0x38, 0x80, 0x03, 0x18, 0xC0,
  0x01, 0x0C, 0xE0, 0x00, 0x06, 0x60, 0x00, 0x06, 0xE0, 0x00, 0x0C, 0xC0, 0x01, 0x1C, 0x80, 0x01,
  0x18, 0x80, 0x01, 0x00, 0x00, 0x00, 0xC0, 0xFF, 0x03, 0x00, 0x00, 0x00, 0x30, 0x00, 0x03, 0x30,
  0x00, 0x03, 0x30, 0x00, 0x18, 0x80, 0x01, 0x18, 0x80, 0x01, 0x00, 0x00, 0x00, 0x00, 0x00, 0xC3,
  0x30, 0x0C, 0xC3, 0x30, 0x0C, 0x03, 0x00, 0x00, 0x00, 0x00, 0x00, 0x00, 0x00, 0xC0, 0xFF, 0x03,
  0x00, 0x00, 0x30, 0x00, 0x03, 0x73, 0x30, 0x0F, 0xE3, 0x38, 0x9E, 0xC3, 0x19, 0xFC, 0x81, 0x0F,
  0xF0, 0x00, 0x06, 0x60, 0x00, 0x06, 0x70, 0x00, 0x03, 0x38, 0x80, 0x01, 0x18, 0xC0, 0x00, 0x0C,
  0xC0, 0x00, 0x18, 0x80, 0x03, 0x38, 0x00, 0x07, 0x70, 0x00, 0x06, 0x60, 0x00, 0x06, 0x00, 0x00,
  0x00, 0x00, 0x00, 0x00, 0x00, 0x00, 0xC0, 0xFF, 0x0F, 0x80, 0x07, 0xC0, 0x03, 0xF0, 0x00, 0x3C,
  0x00, 0x1E, 0x80, 0x0F, 0xC0, 0x07, 0xF0, 0x00, 0x78, 0x00, 0x1E, 0x00, 0x0F, 0x86, 0x83, 0xC3,
  0xC0, 0x63, 0xE0, 0x01, 0xE0, 0x00, 0x60, 0x00, 0x30, 0x00, 0x00, 0x18, 0x00, 0x0C, 0x00, 0x0E,
  0x00, 0x06, 0x0C, 0x03, 0x86, 0x01, 0x00, 0xFE, 0xFF, 0x00, 0x80, 0x61, 0xC0, 0x30, 0xF0, 0x18,
  0x78, 0x0C, 0x3C, 0x00, 0x3E, 0x00, 0x1E, 0x00, 0x0E, 0x00, 0x0F, 0x80, 0xC7, 0x80, 0xE3, 0xC0,
  0x71, 0xE0, 0x71, 0xF0, 0x38, 0x70, 0x3C, 0x70, 0x3C, 0x38, 0x1C, 0x1C, 0x1E, 0x06, 0x8E, 0x03,
  0xE7, 0x80, 0x7B, 0x00, 0x1C, 0x00, 0x06, 0x00, 0x03, 0x00, 0x00, 0xE0, 0xFF, 0x0F, 0x00, 0x00,
  0x80, 0x03, 0xE0, 0x01, 0xF0, 0x70, 0x3C, 0x38, 0x0F, 0xBC, 0x07, 0xFC, 0x01, 0x7C, 0x00, 0x3E,
  0x00, 0x0F, 0x80, 0x07, 0xE0, 0x01, 0x70, 0x00, 0x3C, 0x0C, 0x0F, 0x86, 0x03, 0xC7, 0x01, 0xE3,
  0x80, 0x01, 0xC0, 0x00, 0x80, 0xFF, 0x3F, 0x00, 0x00, 0x00, 0x00, 0x30, 0x00, 0x38, 0x60, 0x1C,
  0x70, 0x1C, 0x3C, 0x1E, 0x0E, 0x8E, 0x07, 0xEE, 0x01, 0x77, 0x00, 0x3F, 0x80, 0x0F, 0x80, 0x03,
  0xE0, 0x00, 0x70, 0x30, 0x1C, 0x18, 0x0F, 0x8E, 0x03, 0xC3, 0x80, 0x61, 0xC0, 0x00, 0x60, 0x00,
  0x00, 0x80, 0xFF, 0x3F, 0x00, 0x00, 0x00, 0x00, 0x00, 0x00, 0x78, 0x00, 0x7E, 0x00, 0x7F, 0xC0,
  0x7F, 0xF0, 0x7D, 0x7C, 0x3C, 0x1E, 0xBC, 0x0F, 0xFE, 0x01, 0xFE, 0x18, 0x3E, 0x1C, 0x1E, 0x0F,
  0x86, 0x07, 0xC3, 0x83, 0xC1, 0x03, 0xE6, 0x01, 0xE7, 0x80, 0x63, 0x82, 0x81, 0x01, 0xC0, 0x01,
  0xE0, 0x01, 0xF0, 0xC4, 0x00, 0x77, 0xC0, 0xFF, 0xF0, 0xFF, 0xFF, 0xFF, 0x4F, 0xFE, 0x01, 0x06,
  0x00, 0x00, 0x00, 0xF0, 0xFF, 0x07, 0x00, 0x00, 0x00, 0xFE, 0xFF, 0x03, 0xF0, 0x00, 0x03, 0xF0,
  0x00, 0x03, 0xF8, 0x80, 0x03, 0x78, 0x80, 0x01, 0x78, 0xC0, 0x01, 0x78, 0xC0, 0x00, 0x78, 0xC0,
  0x00, 0x7C, 0xC0, 0x00, 0x3C, 0xC0, 0x00, 0x3C, 0xC0, 0x00, 0x3C, 0xC0, 0x00, 0x1C, 0xC0, 0x00,
  0x1C, 0xC0, 0x01, 0x1C, 0xC0, 0x03, 0x1C, 0x80, 0x07, 0x00, 0x80, 0x0F, 0x00, 0x00, 0x1F, 0x00,
  0x00, 0x3E, 0x00, 0x00, 0x36, 0x38, 0x00, 0x76, 0x78, 0x00, 0x70, 0x78, 0x00, 0xE0, 0x78, 0x00,
  0xE0, 0x71, 0x00, 0xC0, 0x71, 0x00, 0xC0, 0x71, 0x00, 0x80, 0x71, 0xC0, 0x80, 0x71, 0xC0, 0x00,
  0x00, 0xE0, 0x00, 0x00, 0xE0, 0x18, 0x00, 0xE0, 0x18, 0x06, 0x60, 0x38, 0x06, 0x60, 0x38, 0x86,
  0x63, 0x38, 0x86, 0x67, 0x30, 0x80, 0x07, 0x30, 0x00, 0x07, 0x30, 0x0C, 0x07, 0x30, 0x0C, 0x07,
  0x30, 0x0C, 0x07, 0x30, 0x0C, 0x07, 0x00, 0x0E, 0x07, 0x00, 0x0E, 0x00, 0x00, 0x06, 0x00, 0x00,
  0x06, 0x00, 0x00, 0x07, 0xE0, 0x00, 0x07, 0xF0, 0x00, 0x03, 0xF0, 0x00, 0x03, 0x70, 0x00, 0x03,
  0x70, 0x80, 0x03, 0xF0, 0x81, 0x01, 0xF0, 0x81, 0x01, 0xF0, 0x81, 0x01, 0xE0, 0x81, 0x01, 0xE0,
  0x81, 0x01, 0xE0, 0x81, 0x01, 0xC0, 0x01, 0x00, 0xC0, 0x01, 0x00, 0xC0, 0x01, 0x00, 0xC0, 0x01,
  0x00, 0xC0, 0x01, 0x00, 0xC0, 0x00, 0x00, 0x00, 0x30, 0x00, 0x00, 0x30, 0x00, 0x00, 0x30, 0x00,
  0x06, 0x30, 0x00, 0x06, 0x70, 0x00, 0x07, 0xE0, 0x00, 0x07, 0xC0, 0x80, 0x07, 0xE0, 0x81, 0x07,
  0xE0, 0x81, 0x03, 0xF0, 0xC1, 0x03, 0xB8, 0xC1, 0x03, 0x9C, 0xC1, 0x03, 0x0E, 0xC0, 0x01, 0x06,
  0xE0, 0x01, 0x06, 0xE0, 0x00, 0x07, 0xE0, 0x00, 0x03, 0xE0, 0x80, 0x03, 0xE0, 0xC0, 0x01, 0x06,
  0xC0, 0x00, 0x07, 0xE0, 0x80, 0x07, 0x60, 0x80, 0x07, 0x70, 0x80, 0x03, 0x70, 0x80, 0x03, 0x30,
  0x80, 0x01, 0x38, 0x80, 0x71, 0x38, 0x00, 0x70, 0x1C, 0x00, 0x70, 0x0C, 0x00, 0x70, 0x0C, 0x00,
  0x00, 0x0C, 0x00, 0x00, 0x00, 0x00, 0x00, 0x00, 0x60, 0x00, 0x0E, 0x60, 0x00, 0x0E, 0x70, 0x00,
  0x0F, 0x70, 0x80, 0x0F, 0x30, 0x80, 0x07, 0x38, 0x80, 0x07, 0x38, 0x80, 0x07, 0x1C, 0x80, 0x03,
  0x0C, 0x80, 0x03, 0x0E, 0x00, 0x03, 0x06, 0x00, 0x03, 0x07, 0x0E, 0x00, 0x03, 0x1E, 0x00, 0x03,
  0x1E, 0x00, 0x03, 0x3E, 0x00, 0x00, 0x3C, 0x18, 0x00, 0x3C, 0x18, 0x00, 0x38, 0x38, 0x00, 0x38,
  0x30, 0x00, 0x00, 0x30, 0xC0, 0x01, 0x38, 0xE0, 0x01, 0x38, 0xE0, 0x01, 0x1C, 0xF0, 0x00, 0x1C,
  0xF8, 0x00, 0x0C, 0xFC, 0x00, 0x0C, 0x3E, 0x00, 0x0E, 0x1E, 0x00, 0x07, 0x1E, 0x00, 0x03, 0x0E,
  0x00, 0x03, 0x0E, 0x00, 0x03, 0x0E, 0x80, 0x03, 0x00, 0xC0, 0x01, 0x00, 0xC0, 0x00, 0x00, 0xC0,
  0x00, 0x00, 0xC0, 0x00, 0x00, 0x00, 0x00, 0x00, 0x00, 0x00, 0x00, 0x00, 0x00, 0x03, 0x0C, 0x80,
  0x03, 0x0E, 0x86, 0x03, 0x06, 0xC6, 0x03, 0x07, 0xC0, 0x01, 0x03, 0xE0, 0x01, 0x03, 0xE0, 0x01,
  0x00, 0xF0, 0x00, 0x00, 0xF0, 0x00, 0x03, 0xF0, 0x00, 0x03, 0x00, 0x00, 0x0F, 0x00, 0x00, 0x0C,
  0x00, 0x00, 0x3C, 0x38, 0x00, 0x30, 0x38, 0x00, 0xF0, 0x39, 0x00, 0xC0, 0x3B, 0x00, 0xC0, 0x3F,
  0x00, 0x80, 0x3F, 0x80, 0x01, 0x1F, 0x80, 0x01, 0x0F, 0xC0, 0x01, 0x0F, 0xC0, 0x00, 0x07, 0xE0,
  0x00, 0x00, 0x70, 0x00, 0x00, 0x70, 0x00, 0x1C, 0x30, 0x00, 0x1E, 0x38, 0x00, 0x1E, 0x38, 0x00,
  0x0F, 0x18, 0x80, 0x0F, 0x18, 0x80, 0x07, 0x18, 0xC0, 0x03, 0x00, 0xC0, 0x03, 0x00, 0xC0, 0x01,
  0x00, 0xE0, 0x01, 0x00, 0xE0, 0x00, 0x00, 0xE3, 0x00, 0x00, 0xE3, 0x00, 0x00, 0xE0, 0x00, 0x00,
  0x00, 0x00, 0x18, 0x00, 0x00, 0x1C, 0x1C, 0x00, 0x0E, 0x1E, 0x00, 0x0E, 0x1E, 0x00, 0x0E, 0x0E,
  0x0C, 0x07, 0x0E, 0x1C, 0x0F, 0x0E, 0x3C, 0x0F, 0x0E, 0x78, 0x1F, 0x00, 0xF0, 0x3B, 0x00, 0xE0,
  0x33, 0x00, 0x80, 0x71, 0x00, 0x80, 0x61, 0x80, 0x83, 0x61, 0xC0, 0x83, 0x00, 0xC0, 0x03, 0x00,
  0xC0, 0x03, 0x60, 0xC0, 0x03, 0x60, 0xC0, 0x03, 0x00, 0x80, 0x03, 0x30, 0x00, 0x00, 0x30, 0x00,
  0xC0, 0x01, 0x00, 0xC0, 0x1B, 0x00, 0xC0, 0x1F, 0x18, 0xC0, 0x0F, 0x18, 0x00, 0x0E, 0x18, 0x1C,
  0x0E, 0x00, 0x3C, 0x1C, 0x00, 0x3C, 0x1C, 0x00, 0x3C, 0x18, 0x00, 0x38, 0x38, 0x00, 0x38, 0x30,
  0x00, 0x38, 0x30, 0x00, 0x00, 0x30, 0x20, 0x00, 0x00, 0x60, 0x00, 0x00, 0x60, 0x00, 0x00, 0x40,
  0x00, 0x00, 0x00, 0xE0, 0x00, 0x03, 0xE0, 0x01, 0x03, 0xE0, 0x03, 0x07, 0xE0, 0x03, 0xC7, 0xC0,
  0x03, 0xE6, 0xC0, 0x03, 0xEE, 0x80, 0x03, 0xFE, 0x80, 0x03, 0x7C, 0x80, 0x00, 0x3C, 0x00, 0x00,
  0x18, 0x00, 0x00, 0x18, 0x00, 0x00, 0x18, 0x00, 0x03, 0x00, 0x80, 0x03, 0x00, 0x80, 0x07, 0x00,
  0x80, 0x07, 0x00, 0x80, 0x07, 0x00, 0x00, 0x0F, 0x60, 0x00, 0x0F, 0x60, 0x00, 0x0E, 0x60, 0x00,
  0x0E, 0x60, 0x00, 0x0E, 0x00, 0x00, 0x0E, 0x00, 0x00, 0x00, 0x0C, 0x00, 0x00, 0x0E, 0x00, 0x00,
  0x0E, 0x00, 0x00, 0x06, 0x00, 0xE0, 0x06, 0x00, 0xE0, 0x00, 0xC3, 0xE0, 0x00, 0xE3, 0xE0, 0x00,
  0x67, 0xE0, 0x00, 0x67, 0xE0, 0x00, 0x06, 0x00, 0x00, 0x06, 0x00, 0x00, 0x0E, 0x00, 0x00, 0x0E,
  0x00, 0x00, 0x0C, 0x00, 0x00, 0x0C, 0x00, 0x03, 0x0C, 0x00, 0x03, 0x00, 0x0E, 0x00, 0x00, 0x0E,
  0x60, 0x00, 0x0F, 0x60, 0x00, 0x0F, 0x66, 0x00, 0x0F, 0x7E, 0x00, 0x07, 0x7E, 0x00, 0x07, 0x3C,
  0x03, 0x07, 0x3C, 0x07, 0x00, 0x3C, 0x07, 0x00, 0x00, 0x06, 0x00, 0x00, 0x00, 0x00, 0x00, 0x00,
  0xFF, 0xFF, 0xFF, 0x00, 0x00, 0x00, 0xFF, 0xFF, 0xFF, 0x00, 0x00, 0x00, 0xFF, 0xFF, 0xFF, 0x03,
  0x00, 0x00, 0x07, 0x00, 0x80, 0x07, 0x00, 0x80, 0x03, 0x00, 0x00, 0x03, 0x00, 0x00, 0x03, 0x00,
  0x00, 0x00, 0x00, 0x00, 0x0C, 0x00, 0x00, 0x0C, 0x00, 0xC0, 0x3C, 0x00, 0xF0, 0x3C, 0x00, 0xF0,
  0x3C, 0x00, 0xC0, 0x30, 0x00, 0xC0, 0x30, 0x00, 0xCC, 0x00, 0x00, 0xCC, 0xC7, 0x00, 0x0C, 0xC7,
  0x00, 0x0C, 0xDF, 0x00, 0xFC, 0xDF, 0x00, 0xFC, 0xC7, 0x00, 0x00, 0xC7, 0x00, 0x30, 0x30, 0x00,
  0x30, 0x30, 0x00, 0x30, 0x33, 0x00, 0x30, 0x3F, 0x00, 0xF0, 0x3F, 0x00, 0xF0, 0x33, 0x00, 0x30,
  0x33, 0x00, 0x30, 0x00, 0x00, 0x00, 0x0C, 0x00, 0x00, 0x0C, 0x00, 0x00, 0x7F, 0x00, 0xC0, 0x7F,
  0x00, 0xC0, 0x0C, 0x00, 0xC0, 0x0C, 0x00, 0xC0, 0x0C, 0x00, 0x00, 0x00, 0x00, 0x00, 0x00, 0x00,
  0x30, 0x07, 0x00, 0x30, 0x07, 0x00, 0x30, 0x07, 0x00, 0x30, 0x07, 0x00, 0x30, 0x3F, 0x00, 0x00,
  0x3F, 0x00, 0x00, 0x07, 0x00, 0x00, 0x07, 0x00, 0x70, 0x00, 0x00, 0x70, 0x00, 0x00, 0x70, 0x1C,
  0x00, 0x70, 0x1C, 0x00, 0x70, 0x7F, 0x00, 0x70, 0x7F, 0x00, 0x70, 0x7F, 0x00, 0x00, 0x1C, 0x00,
  0x00, 0x1C, 0x00, 0xC0, 0x00, 0x00, 0xC0, 0x00, 0x00, 0xC0, 0x00, 0x00, 0xC0, 0x0F, 0x00, 0xC0,
  0x0F, 0x00, 0xC0, 0x0F, 0x00, 0xC0, 0x0F, 0x00, 0xC0, 0x0F, 0x00, 0xC0, 0x0F, 0x00, 0xC0, 0x0F,
  0x00, 0xC0, 0x0F, 0x00, 0xC0, 0x03, 0x00, 0xC0, 0x00, 0x00, 0x00, 0x00, 0x00, 0x00, 0x00, 0x00,
  0x00, 0x3F, 0x00, 0xE0, 0x3F, 0x00, 0xE0, 0x3F, 0x00, 0xE0, 0x3F, 0x00, 0xE0, 0x3F, 0x00, 0xE0,
  0x3F, 0x00, 0xE0, 0x07, 0x00, 0x80, 0x07, 0x00, 0x80, 0x07, 0x00, 0x80, 0x07, 0x00, 0x80, 0x07,
  0x00, 0x80, 0x07, 0x00, 0x80, 0x07, 0x00, 0x80, 0x07, 0x00, 0x80, 0x07, 0x00, 0x80, 0x07, 0x00,
  0x80, 0x07, 0x00, 0x80, 0x07, 0x00, 0x80, 0x07, 0x00, 0x80, 0x07, 0x00, 0x80, 0x00, 0x00, 0x00,
  0x00, 0x00, 0x00, 0x00, 0x00, 0x00, 0x00, 0x00, 0x00, 0x38, 0x00, 0x00, 0x38, 0x00, 0x00, 0x38,
  0x00, 0x00, 0x38, 0x00, 0x00, 0x38, 0x00, 0x00, 0x38, 0x00, 0x00, 0x38, 0x00, 0x00, 0x00, 0x00,
  0x00, 0x00, 0x00, 0x00, 0x00, 0x00, 0x00, 0x00, 0x00, 0x00, 0x00, 0x00, 0x00, 0x00, 0x00, 0x00,
  0x1F, 0x00, 0x00, 0x1F, 0x00, 0x00, 0x1F, 0x00, 0x00, 0x1F, 0x00, 0x00, 0x1F, 0x00, 0x00, 0x1F,
  0x00, 0x00, 0x1F, 0x00, 0x00, 0x1F, 0x00, 0x80, 0x1F, 0x00, 0x80, 0x1F, 0x00, 0xE0, 0x0F, 0x00,
  0xE0, 0x03, 0x00, 0xE0, 0x03, 0x00, 0xE0, 0x03, 0x00, 0xE0, 0x03, 0x00, 0xE0, 0x03, 0x00, 0xE0,
  0x01, 0x00, 0xE0, 0x01, 0x00, 0xE0, 0x01, 0x00, 0xE0, 0x01, 0x00, 0xE0, 0x01, 0x00, 0xE0, 0x01,
  0x00, 0xE0, 0x01, 0x00, 0xE0, 0x01, 0x00, 0xE0, 0x01, 0x00, 0xE0, 0x00, 0x00, 0x00, 0x00, 0x00,
  0x00, 0x00, 0x00, 0x00, 0x00, 0x00, 0x00, 0x00, 0x00, 0x1E, 0x00, 0x00, 0x1E, 0x00, 0x00, 0x1E,
  0x00, 0x00, 0x3E, 0x00, 0x00, 0x3E, 0x00, 0x00, 0x3E, 0x00, 0x00, 0x3C, 0x00, 0x00, 0x3C, 0x00,
  0x00, 0x3C, 0x00, 0x00, 0x3C, 0x00, 0x00, 0x00, 0x00, 0x00, 0x00, 0x00, 0x00, 0x00, 0x00, 0xF0,
  0x03, 0x00, 0xF0, 0x03, 0x00, 0xF0, 0x03, 0x00, 0xF0, 0x03, 0x00, 0xF0, 0x03, 0x00, 0xF0, 0x03,
  0x00, 0xF0, 0x03, 0x00, 0xF0, 0x03, 0x00, 0xF0, 0x03, 0x00, 0xF0, 0x03, 0x00, 0xE0, 0x01, 0x00,
  0xE0, 0x01, 0x00, 0xE0, 0x01, 0x00, 0xE0, 0x01, 0x00, 0xE0, 0x01, 0x00, 0xE0, 0x01, 0xFF, 0xFF,
  0xFF, 0xFF, 0xFF, 0xFF, 0xFF, 0xFF, 0xFF, 0xFF, 0xFF, 0xFF, 0xC3, 0x1F, 0xF0, 0x07, 0xFC, 0x01,
  0x7F, 0xC0, 0x1F, 0xF0, 0x07, 0xFC, 0x01, 0x7F, 0x00, 0x1C, 0x00, 0x07, 0xC0, 0x01, 0x70, 0x00,
  0x1C, 0x00, 0x07, 0xC0, 0x01, 0x70, 0x00, 0x1C, 0x00, 0x07, 0xC0, 0x01, 0x70, 0x00, 0x1C, 0x00,
  0x07, 0x00, 0x00, 0x00, 0x80, 0x07, 0xE0, 0x01, 0x78, 0x00, 0x1E, 0x80, 0x07, 0xE0, 0x01, 0x78,
  0x00, 0x00, 0x00, 0x00, 0x3C, 0x00, 0x0F, 0xC0, 0x03, 0xF0, 0x00, 0x3C, 0x00, 0x0F, 0xC0, 0x03,
  0xF0, 0x00, 0x3F, 0x00, 0xFC, 0x00, 0xE0, 0x00, 0x80, 0x07, 0x00, 0x1E, 0x00, 0x78, 0x00, 0xE0,
  0x01, 0x80, 0x07, 0x00, 0x3C, 0x00, 0xF0, 0x00, 0xC0, 0x03, 0x00, 0x0F, 0x00, 0x78, 0x00, 0xE0,
  0x01, 0x80, 0x07, 0x00, 0x1C, 0x00, 0x70, 0x00, 0xC0, 0x01, 0x00, 0x07, 0x00, 0x3C, 0x00, 0xF0,
  0x00, 0xC0, 0x03, 0x00, 0x0F, 0x00, 0x3C, 0x00, 0xF0, 0x00, 0xC0, 0x03, 0x00, 0x0F, 0x00, 0x3C,
  0x00, 0xF0, 0x00, 0xC0, 0x07, 0x00, 0x1F, 0x00, 0x78, 0x00, 0xE0, 0x01, 0x80, 0x07, 0x00, 0x1C,
  0x00, 0x70, 0x00, 0xC0, 0x01, 0x00, 0x06, 0x00, 0x38, 0x00, 0xE0, 0x00, 0x80, 0x03, 0x00, 0x0E,
  0x00, 0x78, 0x00, 0xE0, 0x01, 0x80, 0x07, 0x00, 0x1E, 0x00, 0x78, 0x00, 0xE0, 0x01, 0x80, 0x07,
  0x00, 0x1C, 0x00, 0x70, 0x00, 0xC0, 0x03, 0x00, 0x0F, 0x00, 0x3C, 0x00, 0xE0, 0x00, 0x80, 0x03,
  0x00, 0x0E, 0x00, 0x38, 0x00, 0xE0, 0x00, 0x80, 0x03, 0x00, 0x0E, 0x00, 0x30, 0x00, 0xC0, 0x00,
  0x00, 0x03, 0x00, 0x00, 0xFC, 0x00, 0x00, 0xE0, 0x03, 0x00, 0x80, 0x0F, 0x00, 0x00, 0x1C, 0x00,
  0x00, 0x70, 0x00, 0x00, 0xE0, 0x01, 0x00, 0x80, 0x0F, 0x00, 0x00, 0x36, 0x00, 0x00, 0xD8, 0x00,
  0x00, 0xE0, 0x03, 0x00, 0xE0, 0x07, 0x00, 0xC0, 0x3F, 0x00, 0x00, 0xFF, 0x00, 0x00, 0xEC, 0x07,
  0x00, 0x30, 0x1B, 0x00, 0xC0, 0x7C, 0x00, 0x80, 0xF3, 0x00, 0x00, 0xFE, 0x03, 0x00, 0xF8, 0x0F,
  0x00, 0xE0, 0x3F, 0x00, 0x80, 0x3D, 0x00, 0x00, 0x7E, 0x00, 0x00, 0xF0, 0x00, 0x00, 0xE0, 0x01,
  0x00, 0x80, 0x1F, 0x00, 0x00, 0xFF, 0x01, 0x00, 0xFE, 0x0F, 0x00, 0xF8, 0x3F, 0x00, 0xF0, 0x7F,
  0x00, 0xE0, 0xDE, 0x03, 0x80, 0x71, 0x3C, 0x00, 0xC6, 0xF0, 0x00, 0x38, 0xC0, 0x07, 0xC0, 0x00,
  0x1E, 0x9E, 0x03, 0x78, 0xFC, 0x1F, 0xE0, 0x7B, 0x7F, 0x00, 0xFE, 0xF0, 0x00, 0xFE, 0xC3, 0x01,
  0x78, 0x3C, 0x00, 0xB0, 0xE0, 0xC1, 0xC0, 0x00, 0x86, 0x03, 0x03, 0xF8, 0x1E, 0x0C, 0xC0, 0x7B,
  0xF8, 0x00, 0xFF, 0xE1, 0x03, 0xFE, 0x87, 0x07, 0xF8, 0x0F, 0x1F, 0xC0, 0x1F, 0x0C, 0x00, 0x18,
  0x30, 0x20, 0x80, 0x20, 0x80, 0x20, 0x80, 0x20, 0x80, 0x20, 0x80, 0x20, 0x80, 0x20, 0x80, 0x3C,
  0x80, 0x27, 0x00, 0x24, 0x00, 0x24, 0x00, 0xE4, 0x01, 0x04, 0x01, 0x04, 0x01, 0xC3, 0x01, 0x41,
  0xC0, 0x41, 0x40, 0xC0, 0x47, 0x40, 0x44, 0x40, 0x7C, 0x40, 0x44, 0x40, 0x44, 0x7C, 0x44, 0x02,
  0x44, 0x02, 0x47, 0x02, 0x41, 0x02, 0x41, 0x0E, 0x41, 0x1A, 0x5F, 0x10, 0x50, 0x70, 0x50, 0x40,
  0x50, 0x40, 0x50, 0xC0, 0x5F, 0x00, 0x44, 0x00, 0x44, 0x00, 0x44, 0x38, 0x46, 0xE8, 0x43, 0x08,
  0x5E, 0x08, 0x50, 0x0C, 0x50, 0x02, 0x58, 0x02, 0x48, 0x02, 0x5F, 0x02, 0x51, 0x02, 0xF1, 0x03,
  0x01, 0x0E, 0x01, 0xFA, 0x01, 0x10, 0x01, 0x10, 0x01, 0x10, 0x71, 0x10, 0x51, 0x1C, 0x5F, 0x02,
  0x40, 0x02, 0x40, 0x0E, 0x40, 0x3A, 0xC0, 0x23, 0x00, 0xA0, 0x07, 0xA4, 0x04, 0xFF, 0x04, 0x01,
  0x04, 0x01, 0xC4, 0x01, 0x44, 0x00, 0x44, 0x00, 0x44, 0x1C, 0xF0, 0xC1, 0x07, 0x7C, 0xF0, 0xC1,
  0x1F, 0x7C, 0xF0, 0x07, 0x1F, 0xFC, 0xF9, 0x07, 0x7F, 0xFE, 0xC1, 0x87, 0x7F, 0xF0, 0xE1, 0x1F,
  0x7C, 0xF8, 0x07, 0x1F, 0x3E, 0xC0, 0x87, 0x0F, 0xF0, 0xE1, 0x03, 0x7C, 0xF8, 0x00, 0x00, 0x3E,
  0x00, 0x00, 0x00, 0x00, 0x00, 0x00, 0x00, 0x00, 0xFF, 0xFF, 0xFF, 0xFF, 0xFF, 0xFF, 0xFF, 0xFF,
  0xFF, 0xFF, 0xFF, 0xFF, 0xFF, 0x3F, 0x00, 0x3E, 0x00, 0x80, 0x0F, 0x00, 0xE0, 0x03, 0x03, 0xF8,
  0xF8, 0x00, 0x3E, 0x3E, 0x80, 0x8F, 0x7F, 0xE0, 0xFB, 0x1F, 0x00, 0xFE, 0x07, 0x80, 0xFF, 0x7D,
  0xE0, 0x7F, 0x1F, 0xF8, 0xC0, 0x07, 0x00, 0xF0, 0x01, 0x00, 0x7C, 0x00, 0x00, 0x1F, 0x00, 0xFE,
  0x0F, 0x80, 0xFF, 0x03, 0xE0, 0xFF, 0x00, 0xF8, 0x3F, 0x00, 0xFE, 0x0F, 0x80, 0x0F, 0x00, 0xE0,
  0x03, 0x00, 0xF8, 0x80, 0x0F, 0x3E, 0xE0, 0x83, 0x0F, 0xF8, 0x00, 0x00, 0x3E, 0x00, 0x80, 0x0F,
  0x01, 0xE0, 0x7F, 0x00, 0xF8, 0x1F, 0x00, 0xFE, 0x07, 0x80, 0xFF, 0x01, 0xE0, 0x3F, 0x00, 0xF8,
  0x07, 0x00, 0xFE, 0x01, 0x80, 0x7F, 0x00, 0xE0, 0x1F, 0x00, 0xF8, 0x00, 0x00, 0x3E, 0x00, 0x00,
  0x00, 0x00, 0x1F, 0x00, 0xC0, 0x07, 0x00, 0xF0, 0x01, 0x00, 0x7C, 0x00, 0x00, 0x1F, 0x3E, 0xC0,
  0xFF, 0x0F, 0xF0, 0xFF, 0x03, 0xFC, 0xFF, 0x00, 0xFF, 0x3F, 0xC0, 0xFF, 0x0F, 0x00, 0xE0, 0xF3,
  0x01, 0xF8, 0x7C, 0x00, 0x3E, 0x1F, 0x80, 0xCF, 0x07, 0xE0, 0xF3, 0x01, 0x00, 0x00, 0x00, 0x00,
  0x00, 0x00, 0x00, 0x00, 0x00, 0x00, 0x00, 0x00, 0x0F, 0x00, 0xE0, 0x03, 0x00, 0xF8, 0x00, 0x00,
  0x3E, 0x00, 0x80, 0x0F, 0x00, 0x20, 0x00, 0x00, 0x00, 0x00, 0xE0, 0x03, 0x00, 0xF8, 0x00, 0x00,
  0x3E, 0x00, 0x80, 0x0F, 0x00, 0xE0, 0x03, 0x00, 0xF8, 0x00, 0x00, 0x3E, 0x00, 0x80, 0x0F, 0x00,
  0xFC, 0x0F, 0x00, 0xF8, 0x0F, 0x00, 0xF0, 0x07, 0x00, 0xF0, 0x07, 0x00, 0xE0, 0x07, 0x00, 0xE0,
  0x03, 0x00, 0xE0, 0x03, 0x00, 0xE0, 0x03, 0x00, 0xC0, 0x01, 0x00, 0xC0, 0x01, 0x00, 0x80, 0x00,
  0x00, 0x00, 0x00, 0x00, 0x00, 0x00, 0x00, 0x00, 0x00, 0x00, 0x00, 0x00, 0x00, 0x00, 0x00, 0x00,
  0xC0, 0x01, 0x00, 0xC0, 0x01, 0x00, 0xC0, 0x01, 0x00, 0xC0, 0x01, 0x00, 0xC0, 0x01, 0x00, 0xC0,
  0x01, 0x00, 0xC0, 0x01, 0x00, 0xE0, 0x01, 0x00, 0xF0, 0x01, 0x00, 0xF0, 0x00, 0x00, 0x72, 0x00,
  0x00, 0x06, 0x00, 0x00, 0x07, 0x00, 0x00, 0x07, 0x00, 0x80, 0x07, 0x00, 0x80, 0x07, 0x00, 0x80,
  0x07, 0x00, 0x80, 0x07, 0x00, 0x80, 0x07, 0x00, 0x80, 0x07, 0x00, 0x80, 0x03, 0x00, 0x80, 0x03,
  0x00, 0x80, 0x03, 0x00, 0x80, 0x03, 0x00, 0x80, 0x03, 0x00, 0x00, 0x01, 0x00, 0x00, 0x00, 0x00,
  0x00, 0x00, 0x00, 0x00, 0x00, 0x00, 0x80, 0x03, 0x00, 0x80, 0x03, 0x00, 0x80, 0x03, 0x00, 0x80,
  0x03, 0x00, 0x80, 0x03, 0x00, 0x00, 0x01, 0x00, 0x00, 0x00, 0x00, 0x00, 0x00, 0x00, 0x00, 0x00,
  0x00, 0x00, 0x00, 0x00, 0x00, 0x00, 0x00, 0x80, 0x03, 0x00, 0x80, 0x03, 0x00, 0xC0, 0x03, 0x00,
  0xE0, 0x03, 0x00, 0xE0, 0x01, 0x00, 0xE0, 0x00, 0x00, 0x00, 0x00, 0x00, 0x00, 0x00, 0x00, 0x00,
  0x00, 0x00, 0x0E, 0x00, 0x00, 0x0E, 0x00, 0x00, 0x0E, 0x00, 0x00, 0x0E, 0x00, 0x00, 0x0E, 0x00,
  0x00, 0x0E, 0x00, 0x00, 0x0E, 0x00, 0x00, 0x0E, 0x00, 0x00, 0x0E, 0x00, 0x00, 0x0C, 0x00, 0x00,
  0x00, 0x00, 0x00, 0xE0, 0x00, 0x00, 0xE0, 0x01, 0x00, 0xE0, 0x01, 0x00, 0xE0, 0x01, 0x00, 0xC0,
  0x01, 0x00, 0x00, 0x00, 0x00, 0x00, 0x1C, 0x00, 0x00, 0x1C, 0x00, 0x00, 0x1C, 0x00, 0x00, 0x1C,
  0x00, 0x00, 0x1C, 0x00, 0x00, 0x1C, 0x00, 0x00, 0x08, 0x00, 0x00, 0x00, 0x00, 0x00, 0x00, 0x00,
  0x00, 0x00, 0x00, 0x00, 0x00, 0x00, 0x00, 0x00, 0x00, 0x00, 0x1C, 0x70, 0x00, 0x07, 0x70, 0x00,
  0x07, 0x70, 0xE0, 0x07, 0x7E, 0xE0, 0x07, 0x7E, 0xE0, 0x07, 0x7E, 0xE0, 0x00, 0x0E, 0xE0, 0x00,
  0x0E, 0xE0, 0x00, 0x0E, 0xE0, 0x00, 0x0E, 0xE0, 0x00, 0x0E, 0xE0, 0x00, 0x7E, 0xE0, 0x07, 0x7E,
  0xE0, 0x07, 0x70, 0x00, 0x07, 0x70, 0x00, 0x3F, 0xF0, 0x03, 0x3F, 0xF0, 0x03, 0xF8, 0x81, 0x1F,
  0xF8, 0x81, 0x1F, 0xC0, 0x01, 0x1C, 0xC0, 0x01, 0x1C, 0xC0, 0x01, 0x1C, 0xC0, 0x01, 0x1C, 0xC0,
  0x0F, 0xFC, 0xC0, 0x0F, 0xE0, 0x00, 0x0E, 0xE0, 0x00, 0x0E, 0xE0, 0x00, 0x0E, 0xE0, 0x00, 0x0E,
  0xE0, 0x00, 0x0E, 0xE0, 0x00, 0x0E, 0xE0, 0x00, 0x0E, 0xE0, 0x00, 0x00, 0x00, 0x00, 0x70, 0x00,
  0x07, 0x70, 0x00, 0x07, 0x70, 0x00, 0x00, 0x00, 0x00, 0x00, 0x00, 0x00, 0x07, 0x70, 0x00, 0x07,
  0x70, 0x00, 0x07, 0x7E, 0xE0, 0x07, 0x7E, 0xE0, 0x00, 0x0E, 0xFC, 0xC0, 0x0F, 0xFC, 0xC0, 0x0F,
  0xFC, 0xC0, 0x01, 0x1C, 0x00, 0x00, 0x00, 0x00, 0x00, 0x00, 0x00, 0x80, 0x03, 0x38, 0x80, 0x03,
  0x38, 0x80, 0x03, 0x38, 0x80, 0x03, 0x00, 0x00, 0x00, 0x00, 0x00, 0x00, 0x00, 0x80, 0x03, 0x38,
  0x80, 0x03, 0xF8, 0x01, 0x1C, 0xC0, 0x01, 0x1C, 0x00, 0x00, 0x00, 0xC0, 0x01, 0x1C, 0xC0, 0x01,
  0x00, 0x00, 0x00, 0x00, 0x00, 0x00, 0xE0, 0x00, 0x0E, 0xE0, 0x00, 0x0E, 0xE0, 0x7E, 0x00, 0x00,
  0x7E, 0x00, 0x00, 0x7E, 0x00, 0x00, 0x3F, 0x00, 0x00, 0x3F, 0x00, 0x00, 0x3F, 0x00, 0x00, 0x1F,
  0x20, 0x80, 0x1F, 0x00, 0x80, 0x0F, 0x00, 0x80, 0x0F, 0x00, 0x80, 0x0F, 0x40, 0x80, 0x07, 0x00,
  0xC0, 0x07, 0x00, 0xC0, 0x07, 0x00, 0xC0, 0x03, 0x80, 0xC0, 0x03, 0x00, 0xC0, 0x03, 0x00, 0xE0,
  0x03, 0x00, 0xE0, 0x01, 0x02, 0xE0, 0x01, 0x00, 0xE0, 0x01, 0x00, 0xF0, 0x01, 0x00, 0xF0, 0x01,
  0x00, 0xF8, 0x00, 0x04, 0xF8, 0x00, 0x00, 0xF8, 0x00, 0x00, 0xF8, 0x00, 0x00, 0xFC, 0x00, 0x00,
  0x7C, 0x00, 0x08, 0x7C, 0x00, 0x00, 0x7C, 0x00, 0x00, 0x3C, 0x00, 0x00, 0x3C, 0x00, 0x00, 0x3C,
  0x00, 0x00, 0x3C, 0x00, 0x00, 0x1C, 0x00, 0x00, 0x1C, 0x00, 0x08, 0x1C, 0x00, 0x00, 0x18, 0x00,
  0x00, 0x38, 0x00, 0x00, 0x30, 0x00, 0x00, 0x30, 0x00, 0x00, 0x30, 0x00, 0x00, 0x70, 0x00, 0x08,
  0xF0, 0x00, 0x00, 0xF0, 0x00, 0x00, 0xF0, 0x00, 0x00, 0xF0, 0x00, 0x00, 0xF0, 0x00, 0x00, 0xF0,
  0x01, 0x04, 0xF0, 0x01, 0x00, 0xF0, 0x01, 0x00, 0xF0, 0x01, 0x00, 0xF0, 0x03, 0x00, 0xE0, 0x03,
  0x00, 0xE0, 0x03, 0x02, 0xE0, 0x03, 0x00, 0xE0, 0x03, 0x00, 0xE0, 0x03, 0x00, 0xE0, 0x07, 0x01,
  0xE0, 0x07, 0x00, 0xE0, 0x07, 0x00, 0xE0, 0x07, 0x00, 0xC0, 0x07, 0x80, 0xC0, 0x0F, 0x00, 0xC0,
  0x0F, 0x00, 0xC0, 0x0F, 0x00, 0xC0, 0x0F, 0x00, 0xC0, 0x0F, 0x00, 0x80, 0x1F, 0x00, 0x80, 0x1F,
  0x40, 0x80, 0x1F, 0x00, 0x80, 0x1F, 0x00, 0x80, 0x1F, 0x00, 0x00, 0x1F, 0x00, 0x00, 0x1F, 0x00,
  0x00, 0x1F, 0x00, 0x00, 0x1F, 0x00, 0x00, 0x1F, 0x00, 0x00, 0x1E, 0x20, 0x00, 0x1E, 0x00, 0x00,
  0x1E, 0x00, 0x00, 0x1E, 0x00, 0x00, 0x1C, 0x00, 0x00, 0x1C, 0x00, 0x00, 0x1C, 0x00, 0x00, 0x0C,
  0x00, 0x00, 0x0C, 0x20, 0x00, 0x0C, 0x00, 0x00, 0x0C, 0x00, 0x00, 0x0C, 0x00, 0x00, 0x04, 0x00,
  0x00, 0x04, 0x00, 0x00, 0x04, 0x00, 0x00, 0x06, 0x00, 0x00, 0x06, 0x00, 0x00, 0x06, 0x00, 0x00,
  0x06, 0x00, 0x00, 0x07, 0x20, 0x00, 0x07, 0x00, 0x00, 0x07, 0x00, 0x00, 0x07, 0x00, 0x00, 0x03,
  0x00, 0x00, 0x03, 0x00, 0x80, 0x03, 0x40, 0x80, 0x03, 0x00, 0xC0, 0x03, 0x00, 0xC0, 0x03, 0x00,
  0xE0, 0x03, 0x00, 0xE0, 0x03, 0x80, 0xE0, 0x01, 0x01, 0xE0, 0x01, 0x00, 0xE0, 0x01, 0x00, 0xE0,
  0x01, 0x00, 0xE0, 0x00, 0x02, 0xE0, 0x00, 0x00, 0x60, 0x00, 0x00, 0x60, 0x00, 0x04, 0x60, 0x00,
  0x00, 0x60, 0x00, 0x00, 0x60, 0x00, 0x1E, 0x00, 0x78, 0x00, 0xE0, 0x03, 0x80, 0x0F, 0x00, 0x7C,
  0x00, 0xF0, 0x01, 0x80, 0x07, 0x00, 0x1E, 0x00, 0xF8, 0x00, 0xC0, 0x03, 0x00, 0x0F, 0x00, 0xF8,
  0x01, 0xE0, 0x07, 0x00, 0x3F, 0x00, 0xF8, 0x01, 0xC0, 0x07, 0x06, 0x1E, 0x1C, 0x78, 0x70, 0x80,
  0xE1, 0x01, 0x86, 0x07, 0x00, 0x1E, 0x00, 0x3E, 0x00, 0x7C, 0x00, 0xF0, 0x01, 0xE0, 0x07, 0x80,
  0x0F, 0x00, 0x3E, 0x00, 0x78, 0x00, 0xE0, 0x00, 0x80, 0x03, 0x00, 0x06, 0x00, 0x00, 0x00, 0x00,
  0x00, 0x00, 0x00, 0x00, 0x00, 0x00, 0x06, 0x00, 0x1C, 0x00, 0x78, 0x00, 0xF0, 0x01, 0xC0, 0x03,
  0x00, 0x07, 0x00, 0x1E, 0x00, 0x38, 0x00, 0xF0, 0x00, 0xC0, 0x03, 0x00, 0x0F, 0x00, 0x1E, 0x00,
  0x78, 0x00, 0xF8, 0x01, 0xF0, 0x03, 0xF8, 0x0F, 0xF8, 0x3F, 0xF0, 0x3F, 0xC0, 0xFF, 0x80, 0xFF,
  0x00, 0xFF, 0x01, 0xFC, 0x07, 0xFC, 0x03, 0xF0, 0x03, 0xE0, 0x0F, 0xC0, 0x1F, 0x80, 0x3F, 0x80,
  0x1F, 0x80, 0x7F, 0x00, 0xFF, 0x80, 0xFF, 0x03, 0xFF, 0x07, 0xFC, 0x0F, 0xF0, 0x0F, 0xE0, 0x0F,
  0xC0, 0x1F, 0x00, 0x1F, 0x00, 0x1E, 0x00, 0x78, 0x00, 0xE0, 0x00, 0x80, 0x03, 0x00, 0x06, 0x00,
  0x18, 0x00, 0x60, 0xC0, 0x80, 0x01, 0x07, 0x00, 0x7C, 0x00, 0xF0, 0x07, 0xC0, 0x1F, 0x00, 0xFE,
  0x01, 0xF0, 0x1F, 0x00, 0xFF, 0x00, 0xFC, 0x07, 0xE0, 0x1F, 0x80, 0x7E, 0x00, 0xF0, 0x01, 0x80,
  0x07, 0x00, 0x1C, 0x00, 0x40, 0x00, 0x00, 0x04, 0x00, 0x40, 0x00, 0x00, 0x04, 0x00, 0x40, 0x00,
  0x00, 0x04, 0x00, 0x40, 0x00, 0x00, 0x04, 0x00, 0x40, 0x02, 0x00, 0x24, 0x00, 0x40, 0x02, 0x00,
  0x24, 0x00, 0x00, 0x02, 0x00, 0x20, 0x00, 0x00, 0x02, 0x00, 0x20, 0x00, 0x00, 0x02, 0x00, 0x20,
  0x02, 0x00, 0x22, 0x00, 0x20, 0x02, 0x00, 0x22, 0x00, 0x20, 0x02, 0x00, 0x20, 0x00, 0x00, 0x02,
  0x00, 0x20, 0x00, 0x00, 0x02, 0x00, 0x20, 0x00, 0x00, 0x02, 0x00, 0x20, 0x00, 0x00, 0x02, 0x00,
  0x00, 0x00, 0x00, 0x00, 0x00, 0x00, 0x00, 0x00, 0x00, 0x00, 0x20, 0x00, 0x00, 0x02, 0x00, 0x20,
  0x00, 0x00, 0x02, 0x00, 0x20, 0x00, 0x00, 0x02, 0x00, 0x20, 0x00, 0x00, 0x02, 0x00, 0x20, 0x00,
  0x00, 0x02, 0x00, 0x20, 0x00, 0x00, 0x02, 0x00, 0x20, 0x00, 0x40, 0x02, 0x00, 0x24, 0x00, 0x40,
  0x02, 0x00, 0x24, 0x00, 0x40, 0x00, 0x00, 0x04, 0x00, 0x40, 0x00, 0x00, 0x04, 0x00, 0x40, 0x00,
  0x00, 0x04, 0x00, 0x08, 0x00, 0x80, 0x00, 0x00, 0x08, 0x00, 0x80, 0x00, 0x00, 0x08, 0x00, 0x80,
  0x00, 0x00, 0x08, 0x00, 0x00, 0x00, 0x00, 0x01, 0x00, 0x10, 0x00, 0x00, 0x01, 0x00, 0x10, 0x00,
  0x00, 0x01, 0x00, 0x10, 0x00, 0x00, 0x01, 0x00, 0x00, 0x00, 0x00, 0x00, 0x00, 0x00, 0x00, 0x00,
  0x00, 0x00, 0x40, 0x00, 0x00, 0x04, 0x00, 0x40, 0x00, 0x00, 0x04, 0x00, 0x40, 0x02, 0x00, 0x24,
  0x00, 0x00, 0x02, 0x00, 0x20, 0x00, 0x00, 0x02, 0x00, 0x20, 0x00, 0x00, 0x02, 0x00, 0x20, 0x00,
  0x00, 0x02, 0x00, 0x20, 0x00, 0x00, 0x02, 0x00, 0x20, 0x00, 0x00, 0x00, 0x00, 0x00, 0x00, 0x00,
  0x00, 0x00, 0x00, 0x02, 0x00, 0x20, 0x00, 0x00, 0x02, 0x00, 0x20, 0x00, 0x00, 0x02, 0x00, 0x20,
  0x00, 0x00, 0x02, 0x00, 0x20, 0x00, 0x00, 0x02, 0x00, 0x20, 0x00, 0x00, 0x02, 0x00, 0x00, 0x18,
  0x00, 0xC0, 0x18, 0x00, 0xE0, 0x3F, 0x00, 0xE0, 0x3F, 0x86, 0xC1, 0x18, 0xFF, 0xC3, 0x00, 0xFF,
  0xC3, 0x00, 0x86, 0xC1, 0x00, 0x86, 0xC1, 0x00, 0xC6, 0xFF, 0x01, 0xC6, 0xFF, 0x01, 0x86, 0xC1,
  0x00, 0x06, 0x00, 0x00, 0x06, 0x00, 0x00, 0x06, 0x00, 0x00, 0x06, 0x83, 0x01, 0x86, 0xFF, 0x33,
  0x8F, 0xFF, 0xFB, 0x0F, 0x83, 0xF9, 0x06, 0x83, 0x31, 0x00, 0x9B, 0x31, 0x80, 0xBF, 0x31, 0x80,
  0xBF, 0x31, 0x00, 0x9B, 0x31, 0x18, 0x98, 0x31, 0x3F, 0x98, 0xF9, 0x3F, 0x98, 0xF9, 0x18, 0x98,
  0x31, 0x18, 0x98, 0x01, 0xFC, 0xBF, 0x01, 0xFC, 0xBF, 0x01, 0x18, 0x98, 0x01, 0x00, 0x80, 0xC1,
  0x01, 0xC0, 0xFF, 0x01, 0xC0, 0xFF, 0x00, 0x80, 0xC1, 0x00, 0x00, 0xC0, 0x00, 0x33, 0xC0, 0x80,
  0x7F, 0xC0, 0x8C, 0x7F, 0xC0, 0x1F, 0x33, 0xE0, 0x1F, 0x33, 0xE6, 0x0C, 0xFB, 0xCF, 0x0C, 0xFB,
  0x0F, 0x0C, 0x33, 0x06, 0x0C, 0x03, 0x06, 0xFE, 0x07, 0x06, 0xFE, 0x07, 0x06, 0x0C, 0x03, 0x06,
  0x00, 0x00, 0x06, 0x00, 0x00, 0x06, 0x00, 0x00, 0x06, 0x00, 0x00, 0x06, 0x80, 0x00, 0x02, 0x10,
  0x7C, 0x00, 0x86, 0x78, 0x80, 0x10, 0x08, 0x30, 0x02, 0x3F, 0x64, 0x20, 0x84, 0x04, 0x84, 0xF0,
  0x80, 0xF0, 0x03, 0x10, 0x02, 0x00, 0x5E, 0x00, 0x40, 0x0A, 0xE0, 0x41, 0x1F, 0x24, 0x08, 0xE2,
  0xC4, 0x41, 0x84, 0x04, 0xE8, 0x90, 0x00, 0x07, 0x12, 0x00, 0x40, 0xC2, 0x01, 0x78, 0x28, 0x00,
  0x38, 0x0D, 0x00, 0x25, 0x7F, 0x80, 0x86, 0x08, 0x58, 0x1C, 0xC3, 0x8E, 0x40, 0x08, 0x18, 0x18,
  0x01, 0x01, 0x3A, 0x20, 0x40, 0x81, 0x7F, 0x28, 0x10, 0x08, 0xC7, 0x03, 0x07, 0x08, 0x80, 0x00,
  0x01, 0x10, 0x10, 0x00, 0x9E, 0x03, 0x40, 0xDE, 0x3F, 0x08, 0x48, 0x04, 0x01, 0x88, 0x20, 0xC0,
  0x91, 0x07, 0x04, 0x12, 0xF8, 0x70, 0x02, 0x01, 0x42, 0xF8, 0x40, 0xF8, 0xB1, 0xF9, 0x01, 0x6C,
  0x00, 0x80, 0x18, 0x00, 0x18, 0x06, 0x00, 0x81, 0xE7, 0x23, 0x81, 0x47, 0x3C, 0x00, 0x08, 0x05,
  0xC0, 0xA7, 0x03, 0x88, 0x47, 0x80, 0x01, 0x08, 0x1F, 0x00, 0x3F, 0x02, 0x20, 0x40, 0x00, 0x04,
  0x08, 0x20, 0x78, 0x00, 0x7C, 0x7E, 0x00, 0xFC, 0x3F, 0x00, 0xFC, 0x0F, 0x00, 0x00, 0x00, 0x00,
  0x00, 0x00, 0x00, 0x00, 0x00, 0x00, 0x00, 0x00, 0x00, 0x00, 0xF8, 0x80, 0x07, 0xF8, 0xE1, 0x07,
  0xE0, 0xFF, 0x01, 0xC0, 0xFF, 0x01, 0x00, 0x7C, 0x00, 0x00, 0x00, 0x00, 0x00, 0x00, 0x00, 0x1E,
  0x00, 0xE0, 0x1F, 0xC0, 0xF3, 0x07, 0xC0, 0xFF, 0x01, 0x80, 0x1F, 0x00, 0x00, 0x00, 0x00, 0x00,
  0x00, 0x00, 0x00, 0x00, 0x0E, 0x00, 0x00, 0xFE, 0xE3, 0x01, 0xFC, 0xFF, 0x01, 0xC0, 0x7F, 0x00,
  0x00, 0x00, 0x00, 0x00, 0x00, 0x00, 0x00, 0x00, 0xC0, 0x03, 0x00, 0xE0, 0x03, 0x60, 0xE0, 0x01,
  0xE0, 0x7F, 0x00, 0xC0, 0x1F, 0x00, 0x00, 0x00, 0x00, 0x00, 0x00, 0x00, 0x00, 0xC0, 0x01, 0x00,
  0xC0, 0x07, 0x78, 0x00, 0x8F, 0x7F, 0x00, 0xFE, 0x0F, 0x00, 0xF8, 0x07, 0x00, 0x00, 0x00, 0x00,
  0x00, 0x00, 0x00, 0x00, 0x00, 0x00, 0x00, 0x00, 0x00, 0x3E, 0x3C, 0x80, 0x3F, 0xFC, 0xE7, 0x0F,
  0xF0, 0xFF, 0x07, 0x80, 0x1F, 0x00, 0x00, 0x00, 0x00, 0x00, 0x00, 0x00, 0x00, 0x00, 0x00, 0x00,
  0x00, 0x38, 0x1E, 0x00, 0xF8, 0x1F, 0x00, 0xF0, 0x07, 0xE0, 0xF8, 0x00, 0x7C, 0x7C, 0x00, 0x1E,
  0x3E, 0x00, 0x02, 0x0E, 0x00, 0x70, 0x00, 0x00, 0x7C, 0x00, 0x00, 0x3E, 0x00, 0x00, 0x1F, 0x00,
  0x00, 0xC7, 0x01, 0x00, 0xF0, 0x01, 0x00, 0xF8, 0x00, 0x00, 0x7C, 0x00, 0x00, 0x1C, 0x00, 0x38,
  0x00, 0x00, 0x3E, 0x00, 0x00, 0x1F, 0x00, 0x80, 0x0F, 0x00, 0x80, 0x3B, 0x0E, 0x00, 0xBE, 0x0F,
  0x00, 0xDF, 0x07, 0x80, 0xEF, 0x03, 0x80, 0xE3, 0x80, 0x01, 0x00, 0xE0, 0x01, 0x00, 0xF8, 0x00,
  0x00, 0x7C, 0x00, 0x00, 0x1E, 0xCE, 0x01, 0x82, 0xFF, 0x01, 0xC0, 0xFF, 0x00, 0xE0, 0x7F, 0x00,
  0xE0, 0x1C, 0x78, 0x00, 0x00, 0x3E, 0x00, 0x00, 0x1F, 0x00, 0x80, 0x07, 0x00, 0x80, 0x03, 0x1C,
  0x00, 0x00, 0x1F, 0x00, 0x80, 0x0F, 0x00, 0xC0, 0x07, 0x0E, 0xC0, 0x81, 0x0F, 0x00, 0xC0, 0x07,
  0x00, 0xE0, 0xC3, 0x01, 0xE0, 0xF0, 0x01, 0x00, 0xF8, 0x00, 0x00, 0x7C, 0x00, 0x00, 0x1C, 0x00,
  0xC0, 0x00, 0xC0, 0xF1, 0x00, 0xF0, 0x7D, 0x00, 0xF8, 0x3E, 0x00, 0x7C, 0x0F, 0x00, 0x1C, 0x01,
  0x00, 0x00, 0x00, 0x00, 0x00, 0x70, 0x00, 0x00, 0x7C, 0x00, 0x00, 0x3E, 0x00, 0x00, 0x1F, 0x80,
  0x03, 0xE7, 0xE0, 0x03, 0xF8, 0xF0, 0x01, 0x7C, 0xF8, 0x00, 0x3E, 0xB8, 0x03, 0x0E, 0xC0, 0x03,
  0x00, 0xF0, 0x01, 0x00, 0xF8, 0x70, 0x00, 0x3C, 0x7C, 0x00, 0x00, 0x3E, 0x00, 0x00, 0x1F, 0x00,
  0x00, 0x07, 0x00, 0x1C, 0x00, 0x00, 0x1F, 0x70, 0x80, 0x0F, 0x7C, 0xC0, 0x07, 0x3E, 0xC0, 0x01,
  0x1F, 0x00, 0x00, 0x07, 0x00, 0x00, 0x00, 0x00, 0x00, 0xF0, 0x00, 0x00, 0x7C, 0x00, 0x00, 0x3E,
  0x38, 0x00, 0x0F, 0x3E, 0x00, 0x07, 0x1F, 0x00, 0x80, 0xEF, 0x00, 0x80, 0xFB, 0x00, 0x00, 0x7C,
  0x80, 0x03, 0xFE, 0xC0, 0x03, 0xFE, 0xF0, 0x01, 0x7C, 0xF8, 0x00, 0x3E, 0x3C, 0x00, 0x0E, 0x00,
  0x00, 0xE0, 0xE0, 0x00, 0xF8, 0xF8, 0x00, 0x7C, 0xFC, 0x03, 0x3E, 0xFE, 0x03, 0x0E, 0xFE, 0x0F,
  0x00, 0xF8, 0x0F, 0x00, 0xF8, 0x07, 0x3C, 0x00, 0x00, 0xFE, 0x07, 0x00, 0xC0, 0x3F, 0x00, 0x00,
  0xFE, 0x00, 0x00, 0xF8, 0x07, 0x00, 0xC0, 0x3F, 0x00, 0x00, 0xFF, 0x01, 0x00, 0xF8, 0x0F, 0x00,
  0x00, 0xFF, 0x01, 0x00, 0xFC, 0x07, 0x00, 0x80, 0xFF, 0x00, 0x00, 0xFE, 0x03, 0x00, 0xF0, 0x1F,
  0x00, 0x00, 0xFC, 0x07, 0x00, 0x80, 0xFF, 0x04, 0x00, 0xC0, 0x3F, 0x00, 0x00, 0xFE, 0x0F, 0x00,
  0x80, 0xFF, 0x01, 0x00, 0xF0, 0x3F, 0x00, 0x00, 0xFE, 0x01, 0x00, 0xF0, 0x7F, 0x00, 0x00, 0xFC,
  0x00, 0x00, 0xF8, 0x07, 0x00, 0xC0, 0x3F, 0x00, 0x00, 0xFF, 0x01, 0x00, 0xE0, 0x3F, 0x00, 0x80,
  0xFF, 0x00, 0x00, 0xFC, 0x07, 0x00, 0xE0, 0x3F, 0x00, 0x00, 0xF8, 0x0F, 0x00, 0xC0, 0x7F, 0x00,
  0x00, 0xFE, 0x03, 0x00, 0xF8, 0x0F, 0x00, 0x00, 0xFF, 0x01, 0x00, 0xFC, 0x07, 0x00, 0xE0, 0x3F,
  0x00, 0x00, 0xFC, 0x07, 0x00, 0xF0, 0x1F, 0x00, 0x00, 0xF8, 0x0F, 0x00, 0xE0, 0x3F, 0x00, 0x80,
  0xFF, 0x00, 0x00, 0xFC, 0x07, 0x00, 0xE0, 0x3F, 0x00, 0x80, 0xFF, 0x00, 0x00, 0xFC, 0x07, 0x00,
  0xF0, 0x1F, 0x00, 0x00, 0xFE, 0x03, 0x00, 0xF8, 0x0F, 0x00, 0xC0, 0x7F, 0x00, 0x00, 0xFC, 0x00,
  0x00, 0xF8, 0x1F, 0x00, 0x00, 0x3F, 0x00, 0x00, 0xFE, 0x00, 0x00, 0xF8, 0x3F, 0x00, 0x00, 0x7E,
  0x00, 0x00, 0xFC, 0x03, 0x03, 0x00, 0x30, 0x00, 0x00, 0x03, 0x18, 0x30, 0x80, 0x01, 0x03, 0x18,
  0x30, 0x80, 0x01, 0x03, 0x98, 0x31, 0x80, 0x19, 0x00, 0x80, 0x01, 0x00, 0x18, 0x00, 0x80, 0x01,
  0x00, 0x18, 0x00, 0x00, 0x00, 0x00, 0x00, 0x00, 0x18, 0x00, 0x80, 0x81, 0x01, 0x00, 0x18, 0x00,
  0x80, 0x01, 0x00, 0x18, 0xC0, 0x80, 0x01, 0xCC, 0x18, 0xC0, 0x8C, 0x01, 0xCC, 0x18, 0x00, 0x0C,
  0x00, 0xC0, 0x00, 0x00, 0x0C, 0x0C, 0xC0, 0xC0, 0x00, 0x0C, 0x00, 0x00, 0x00, 0x00, 0x00, 0x00,
  0x00, 0x18, 0x00, 0x80, 0x01, 0x00, 0x18, 0x00, 0x98, 0x01, 0x80, 0x01, 0x00, 0x18, 0x00, 0x00,
  0x00, 0x00, 0x00, 0x00, 0x00, 0x00, 0x00, 0x00, 0x00, 0x00, 0xC0, 0x80, 0x01, 0x0C, 0x18, 0xC0,
  0x80, 0x01, 0x0C, 0x98, 0x01, 0x00, 0x18, 0x00, 0x80, 0x01, 0x00, 0x00, 0xC0, 0x00, 0x00, 0x0C,
  0x00, 0xC0, 0x00, 0x00, 0x0C, 0x00, 0x00, 0x00, 0x00, 0x00, 0x0C, 0x00, 0xC0, 0x00, 0x80, 0x0D,
  0x00, 0xD8, 0x00, 0x80, 0x01, 0x00, 0x18, 0x00, 0x80, 0x01, 0x00, 0x18, 0x00, 0x80, 0x01, 0x00,
  0x18, 0x00, 0x00, 0x00, 0x00, 0x00, 0x00, 0x00, 0x00, 0x00, 0x00, 0x00, 0x30, 0x00, 0x00, 0x03,
  0x00, 0x30, 0x03, 0x00, 0x30, 0x00, 0x03, 0x03, 0x30, 0x30, 0x00, 0x03, 0x33, 0x30, 0x00, 0x33,
  0x00, 0x30, 0x03, 0x00, 0x33, 0x00, 0x00, 0x00, 0x00, 0x00, 0x00, 0x30, 0x00, 0x00, 0x03, 0x0C,
  0x30, 0xC0, 0x18, 0x00, 0x80, 0x01, 0x00, 0x18, 0x00, 0x80, 0x01, 0x00, 0x18, 0x00, 0x00, 0x30,
  0x00, 0x00, 0x03, 0x00, 0x30, 0x00, 0x00, 0x03, 0x30, 0x00, 0x30, 0x00, 0x30, 0x00, 0xF0, 0x01,
  0xD8, 0x19, 0x18, 0x1B, 0x18, 0x7B, 0x0E, 0x6F, 0x0E, 0xEE, 0x03, 0x82, 0x03, 0xC0, 0x00, 0xC0,
  0x00, 0xF8, 0x30, 0x38, 0x30, 0x0C, 0xF0, 0x0C, 0xC0, 0x0C, 0xC0, 0x03, 0x03, 0x03, 0x03, 0x03,
  0x83, 0x81, 0x81, 0x81, 0x81, 0xE1, 0x01, 0x60, 0x00, 0xE0, 0x03, 0xB8, 0x03, 0x38, 0x70, 0x0C,
  0x70, 0x0C, 0x18, 0x0C, 0x98, 0x03, 0xF8, 0xC3, 0x60, 0xC0, 0x60, 0xC0, 0x38, 0x60, 0x3E, 0x60,
  0x06, 0x60, 0x06, 0x30, 0x80, 0x31, 0x80, 0x3D, 0x80, 0x0F, 0x00, 0x02, 0x00, 0x00, 0x00, 0x00,
  0x00, 0x80, 0x31, 0x8C, 0x31, 0xFE, 0xFF, 0x73, 0xCE, 0x01, 0x03, 0x00, 0x03, 0x00, 0x03, 0x00,
  0x00, 0x9C, 0x00, 0xC0, 0x0F, 0x00, 0xFF, 0x01, 0xD8, 0x18, 0x80, 0x8D, 0xC7, 0x7F, 0x68, 0xBC,
  0xFC, 0xE6, 0x0E, 0xEA, 0x63, 0xB0, 0x17, 0x06, 0xFD, 0x31, 0xF0, 0xCA, 0x01, 0xE9, 0x06, 0x80,
  0x3C, 0x00, 0xC8, 0x01, 0x80, 0x1F, 0x00, 0x48, 0x00, 0x80, 0x05, 0x00, 0x78, 0x00, 0x80, 0x03,
  0x00, 0xF8, 0x03, 0x80, 0x2E, 0x00, 0x08, 0x02, 0x80, 0x32, 0x00, 0xA8, 0x03, 0x80, 0x2A, 0x00,
  0xF8, 0x03, 0x80, 0x20, 0x00, 0xF8, 0x03, 0xC0, 0x03, 0x00, 0x3C, 0x00, 0x20, 0x03, 0x00, 0x7E,
  0x00, 0x60, 0x16, 0x00, 0xC7, 0x03, 0x78, 0x28, 0xC0, 0x86, 0x02, 0x44, 0x60, 0xFE, 0x07, 0xBE,
  0x3E, 0xA0, 0xEB, 0x01, 0xB0, 0x00, 0xC0, 0xEF, 0x01, 0xE0, 0x1F, 0x00, 0x1E, 0x01, 0xA0, 0x05,
  0x00, 0xF2, 0x01, 0xE0, 0x1F, 0x00, 0xF0, 0x01, 0x00, 0x1B, 0x00, 0xA0, 0x1F, 0x00, 0x7A, 0x01,
  0x00, 0x12, 0x00, 0xF8, 0x01, 0x00, 0x17, 0x00, 0xBE, 0x01, 0xB8, 0x08, 0x80, 0x8A, 0x03, 0xF8,
  0x30, 0x00, 0x3D, 0x0E, 0xD0, 0x8E, 0x00, 0xAD, 0x08, 0xF0, 0x88, 0x00, 0x8A, 0x0F, 0xE0, 0xCC,
  0x00, 0xA8, 0x0C, 0x80, 0xFE, 0x00, 0x38, 0x0A, 0x80, 0xE0, 0x00, 0xC8, 0x00, 0x0E, 0xE0, 0x00,
  0x06, 0x70, 0x80, 0x03, 0x38, 0xC0, 0x03, 0x1C, 0xE0, 0x01, 0x0E, 0x60, 0x00, 0x06, 0xE0, 0x00,
  0x1E, 0xE0, 0x07, 0xF8, 0x80, 0x1F, 0xF0, 0x03, 0x3E, 0x80, 0x07, 0x78, 0x00, 0x07, 0x70, 0x00,
  0x07, 0x70, 0x80, 0x07, 0x7C, 0xC0, 0x03, 0x0E, 0xF0, 0x00, 0x07, 0x78, 0x80, 0x03, 0x3C, 0xC0,
  0x01, 0x1E, 0xE0, 0x00, 0x0F, 0xF0, 0x80, 0x07, 0x3C, 0xC0, 0x01, 0x1E, 0xE0, 0x00, 0x0F, 0x70,
  0x00, 0x07, 0x38, 0x80, 0x03, 0x38, 0x80, 0x03, 0x78, 0x80, 0x0F, 0xF0, 0x01, 0x1E, 0xE0, 0x01,
  0x3C, 0x80, 0x03, 0x38, 0x80, 0x03, 0x38, 0x80, 0x03, 0x3C, 0xE0, 0x03, 0x1F, 0xF8, 0xC0, 0x07,
  0x1C, 0xC0, 0x01, 0x0E, 0x60, 0x00, 0x06, 0xE0, 0x00, 0x1E, 0xE0, 0x03, 0x7E, 0x80, 0x07, 0x70,
  0x00, 0x03, 0x38, 0xC0, 0x03, 0x1C, 0xE0, 0x00, 0x07, 0x38, 0xC0, 0x03, 0x1C, 0xC0, 0x80, 0x00,
  0x08, 0x80, 0x00, 0x60, 0x00, 0x06, 0x60, 0x00, 0x06, 0x62, 0x03, 0x30, 0x00, 0x03, 0x30, 0x00,
  0x0B, 0x80, 0x00, 0x08, 0x00, 0x00, 0xF0, 0x01, 0x1F, 0xF0, 0x01, 0x00, 0xC0, 0x07, 0x7C, 0xC0,
  0x87, 0x00, 0x00, 0x1F, 0xF0, 0x01, 0x1F, 0x00, 0x04, 0x7C, 0xC0, 0x07, 0x3C, 0x00, 0x08, 0x80,
  0x00, 0x08, 0x00, 0x00, 0x00, 0x80, 0x07, 0x78, 0x80, 0x07, 0x78, 0x80, 0xF7, 0x02, 0x0F, 0xF0,
  0x00, 0x0F, 0xF0, 0x00, 0x00, 0x00, 0x00, 0x08, 0x80, 0x00, 0x08, 0x00, 0x1C, 0x00, 0x70, 0x00,
  0xC0, 0x01, 0x00, 0x07, 0x00, 0x1C, 0x00, 0x30, 0x00, 0xC2, 0x00, 0x08, 0x13, 0x10, 0x5C, 0x85,
  0x70, 0x15, 0xC6, 0x74, 0x14, 0xBB, 0x51, 0xE4, 0x43, 0x90, 0x1A, 0x43, 0x63, 0x0C, 0x8E, 0x34,
  0x50, 0x9A, 0x00, 0x71, 0x02, 0x44, 0x0F, 0x98, 0x7D, 0xE0, 0xE6, 0x01, 0x3B, 0x06, 0x2C, 0x09,
  0xB0, 0x04, 0xC0, 0x1B, 0x08, 0x7B, 0x30, 0xD4, 0xC1, 0xD8, 0x05, 0x61, 0x0F, 0x80, 0x09, 0x28,
  0x64, 0xE0, 0xB0, 0x80, 0xC2, 0x06, 0x06, 0x11, 0x18, 0x4C, 0x60, 0x90, 0x81, 0xC3, 0x02, 0x0C,
  0x03, 0x28, 0x04, 0xE0, 0x00, 0x02, 0x03, 0x10, 0x0C, 0x40, 0x30, 0x04, 0x41, 0x38, 0x84, 0xA1,
  0x10, 0x8A, 0x62, 0x28, 0xAE, 0xE1, 0xB8, 0x84, 0xC3, 0x36, 0xAE, 0xD9, 0x98, 0x26, 0x63, 0x9B,
  0x8C, 0xA7, 0x24, 0x8C, 0x93, 0x32, 0x7C, 0xCA, 0x90, 0x89, 0xC3, 0x14, 0x0E, 0x4B, 0x19, 0xB4,
  0xE5, 0xA8, 0xB6, 0xA3, 0x99, 0x8C, 0x67, 0x28, 0x94, 0xA0, 0x10, 0x80, 0x43, 0x0F, 0xF0, 0x00,
  0x0E, 0xE0, 0x00, 0x0E, 0xE0, 0x00, 0x06, 0x60, 0x00, 0x06, 0x00, 0x00, 0x00, 0x00, 0x00, 0x00,
  0x00, 0xE0, 0x1C, 0xCF, 0xFB, 0xFC, 0xCF, 0x7F, 0xFC, 0x83, 0x3F, 0xF8, 0x01, 0x1F, 0xF0, 0x01,
  0x1E, 0xE0, 0x01, 0x1E, 0xE0, 0x01, 0x1E, 0xE0, 0xC1, 0x18, 0x8C, 0xC1, 0x01, 0x1C, 0xC0, 0x01,
  0x38, 0x80, 0x0F, 0xF0, 0x00, 0x0F, 0xE0, 0x00, 0x0C, 0x00, 0x00, 0x10, 0x00, 0x03, 0x70, 0x00,
  0x07, 0xF0, 0x00, 0x0F, 0xF0, 0x00, 0x0E, 0xE0, 0x00, 0x0E, 0xE0, 0x00, 0x0E, 0xE0, 0x00, 0x0E,
  0xC0, 0x00, 0x20, 0x08, 0xC2, 0x20, 0x0C, 0xC2, 0x30, 0x0C, 0xC3, 0x70, 0x0E, 0xE7, 0x70, 0x0E,
  0x6F, 0xC0, 0x07, 0x7C, 0xC0, 0x07, 0x3C, 0xC0, 0x01, 0x18, 0x80, 0x01, 0x18, 0x80, 0x01, 0x18,
  0x80, 0x01, 0x18, 0x80, 0x03, 0x38, 0x80, 0x03, 0x30, 0x00, 0x01, 0x10, 0x00, 0x00, 0x80, 0x00,
  0x0C, 0xC0, 0x00, 0x0C, 0xC0, 0x00, 0x2C, 0xC0, 0x06, 0x68, 0x80, 0x06, 0x60, 0x06, 0x76, 0x60,
  0x07, 0x76, 0x40, 0x07, 0x70, 0x00, 0x03, 0x30, 0x00, 0x03, 0x30, 0x00, 0x03, 0x00, 0x00, 0x00,
  0x00, 0x00, 0x00, 0x00, 0x80, 0x00, 0x0C, 0xC0, 0x00, 0x1C, 0xC0, 0x01, 0x1C, 0xC0, 0x01, 0x18,
  0x80, 0x11, 0x18, 0x83, 0x38, 0xC0, 0x03, 0x3C, 0xC0, 0x03, 0x3C, 0xC0, 0x03, 0x3C, 0xC0, 0x03,
  0x10, 0x00, 0x20, 0x00, 0x40, 0x00, 0x80, 0x00, 0x00, 0x01, 0x00, 0x02, 0x00, 0x06, 0x00, 0x0C,
  0x00, 0x18, 0x00, 0x30, 0x00, 0x60, 0x00, 0xC0, 0x00, 0x80, 0x01, 0x00, 0x01, 0x00, 0x02, 0x00,
  0x04, 0x00, 0x08, 0x00, 0x10, 0x00, 0x20, 0x00, 0x40, 0x00, 0x80, 0x00, 0x00, 0x01, 0x00, 0x02,
  0x00, 0x04, 0x00, 0x18, 0x00, 0x30, 0x00, 0x60, 0x00, 0xC0, 0x00, 0x80, 0x01, 0x00, 0x03, 0x00,
  0x06, 0x00, 0x0C, 0x00, 0x18, 0x00, 0x70, 0x00, 0xC0, 0x00, 0x80, 0x01, 0x00, 0x03, 0x00, 0x06,
  0x00, 0x0C, 0x00, 0x18, 0x00, 0x30, 0x00, 0x60, 0x00, 0xC0, 0x00, 0x80, 0x01, 0x00, 0x07, 0x00,
  0x0C, 0x00, 0x18, 0x00, 0x30, 0x00, 0x60, 0x00, 0xC0, 0x00, 0x80, 0x01, 0x00, 0x03, 0x00, 0x06,
  0x00, 0x0C, 0x00, 0x18, 0x00, 0x30, 0x00, 0xE0, 0x00, 0x80, 0x01, 0x00, 0x03, 0x00, 0x06, 0x00,
  0x0C, 0x00, 0x18, 0x00, 0x30, 0x00, 0x60, 0x00, 0xC0, 0x00, 0x80, 0x01, 0x00, 0x03, 0x00, 0x06,
  0x00, 0x0C, 0x00, 0x18, 0x00, 0x30, 0x00, 0x60, 0x00, 0xC0, 0x00, 0x00, 0x01, 0x00, 0x02, 0x00,
  0x04, 0x00, 0x08, 0x00, 0x10, 0x00, 0x20, 0x00, 0x40, 0x00, 0x80, 0x00, 0x00, 0x01, 0x00, 0x02,
  0x00, 0x04, 0x00, 0x08, 0x00, 0x18, 0x00, 0x30, 0x00, 0x60, 0x00, 0xC0, 0x00, 0x80, 0x01, 0x00,
  0x03, 0x00, 0x06, 0x00, 0x0C, 0x00, 0x18, 0x00, 0x30, 0x00, 0x60, 0x00, 0xC0, 0x00, 0x80, 0x01,
  0x00, 0x03, 0x00, 0x06, 0x00, 0x0C, 0x00, 0x18, 0x00, 0x30, 0x00, 0x60, 0x00, 0x40, 0x00, 0x80,
  0x00, 0x00, 0x01, 0x00, 0x02, 0x00, 0x04, 0x00, 0x08, 0x00, 0x10, 0x00, 0x20, 0x00, 0x40, 0x00,
  0x80, 0x00, 0x00, 0x01, 0x00, 0x02, 0x00, 0x04, 0x00, 0x08, 0x00, 0x30, 0x00, 0x70, 0x00, 0xE0,
  0x01, 0xE0, 0x0F, 0xC0, 0x7F, 0xC0, 0xFF, 0x83, 0xFF, 0x07, 0xFF, 0x07, 0xFC, 0x07, 0xF0, 0x03,
  0xE0, 0x01, 0x80, 0x01, 0x00, 0x03, 0xF8, 0xFF, 0xFF, 0xFF, 0xFF, 0xFF, 0x07, 0x00, 0xE0, 0x00,
  0x0C, 0x1C, 0x30, 0x83, 0x01, 0x0C, 0x38, 0x30, 0x80, 0x63, 0x0C, 0x38, 0x18, 0x80, 0x03, 0x00,
  0x38, 0x18, 0x80, 0x03, 0x06, 0x38, 0x18, 0x80, 0x03, 0x06, 0x38, 0x18, 0x80, 0x03, 0x06, 0x20,
  0x18, 0x00, 0x06, 0x06, 0xE0, 0x18, 0x00, 0x0E, 0x06, 0xE0, 0x00, 0x00, 0x0E, 0x06, 0xE0, 0x80,
  0x01, 0x0E, 0x06, 0xE0, 0x80, 0x01, 0x0E, 0x06, 0xE0, 0x80, 0x01, 0x0E, 0x06, 0x80, 0x80, 0x01,
  0x18, 0x06, 0x80, 0x83, 0x01, 0x38, 0x06, 0x80, 0x83, 0x01, 0x38, 0x00, 0x80, 0x83, 0x01, 0x38,
  0x60, 0x80, 0x83, 0x01, 0x20, 0x60, 0x00, 0x80, 0x01, 0xF8, 0xFF, 0xFF, 0xFF, 0xFF, 0xFF, 0xFF,
  0xFF, 0xFF, 0xFF, 0xFF, 0xFF, 0xFF, 0xFF, 0xFF, 0xFF, 0xFF, 0xFF, 0xFF, 0xFF, 0xFF, 0xFF, 0xFF,
  0xFF, 0xFF, 0xFF, 0xFF, 0xFF, 0xFF, 0xFF, 0xFF, 0xFF, 0x7F, 0x00, 0x00, 0x80, 0x30, 0x0C, 0xC3,
  0x79, 0x9E, 0x67, 0xCF, 0xF3, 0x3C, 0x86, 0x61, 0x18, 0x86, 0x61, 0x18, 0x86, 0x61, 0x18, 0xCF,
  0xF3, 0xBC, 0x79, 0x9E, 0x67, 0x00, 0x00, 0x00, 0x00, 0x00, 0x00, 0x00, 0x00, 0x80, 0xAA, 0xAA,
  0x2A, 0x55, 0x55, 0x55, 0x86, 0x61, 0x18, 0x86, 0x61, 0x18, 0x86, 0x61, 0x18, 0xCF, 0xF3, 0x3C,
  0x49, 0x92, 0xA4, 0x79, 0x9E, 0x67, 0x00, 0x00, 0x00, 0x00, 0x00, 0x00, 0x00, 0x00, 0x80, 0x79,
  0x9E, 0xE7, 0x79, 0x9E, 0xE7, 0xFF, 0xFF, 0xFF, 0x79, 0x9E, 0xE7, 0x79, 0x9E, 0xE7, 0x79, 0x9E,
  0x67, 0x00, 0x00, 0x00, 0x00, 0x00, 0x80, 0x30, 0x0C, 0xC3, 0x30, 0x0C, 0xC3, 0x30, 0x0C, 0xC3,
  0x30, 0x0C, 0xC3, 0x30, 0x0C, 0xC3, 0x30, 0x0C, 0xC3, 0x30, 0x0C, 0x43, 0x00, 0x00, 0x00, 0x86,
  0x61, 0x18, 0x86, 0x61, 0x18, 0x86, 0x61, 0x18, 0x86, 0x61, 0x18, 0x86, 0x61, 0x00, 0x00, 0x00,
  0x00, 0x00, 0x00, 0x00, 0x86, 0x61, 0x18, 0xCF, 0xF3, 0xBC, 0x79, 0x9E, 0xE7, 0x30, 0x0C, 0xC3,
  0xB6, 0x6D, 0xDB, 0x30, 0x0C, 0xC3, 0x79, 0x9E, 0x67, 0xCF, 0xF3, 0x3C, 0x86, 0x61, 0x18, 0x86,
  0x61, 0x18, 0x86, 0x61, 0x18, 0x86, 0x61, 0x18, 0x00, 0x00, 0x00, 0x00, 0x00, 0x00, 0x86, 0x61,
  0x18, 0x86, 0x61, 0x18, 0x86, 0x61, 0x18, 0x86, 0x61, 0x18, 0x86, 0x61, 0x18, 0x00, 0x00, 0x80,
  0xFF, 0xFF, 0xFF, 0x30, 0x0C, 0xC3, 0x79, 0x9E, 0x67, 0xCF, 0xF3, 0x3C, 0x86, 0x61, 0x18, 0x00,
  0x00, 0x00, 0x00, 0x00, 0x00, 0x86, 0x61, 0x18, 0xCF, 0xF3, 0xBC, 0x79, 0x9E, 0xE7, 0x30, 0x0C,
  0x43, 0x00, 0x00, 0x80, 0xFF, 0xFF, 0xFF, 0xFF, 0xFF, 0xFF, 0x1F, 0x00, 0xE0, 0x1F, 0x00, 0xE0,
  0x1F, 0x00, 0xE0, 0x1F, 0x00, 0xE0, 0x1F, 0x00, 0xE0, 0x1F, 0x00, 0xE0, 0x1F, 0x00, 0xE0, 0x1F,
  0x00, 0xE0, 0x1F, 0x00, 0xE0, 0x1F, 0x00, 0xE0, 0x1F, 0x00, 0xE0, 0x1F, 0x00, 0xE0, 0x1F, 0x00,
  0xE0, 0x1F, 0x00, 0xE0, 0x1F, 0x00, 0xE0, 0x1F, 0x00, 0xE0, 0x1F, 0x00, 0xE0, 0x1F, 0x00, 0xE0,
  0x3F, 0x00, 0xF0, 0x3F, 0x00, 0xF0, 0x3F, 0x00, 0xF0, 0x3F, 0x00, 0xF0, 0x3F, 0x00, 0xF0, 0x3F,
  0x00, 0xF8, 0x7F, 0x00, 0xF8, 0x7F, 0x00, 0xF8, 0x7F, 0x00, 0xF8, 0x7F, 0x00, 0xF8, 0x7F, 0x00,
  0xFC, 0x7F, 0x00, 0xFC, 0xFF, 0x00, 0xFC, 0xFF, 0x00, 0xFC, 0xFF, 0x00, 0xFC, 0xFF, 0x00, 0xFE,
  0xFF, 0x01, 0xFE, 0xFF, 0x01, 0xFE, 0xFF, 0x01, 0xFE, 0xFF, 0x01, 0xFE, 0xC7, 0x01, 0xFE, 0x77,
  0x00, 0xFE, 0xF7, 0x00, 0xDE, 0xF7, 0x01, 0xC0, 0xF3, 0x01, 0xF0, 0xFF, 0x01, 0xFC, 0xDF, 0x01,
  0xFE, 0x1F, 0x00, 0xFE, 0xDF, 0x01, 0xFE, 0xDF, 0x07, 0xFE, 0xDF, 0x07, 0xFE, 0xC7, 0x07, 0x5C,
  0x80, 0x0F, 0x00, 0x81, 0x0F, 0x00, 0x83, 0x0F, 0x90, 0x03, 0x00, 0x98, 0x03, 0x00, 0x9C, 0x10,
  0x00, 0x1C, 0x18, 0x01, 0x1C, 0x38, 0x03, 0x0C, 0x38, 0x03, 0x60, 0x08, 0x03, 0x30, 0x02, 0x02,
  0x30, 0x03, 0x00, 0x30, 0x03, 0x00, 0xB8, 0x45, 0x00, 0x88, 0xC6, 0x00, 0x80, 0xE2, 0x00, 0x00,
  0x63, 0x00, 0x00, 0x00, 0x00, 0x20, 0x0C, 0x00, 0x30, 0x9C, 0x00, 0x38, 0x98, 0x01, 0x18, 0xB1,
  0x01, 0x88, 0x81, 0x01, 0x80, 0x03, 0x00, 0x80, 0x01, 0x00, 0x40, 0x40, 0x00, 0x08, 0xC0, 0x00,
  0x08, 0xC0, 0x00, 0x1C, 0xC7, 0x01, 0x1C, 0x87, 0x01, 0x0C, 0x87, 0x01, 0x0C, 0x86, 0x01, 0x04,
  0x00, 0x00, 0x00, 0x00, 0x00, 0x00, 0x00, 0x00, 0x80, 0x30, 0x00, 0x80, 0x71, 0x00, 0x80, 0x71,
  0x00, 0x80, 0x63, 0x00, 0xC0, 0x61, 0x00, 0xC0, 0xE0, 0x00, 0x80, 0xC0, 0x00, 0x00, 0x00, 0x00,
  0x00, 0x00, 0x00, 0x00, 0x18, 0x00, 0x30, 0x18, 0x00, 0x30, 0x38, 0x00, 0x60, 0x38, 0x00, 0x60,
  0x37, 0x00, 0xE0, 0x07, 0x00, 0x80, 0x07, 0x00, 0x80, 0x07, 0x00, 0x80, 0x07, 0x00, 0x80, 0xE7,
  0x01, 0xB8, 0xF7, 0x01, 0xF8, 0xF3, 0x01, 0x7C, 0xF8, 0x00, 0xFC, 0xF8, 0x00, 0xFC, 0xFF, 0x00,
  0xF8, 0x7F, 0x00, 0xF0, 0x0F, 0x00, 0xE0, 0x0F, 0x00, 0x80, 0x0F, 0x00, 0x80, 0x0F, 0x00, 0x80,
  0x0F, 0x00, 0x80, 0x1E, 0x00, 0xE0, 0x3E, 0x00, 0xE0, 0x3F, 0x00, 0xE0, 0x3F, 0x00, 0xE0, 0x3F,
  0x00, 0xE0, 0x3B, 0x00, 0xE0, 0x3B, 0x00, 0xE0, 0x27, 0x00, 0xE0, 0x3F, 0x00, 0xE0, 0x3F, 0x00,
  0xE0, 0x3F, 0x00, 0xE0, 0x3F, 0x00, 0xE0, 0x3F, 0x00, 0xE0, 0x3F, 0x00, 0xE0, 0x3F, 0x00, 0xE0,
  0x3F, 0x00, 0xE0, 0x3F, 0x00, 0xE0, 0x3F, 0x00, 0xE0, 0x3F, 0x00, 0xE0, 0x3F, 0x00, 0xE0, 0x3F,
  0x00, 0xE0, 0x3F, 0x00, 0xE0, 0x3F, 0x00, 0xE0, 0x3F, 0x00, 0xE0, 0x3F, 0x00, 0xE0, 0x3F, 0x00,
  0xE0, 0x3F, 0x00, 0xE0, 0xFF, 0xFF, 0xFF, 0xFF, 0xFF, 0xFF, 0xFF, 0xFF, 0xFF, 0xFF, 0xFF, 0xFF,
  0xFF, 0xFF, 0xFF, 0x00, 0xF0, 0x7F, 0x00, 0xF8, 0x3F, 0x00, 0xFC, 0x1F, 0x00, 0xFE, 0x0F, 0x00,
  0xFF, 0x07, 0x80, 0xFF, 0x03, 0xC0, 0xFF, 0x01, 0xE0, 0xFF, 0x00, 0xF0, 0x7F, 0x00, 0xF8, 0x3F,
  0x00, 0xFC, 0x03, 0x00, 0xF0, 0x01, 0x00, 0xF8, 0x00, 0x00, 0x3C, 0x00, 0x00, 0x1C, 0x00, 0x00,
  0x02, 0x00, 0x00, 0x02, 0x10, 0x00, 0x01, 0x18, 0xC0, 0x03, 0x5F, 0xF5, 0x00, 0x07, 0xF0, 0xC0,
  0x57, 0x1D, 0x80, 0x01, 0x2C, 0x40, 0x80, 0x00, 0x00, 0x00, 0x0A, 0x00, 0xA0, 0x01, 0x00, 0x40,
  0x02, 0x00, 0x08, 0x01, 0x00, 0xC4, 0x01, 0x00, 0xA7, 0x00, 0x80, 0x52, 0x03, 0x40, 0x81, 0x01,
  0x05, 0xC0, 0x80, 0x02, 0xF1, 0xE0, 0xC3, 0x7B, 0xF0, 0xF9, 0x25, 0xFC, 0x7D, 0x33, 0xBA, 0x9C,
  0x10, 0x08, 0x05, 0x80, 0xA4, 0x94, 0x5B, 0x10, 0xCB, 0x8D, 0x82, 0xE0, 0xC0, 0x91, 0xF0, 0x48,
  0x6A, 0x79, 0x04, 0x91, 0x3C, 0x00, 0x00, 0x1E, 0x2F, 0x5E, 0x87, 0x97, 0xAF, 0xC3, 0xEF, 0xC3,
  0x01, 0xF2, 0xEB, 0x00, 0xF9, 0x75, 0x00, 0x38, 0x00, 0x08, 0x59, 0x08, 0xCC, 0x60, 0x06, 0x24,
  0x20, 0x01, 0x1E, 0xF0, 0x24, 0x0F, 0x78, 0x12, 0x03, 0x98, 0x9F, 0x01, 0xCC, 0xCF, 0x00, 0xF6,
  0x0F, 0x00, 0xE8, 0x75, 0x00, 0x60, 0x38, 0xC0, 0x31, 0x1C, 0xE0, 0x42, 0x0F, 0x70, 0xB3, 0x07,
  0x3C, 0xC9, 0x03, 0x9E, 0xE7, 0x01, 0xCF, 0xE3, 0x80, 0xC7, 0x70, 0x80, 0x63, 0x38, 0xC0, 0x31,
  0x1C, 0xE2, 0xC0, 0x00, 0x71, 0x63, 0x80, 0x80, 0x01, 0x00, 0x03, 0xC6, 0x80, 0x19, 0xE3, 0xD0,
  0x8C, 0x71, 0x68, 0xC6, 0x38, 0x34, 0x63, 0x0C, 0x98, 0x31, 0x06, 0x00, 0x00, 0x84, 0x18, 0x33,
  0x42, 0x8C, 0x19, 0x00, 0xC6, 0x8C, 0x10, 0x63, 0x46, 0x88, 0x31, 0x03, 0xC8, 0x98, 0x39, 0x67,
  0xCC, 0x9C, 0x37, 0x66, 0xFF, 0x1A, 0xB3, 0x5A, 0x00, 0x00, 0xE1, 0xFF, 0xFF, 0x10, 0xFE, 0x43,
  0x28, 0xFF, 0xA9, 0x1D, 0x7F, 0xFC, 0x63, 0xCE, 0x00, 0x30, 0x67, 0x30, 0x80, 0x03, 0x3C, 0x03,
  0x60, 0xB3, 0x01, 0xB0, 0x16, 0xF8, 0xC0, 0x0C, 0x7C, 0x40, 0x32, 0x3E, 0x06, 0x18, 0x1F, 0x03,
  0x9E, 0xCF, 0x03, 0xFE, 0xFF, 0x00, 0xFE, 0x3F, 0x00, 0xFE, 0x0F, 0x00, 0xFF, 0x07, 0x80, 0xFF,
  0x03, 0xC0, 0xFF, 0x01, 0xE0, 0xFF, 0x00, 0xF0, 0x7F, 0x00, 0xFC, 0x7F, 0x00, 0xFF, 0x7F, 0xC0,
  0xFF, 0x7F, 0xE0, 0xFF, 0x7F, 0xF8, 0xFF, 0x7F, 0xFE, 0xFF, 0xFF, 0x0F, 0xC0, 0x00, 0x30, 0x30,
  0x03, 0x0F, 0xC0, 0x04, 0x30, 0x36, 0x63, 0x0F, 0xC8, 0x00, 0xC0, 0x00, 0x0C, 0x00, 0x83, 0x31,
  0x18, 0x00, 0x00, 0x00, 0x00, 0x8C, 0xC0, 0xC0, 0x31, 0x1C, 0xC3, 0x01, 0x00, 0x38, 0x80, 0x03,
  0x38, 0x00, 0x00, 0x00, 0x60, 0x00, 0x06, 0x98, 0x83, 0x39, 0x84, 0x03, 0x00, 0x00, 0x00, 0xC0,
  0x00, 0x6C, 0x00, 0x06, 0x00, 0xC0, 0x01, 0x1C, 0xC1, 0x61, 0x00, 0x06, 0x80, 0x03, 0x38, 0x80,
  0x03, 0x00, 0x06, 0x60, 0x00, 0x80, 0x11, 0x18, 0x00, 0x00, 0x00, 0x00, 0x00, 0xC0, 0x00, 0x0C,
  0x07, 0x70, 0x00, 0xC7, 0x01, 0x1C, 0xC0, 0x01, 0x1C, 0xC0, 0x01, 0x1C, 0xC0, 0x01, 0x1C, 0xC0,
  0x01, 0x1C, 0xC0, 0x01, 0x08, 0x00, 0x00, 0x00, 0x00, 0x00, 0x14, 0xC0, 0x01, 0x1C, 0xC0, 0x01,
  0x08, 0x00, 0x00, 0x00, 0x40, 0x01, 0x1C, 0xC0, 0x01, 0x1C, 0x80, 0x00, 0x00, 0x00, 0x00, 0x00,
  0x20, 0x0E, 0xE2, 0x20, 0x0E, 0xE0, 0x00, 0x00, 0x01, 0x10, 0x00, 0x01, 0x00, 0x00, 0x08, 0xC0,
  0x01, 0x1C, 0xC0, 0x01, 0x1C, 0x40, 0x01, 0x00, 0x00, 0x00, 0x00, 0x40, 0x01, 0x1C, 0xC0, 0x01,
  0x1C, 0x80, 0x00, 0x00, 0x00, 0x00, 0x00, 0x00, 0x00, 0x1C, 0xC8, 0x81, 0x1C, 0xC8, 0x81, 0x1C,
  0xC8, 0x0D, 0xDC, 0xC0, 0x0D, 0xCC, 0x00, 0x08, 0x80, 0x00, 0x08, 0x80, 0x00, 0x00, 0x00, 0x00,
  0xC0, 0x00, 0x0C, 0xC0, 0x00, 0x0C, 0xC0, 0x00, 0x0C, 0xC0, 0x03, 0x3C, 0xC0, 0x03, 0x3C, 0x00,
  0x00, 0x00, 0x00, 0x00, 0x00, 0x00, 0xFC, 0xFF, 0xFF, 0xFF, 0xFF, 0xFF, 0xFF, 0xFF, 0xFF, 0xFF,
  0xFF, 0xFF, 0xFF, 0xFF, 0x03, 0x00, 0x3C, 0x00, 0xC0, 0x03, 0x00, 0x3C, 0x00, 0xC0, 0x03, 0x00,
  0x3C, 0x00, 0x80, 0x01, 0x00, 0x18, 0x00, 0x00, 0x04, 0x00, 0xC2, 0x00, 0xB0, 0x19, 0x80, 0x19,
  0x03, 0x0C, 0x60, 0x60, 0x00, 0x0C, 0x03, 0x80, 0x19, 0x00, 0xF0, 0x80, 0x01, 0x06, 0x00, 0xF0,
  0x00, 0x80, 0x19, 0x00, 0x0C, 0x03, 0x60, 0x60, 0x18, 0x03, 0x8C, 0x19, 0x80, 0xC1, 0x00, 0x30,
  0x04, 0x00, 0x26, 0x00, 0xC0, 0x03, 0x00, 0x18, 0x00, 0x00, 0x00, 0x00, 0x00, 0x00, 0x80, 0x01,
  0x00, 0x98, 0x01, 0x18, 0x18, 0x80, 0x81, 0x01, 0x18, 0x00, 0x00, 0x00, 0x04, 0x02, 0x40, 0x20,
  0x00, 0x00, 0x80, 0x01, 0x00, 0x18, 0x04, 0x02, 0x40, 0x20, 0x00, 0x00, 0x00, 0x00, 0x00, 0x18,
  0xF0, 0x80, 0x01, 0x0F, 0x00, 0xF8, 0x01, 0xC0, 0x30, 0x00, 0x06, 0x06, 0x30, 0xC0, 0x98, 0x01,
  0x98, 0x0D, 0x00, 0x43, 0x00, 0x60, 0x02, 0x00, 0x3C, 0x00, 0x80, 0x01, 0x00, 0x00, 0x00, 0x00,
  0x00, 0x00, 0x18, 0x00, 0x80, 0x01, 0x00, 0x18, 0x00, 0x80, 0x01, 0x00, 0x98, 0x01, 0x18, 0x18,
  0x80, 0x01, 0x00, 0x80, 0x01, 0x00, 0x98, 0x01, 0x98, 0x19, 0x80, 0x81, 0x01, 0x18, 0x00, 0x00,
  0x00, 0x0C, 0x03, 0xC0, 0x30, 0x18, 0x0C, 0x83, 0xC1, 0x30, 0xC0, 0xFF, 0xBF, 0x6A, 0x15, 0x80,
  0x2A, 0x40, 0x15, 0x80, 0x2A, 0x40, 0x15, 0xC0, 0xFF, 0x3F, 0x40, 0x15, 0x80, 0x2A, 0x40, 0x15,
  0x80, 0x2A, 0x00, 0x00, 0x33, 0x33, 0xC0, 0xCC, 0x0C, 0x00, 0x33, 0x33, 0xC0, 0xCC, 0x0C, 0x00,
  0x33, 0x33, 0xC0, 0xCC, 0x0C, 0x00, 0x33, 0x33, 0xC0, 0xFF, 0x3F, 0xC0, 0xFF, 0xFF, 0xFF, 0xFF,
  0xFF, 0xFF, 0xFF, 0xFF, 0xFF, 0xFF, 0x01, 0x00, 0x6D, 0xDB, 0xB6, 0x2D, 0x00, 0x40, 0x92, 0x24,
  0x49, 0x92, 0x24, 0x01, 0x00, 0x00, 0x00, 0x6D, 0xDB, 0xB6, 0x2D, 0x00, 0x00, 0x00, 0xD0, 0xB6,
  0x6D, 0xDB, 0xB6, 0x6D, 0x01, 0x00, 0x00, 0x80, 0xB6, 0x6D, 0xDB, 0x16, 0x00, 0x00, 0x00, 0x68,
  0xDB, 0xB6, 0x6D, 0x01, 0x00, 0x92, 0x24, 0x49, 0x92, 0x24, 0x49, 0x92, 0x24, 0x49, 0x92, 0x24,
  0x01, 0x00, 0x00, 0x00, 0x92, 0x24, 0x49, 0x92, 0x24, 0x09, 0x00, 0xF0, 0xFF, 0xFF, 0xFF, 0xFF,
  0xFF, 0x01, 0x00, 0x92, 0x24, 0x49, 0x92, 0x24, 0x49, 0x92, 0x04, 0x00, 0x00, 0x00, 0x00, 0x00,
  0x24, 0x49, 0x92, 0xA4, 0xCD, 0x56, 0xC3, 0xDE, 0xC0, 0x3E, 0xC0, 0x0F, 0xC0, 0x03, 0x00, 0x00,
  0x40, 0x00, 0x20, 0x00, 0x10, 0x00, 0x00, 0x00, 0x00, 0x00, 0x00, 0x00, 0x01, 0x80, 0x00, 0x00,
  0x00, 0x00, 0x00, 0x00, 0x00, 0x08, 0x00, 0x04, 0x00, 0xF8, 0xFF, 0x03, 0x00, 0x00, 0x40, 0x00,
  0x20, 0x00, 0x10, 0x00, 0x00, 0x00, 0xF0, 0xFF, 0xFF, 0xFF, 0xFF, 0xFF, 0xFF, 0xFF, 0xFF, 0xFF,
  0xFF, 0xFF, 0xFF, 0x1F, 0x00, 0x20, 0x49, 0x92, 0x24, 0x49, 0x92, 0xB4, 0xD9, 0x6F, 0xD8, 0x1B,
  0xD8, 0x07, 0x58, 0x00, 0x20, 0x00, 0x10, 0x00, 0x08, 0x00, 0x00, 0x00, 0x00, 0x00, 0x01, 0x80,
  0x00, 0x00, 0x00, 0x00, 0x00, 0x00, 0x00, 0x08, 0x00, 0x04, 0x00, 0x00, 0x00, 0x00, 0x00, 0x00,
  0x40, 0x00, 0x20, 0x00, 0x00, 0x00, 0xFC, 0xFF, 0x01, 0x00, 0x02, 0x00, 0x01, 0x00, 0x00, 0xE0,
  0xFF, 0xFF, 0xFF, 0xFF, 0xFF, 0x4B, 0x92, 0x24, 0x49, 0x92, 0x24, 0x49, 0xD2, 0xFF, 0xFF, 0xFF,
  0xFF, 0xFF, 0x3F, 0x00, 0x00, 0x00, 0xC7, 0x71, 0x1C, 0xC7, 0x71, 0x1C, 0x00, 0x00, 0x00, 0x00,
  0x00, 0x80, 0x00, 0x20, 0x82, 0x41, 0x39, 0x07, 0xC7, 0x11, 0x05, 0x80, 0x10, 0x00, 0x00, 0x00,
  0x00, 0x00, 0x00, 0x80, 0x24, 0x49, 0x92, 0xE7, 0x79, 0x9E, 0xE7, 0x79, 0x1E, 0x00, 0x00, 0x00,
  0x00, 0x00, 0xC0, 0x3C, 0xCF, 0xF3, 0x3C, 0xCF, 0x33, 0x00, 0x00, 0x00, 0x00, 0x00, 0xC0, 0x3C,
  0xCF, 0xF3, 0x3C, 0xCF, 0x33, 0x00, 0x00, 0x00, 0x00, 0x00, 0x00, 0x00, 0x00, 0x40, 0x77, 0x77,
  0xF7, 0xFF, 0xFF, 0x3F, 0x27, 0x72, 0x22, 0x62, 0x23, 0x36, 0x82, 0x20, 0x08, 0xC0, 0x01, 0x1C,
  0x87, 0x70, 0x08, 0x87, 0x70, 0x08, 0x00, 0x00, 0xC0, 0xDD, 0xDD, 0xDD, 0x38, 0x8E, 0x63, 0x70,
  0x07, 0x37, 0x00, 0x00, 0xC0, 0xFF, 0xFF, 0xBF, 0xAA, 0xAA, 0xEA, 0xFF, 0xFF, 0x7F, 0x55, 0x55,
  0xD5, 0xFF, 0xFF, 0xFF, 0xFF, 0xFF, 0xFF, 0xFF, 0xFF, 0xFF, 0xFF, 0x9F, 0xAA, 0xAA, 0xFE, 0xFF,
  0xFF, 0xFF, 0xFF, 0x4F, 0x55, 0x55, 0x57, 0x55, 0xD5, 0xFF, 0xFF, 0xFF, 0xFF, 0xFF, 0x54, 0x55,
  0xF5, 0xFF, 0xFF, 0xFF, 0xFF, 0xFF, 0xFF, 0xFF, 0x0F, 0x00, 0x00, 0x42, 0x10, 0x42, 0x08, 0x42,
  0x08, 0x41, 0x08, 0x00, 0x00, 0x00, 0x00, 0x00, 0x30, 0x86, 0x31, 0xC6, 0x30, 0x06, 0x00, 0x00,
  0x00, 0x00, 0xC0, 0x9C, 0xE7, 0x9C, 0xF3, 0x9C, 0x00, 0x00, 0x00, 0x00, 0x00, 0x30, 0x86, 0x31,
  0xC6, 0x30, 0x06, 0x00, 0x00, 0xFE, 0xFF, 0xFF, 0xFF, 0xFF, 0xFF, 0xFF, 0xFF, 0xFF, 0xFF, 0xFF,
  0xFF, 0xFF, 0xFF, 0xFF, 0x7F, 0x00, 0x00, 0x20, 0x49, 0x92, 0x24, 0x49, 0x92, 0x24, 0x49, 0x02,
  0x00, 0x00, 0x00, 0x00, 0x20, 0x49, 0x92, 0x24, 0x49, 0x92, 0x24, 0x49, 0x02, 0x00, 0x00, 0x00,
  0x00, 0xC0, 0x4C, 0xD3, 0x98, 0x69, 0x1A, 0x00, 0x00, 0x00, 0x00, 0x00, 0x94, 0x94, 0x25, 0x93,
  0x71, 0x44, 0x12, 0x86, 0x00, 0x00, 0x80, 0x20, 0x80, 0x96, 0x65, 0x11, 0x30, 0x2C, 0x00, 0x00,
  0x00, 0x48, 0x92, 0x24, 0x49, 0x92, 0x24, 0x49, 0x92, 0xFE, 0xFF, 0xFF, 0xFF, 0xFF, 0xFF, 0xFF,
  0xFF, 0xFF, 0xFF, 0xFF, 0x3F, 0x00, 0x00, 0x00, 0x0E, 0x00, 0x00, 0x80, 0x03, 0x00, 0x00, 0xE0,
  0x00, 0x00, 0x00, 0x38, 0x00, 0x00, 0x00, 0x06, 0x00, 0x00, 0xC0, 0x01, 0x00, 0x00, 0x70, 0x00,
  0x00, 0x00, 0x1C, 0x00, 0x00, 0x00, 0x07, 0x00, 0x00, 0x40, 0x00, 0x00, 0x00, 0x1C, 0x00, 0x00,
  0x00, 0x07, 0x00, 0x00, 0xC0, 0x01, 0x00, 0x00, 0x70, 0x00, 0x00, 0x00, 0xFC, 0x00, 0x00, 0x00,
  0x38, 0x00, 0x00, 0x00, 0x0E, 0x00, 0x00, 0x80, 0x03, 0x00, 0x00, 0xE0, 0x00, 0x00, 0x00, 0x18,
  0x00, 0x00, 0x00, 0x07, 0x00, 0x00, 0xC0, 0x01, 0x00, 0x00, 0x70, 0x00, 0x00, 0x00, 0x1C, 0x00,
  0x00, 0x00, 0x01, 0x00, 0x00, 0x38, 0x00, 0x00, 0x00, 0x0E, 0x00, 0x00, 0x80, 0x03, 0x00, 0x00,
  0xE0, 0x00, 0x00, 0x00, 0xB8, 0xFF, 0xFF, 0xFF, 0xFF, 0xFF, 0xFF, 0xFF, 0xFF, 0xFF, 0xFF, 0xFF,
  0x0F, 0x00, 0x00, 0x80, 0x03, 0x00, 0x00, 0xE0, 0x00, 0x00, 0x00, 0x38, 0x00, 0x00, 0x00, 0x0E,
  0x00, 0x00, 0x80, 0x01, 0x00, 0x00, 0x70, 0x00, 0x00, 0x00, 0x1C, 0x00, 0x00, 0x00, 0x07, 0x00,
  0x00, 0xC0, 0x01, 0x00, 0x00, 0x10, 0x00, 0x00, 0x00, 0x07, 0x00, 0x00, 0xC0, 0x01, 0x00, 0x00,
  0x70, 0x00, 0x00, 0x00, 0x1C, 0x00, 0x00, 0x00, 0x3F, 0x00, 0x00, 0x00, 0x0E, 0x00, 0x00, 0x80,
  0x03, 0x00, 0x00, 0xE0, 0x00, 0x00, 0x00, 0x38, 0x00, 0x00, 0x00, 0x06, 0x00, 0x00, 0xC0, 0x01,
  0x00, 0x00, 0x70, 0x00, 0x00, 0x00, 0x1C, 0x00, 0x00, 0x00, 0x07, 0x00, 0x00, 0x40, 0x00, 0x00,
  0x00, 0x0E, 0x00, 0x00, 0x80, 0x03, 0x00, 0x00, 0xE0, 0x00, 0x00, 0x00, 0x38, 0x00, 0x00, 0x00,
  0xEE, 0xFF, 0xFF, 0xFF, 0xFF, 0xFF, 0xFF, 0xFF, 0xFF, 0xFF, 0xFF, 0xFF, 0xFF, 0xFF, 0xFF, 0xFF,
  0xFF, 0xFF, 0xFF, 0xFF, 0xFF, 0xFF, 0x07, 0x00, 0x00, 0x38, 0x00, 0x00, 0xC0, 0x01, 0x00, 0x00,
  0x0E, 0x00, 0x00, 0x10, 0x00, 0x00, 0xC0, 0x00, 0x00, 0x00, 0x06, 0x00, 0x00, 0xD0, 0x00, 0x00,
  0x00, 0x06, 0x00, 0x00, 0x00, 0x00, 0x00, 0x80, 0x01, 0x00, 0x00, 0x1C, 0x00, 0x00, 0xE0, 0x01,
  0x00, 0x00, 0x1E, 0x00, 0x00, 0xE0, 0x00, 0x00, 0x00, 0x06, 0x00, 0x00, 0x00, 0x00, 0x00, 0x80,
  0x01, 0x00, 0x00, 0x0C, 0x00, 0x00, 0x18, 0x00, 0x00, 0xC0, 0x00, 0x00, 0x80, 0x01, 0x00, 0x00,
  0x0C, 0x00, 0x00, 0x60, 0x00, 0x00, 0x00, 0xFF, 0xFF, 0xFF, 0xFF, 0xFF, 0xFF, 0xFF, 0xFF, 0xFF,
  0xFF, 0x0F, 0x00, 0x00, 0x70, 0x00, 0x00, 0x80, 0x03, 0x00, 0x00, 0x1C, 0x00, 0x00, 0xE0, 0x00,
  0x00, 0x00, 0x01, 0x00, 0x00, 0x0C, 0x00, 0x00, 0x60, 0x00, 0x00, 0x00, 0x0D, 0x00, 0x00, 0x60,
  0x00, 0x00, 0x00, 0x00, 0x00, 0x00, 0x18, 0x00, 0x00, 0xC0, 0x01, 0x00, 0x00, 0x1E, 0x00, 0x00,
  0xE0, 0x01, 0x00, 0x00, 0x0E, 0x00, 0x00, 0x60, 0x00, 0x00, 0x00, 0x00, 0x00, 0x00, 0x18, 0x00,
  0x00, 0xC0, 0x00, 0x00, 0x80, 0x01, 0x00, 0x00, 0x0C, 0x00, 0x00, 0x18, 0x00, 0x00, 0xC0, 0x00,
  0x00, 0x00, 0x06, 0x00, 0x00, 0xF0, 0xFF, 0xFF, 0xFF, 0xFF, 0xFF, 0xFF, 0xFF, 0xFF, 0xFF, 0xFF,
  0xFF, 0xFF, 0xFF, 0xFF, 0xFF, 0xFF, 0xFF, 0xFF, 0xFF, 0x00, 0x00, 0x40, 0x00, 0x00, 0xC0, 0x00,
  0x00, 0x80, 0x00, 0x00, 0xE0, 0x00, 0x00, 0x10, 0x00, 0x00, 0x10, 0x00, 0x00, 0x18, 0x00, 0x00,
  0x18, 0x00, 0x00, 0x18, 0x00, 0x00, 0x08, 0x00, 0x00, 0x0F, 0x00, 0x00, 0x01, 0x00, 0x00, 0x07,
  0x00, 0x00, 0x04, 0x00, 0x00, 0x04, 0x00, 0x80, 0x07, 0x00, 0x80, 0x00, 0x00, 0x80, 0x00, 0x00,
  0x80, 0xE0, 0xFF, 0xFF, 0xFF, 0xFF, 0xFF, 0xFF, 0xFF, 0xFF, 0x1F, 0x00, 0x80, 0x03, 0x00, 0x00,
  0x01, 0x00, 0x00, 0x03, 0x00, 0x00, 0x02, 0x00, 0xC0, 0x03, 0x00, 0x40, 0x00, 0x00, 0x60, 0x00,
  0x00, 0x60, 0x00, 0x00, 0x60, 0x00, 0x00, 0x20, 0x00, 0x00, 0x3C, 0x00, 0x00, 0x04, 0x00, 0x00,
  0x1C, 0x00, 0x00, 0x10, 0x00, 0x00, 0x10, 0x00, 0x00, 0x1E, 0x00, 0x00, 0x02, 0x00, 0x00, 0x02,
  0x00, 0x00, 0x02, 0xE0, 0xFF, 0xFF, 0xFF, 0xFF, 0xFF, 0xFF, 0xFF, 0xFF, 0xFF, 0xFF, 0xFF, 0xFF,
  0xFF, 0xFF, 0xFF, 0xFF, 0xFF, 0xFF, 0xFF, 0x7F, 0x07, 0x00, 0x00, 0xC0, 0x01, 0x00, 0x00, 0x70,
  0x00, 0x00, 0x00, 0x1C, 0x00, 0x00, 0x00, 0x07, 0x00, 0x00, 0x60, 0x00, 0x00, 0x00, 0x1C, 0x00,
  0x00, 0x00, 0x07, 0x00, 0x00, 0xC0, 0x01, 0x00, 0x00, 0x70, 0x00, 0x00, 0x00, 0xE4, 0x00, 0x00,
  0x00, 0x38, 0x00, 0x00, 0x00, 0x0E, 0x00, 0x00, 0x80, 0x03, 0x00, 0x00, 0xE8, 0x00, 0x00, 0x80,
  0x03, 0x00, 0x00, 0xE0, 0x00, 0x00, 0x00, 0x38, 0x00, 0x00, 0x00, 0x0E, 0x00, 0x00, 0x80, 0x1D,
  0x00, 0x00, 0x00, 0x07, 0x00, 0x00, 0xC0, 0x01, 0x00, 0x00, 0x70, 0x00, 0x00, 0x00, 0x1C, 0x00,
  0x00, 0x80, 0x01, 0x00, 0x00, 0x70, 0x00, 0x00, 0x00, 0x1C, 0x00, 0x00, 0x00, 0x07, 0x00, 0x00,
  0xC0, 0x01, 0x00, 0x00, 0xF0, 0xFF, 0xFF, 0xFF, 0xFF, 0xFF, 0xFF, 0xFF, 0xFF, 0xFF, 0xFF, 0x7F,
  0x07, 0x00, 0x00, 0xC0, 0x01, 0x00, 0x00, 0x70, 0x00, 0x00, 0x00, 0x1C, 0x00, 0x00, 0x00, 0x07,
  0x00, 0x00, 0x60, 0x00, 0x00, 0x00, 0x1C, 0x00, 0x00, 0x00, 0x07, 0x00, 0x00, 0xC0, 0x01, 0x00,
  0x00, 0x70, 0x00, 0x00, 0x00, 0xE4, 0x00, 0x00, 0x00, 0x38, 0x00, 0x00, 0x00, 0x0E, 0x00, 0x00,
  0x80, 0x03, 0x00, 0x00, 0xE8, 0x00, 0x00, 0x80, 0x03, 0x00, 0x00, 0xE0, 0x00, 0x00, 0x00, 0x38,
  0x00, 0x00, 0x00, 0x0E, 0x00, 0x00, 0x80, 0x1D, 0x00, 0x00, 0x00, 0x07, 0x00, 0x00, 0xC0, 0x01,
  0x00, 0x00, 0x70, 0x00, 0x00, 0x00, 0x1C, 0x00, 0x00, 0x80, 0x01, 0x00, 0x00, 0x70, 0x00, 0x00,
  0x00, 0x1C, 0x00, 0x00, 0x00, 0x07, 0x00, 0x00, 0xC0, 0x01, 0x00, 0x00, 0xF0, 0xFF, 0xFF, 0xFF,
  0xFF, 0xFF, 0xFF, 0xFF, 0xFF, 0xFF, 0xFF, 0xFF, 0xFF, 0xFF, 0xFF, 0xFF, 0xFF, 0xFF, 0xFF, 0xFF,
  0x01, 0x00, 0x38, 0x00, 0x00, 0x07, 0x00, 0x00, 0x00, 0x80, 0x03, 0x00, 0x70, 0x00, 0x00, 0x0E,
  0x00, 0x00, 0x00, 0x00, 0x00, 0x00, 0x00, 0x07, 0x00, 0xE0, 0x00, 0x00, 0x1C, 0x00, 0x70, 0x00,
  0x00, 0x0E, 0x00, 0xC0, 0x00, 0x00, 0x18, 0x00, 0x00, 0x07, 0x00, 0xE0, 0x00, 0x00, 0x00, 0x00,
  0x00, 0x00, 0x00, 0xC0, 0x01, 0x00, 0x38, 0x00, 0x00, 0x07, 0x00, 0x00, 0x00, 0x00, 0xC0, 0x00,
  0x00, 0x1C, 0x00, 0x80, 0x03, 0x00, 0xF0, 0xFF, 0xFF, 0xFF, 0xFF, 0xFF, 0xFF, 0xFF, 0x7F, 0x00,
  0x00, 0x0E, 0x00, 0xC0, 0x01, 0x00, 0xC0, 0x01, 0x00, 0x38, 0x00, 0x00, 0x07, 0x00, 0x00, 0x00,
  0x00, 0x00, 0x00, 0x80, 0x03, 0x00, 0x70, 0x00, 0x00, 0x0E, 0x00, 0x00, 0x0E, 0x00, 0xC0, 0x01,
  0x00, 0x30, 0x00, 0x00, 0x06, 0x00, 0xE0, 0x00, 0x00, 0x1C, 0x00, 0x00, 0x00, 0x00, 0x00, 0x00,
  0x80, 0x03, 0x00, 0x70, 0x00, 0x00, 0x0E, 0x00, 0x00, 0x00, 0x00, 0x00, 0x00, 0xE0, 0x00, 0x00,
  0x1C, 0x00, 0x80, 0x03, 0x00, 0xF8, 0xFF, 0xFF, 0xFF, 0xFF, 0xFF, 0xFF, 0xFF, 0xFF, 0xFF, 0xFF,
  0xFF, 0xFF, 0xFF, 0x01, 0xC0, 0x00, 0x00, 0x00, 0x00, 0x00, 0x00, 0x00, 0x03, 0x80, 0x01, 0x00,
  0x00, 0x80, 0x01, 0xC0, 0x00, 0x00, 0x00, 0x00, 0x00, 0x00, 0x00, 0x03, 0x80, 0x01, 0x00, 0x00,
  0x80, 0x01, 0xC0, 0x00, 0xE0, 0xFF, 0xFF, 0xFF, 0xFF, 0xFF, 0x03, 0xC0, 0x00, 0x60, 0x00, 0x30,
  0x00, 0x18, 0x00, 0x0C, 0x00, 0x00, 0x00, 0x38, 0x00, 0x1E, 0x00, 0x0F, 0x80, 0x07, 0x40, 0x0C,
  0x00, 0x06, 0x00, 0x00, 0x00, 0x00, 0xC0, 0x00, 0x60, 0x00, 0x00, 0x00, 0xFF, 0xFF, 0xFF, 0xFF,
  0xFF, 0x1F, 0x00, 0x06, 0x00, 0x03, 0x00, 0x00, 0x00, 0x00, 0x18, 0x00, 0x0C, 0x00, 0x00, 0x00,
  0x00, 0x00, 0x06, 0x00, 0x03, 0x00, 0x00, 0x00, 0x00, 0x18, 0x00, 0x0C, 0x00, 0x00, 0x00, 0x00,
  0x00, 0x06, 0x00, 0xFB, 0xFF, 0xFF, 0xFF, 0xFF, 0xFF, 0x00, 0x0C, 0x00, 0x06, 0x00, 0x03, 0x80,
  0x01, 0xC0, 0x00, 0x00, 0x00, 0x00, 0x80, 0x07, 0xC0, 0x03, 0xE0, 0x01, 0xF0, 0x00, 0x06, 0x00,
  0x03, 0x00, 0x00, 0x00, 0x00, 0x60, 0x00, 0x30, 0x00, 0x00, 0xC0, 0xFF, 0xFF, 0xFF, 0xFF, 0xFF,
  0xFF, 0xFF, 0xFF, 0xFF, 0x7F, 0x00, 0x02, 0x20, 0x00, 0x02, 0x30, 0x00, 0x01, 0x90, 0x00, 0x0F,
  0x80, 0x00, 0x08, 0x80, 0x00, 0x08, 0x80, 0x00, 0x04, 0x40, 0x00, 0x3C, 0x40, 0x02, 0x20, 0x00,
  0x02, 0xE0, 0x00, 0x08, 0x80, 0x00, 0x08, 0x80, 0x00, 0x18, 0x00, 0x00, 0xE0, 0x00, 0x0E, 0x00,
  0x00, 0x00, 0xC0, 0x03, 0x3C, 0x00, 0x00, 0x00, 0x00, 0x07, 0xF0, 0xFF, 0xFF, 0xFF, 0xFF, 0x07,
  0x20, 0x00, 0x02, 0x20, 0x00, 0x03, 0x10, 0x00, 0x09, 0xF0, 0x00, 0x08, 0x80, 0x00, 0x08, 0x80,
  0x00, 0x08, 0x40, 0x00, 0x04, 0xC0, 0x03, 0x24, 0x00, 0x02, 0x20, 0x00, 0x0E, 0x80, 0x00, 0x08,
  0x80, 0x00, 0x08, 0x80, 0x01, 0x00, 0x00, 0x0E, 0xE0, 0x00, 0x00, 0x00, 0x00, 0x3C, 0xC0, 0x03,
  0x00, 0x00, 0x00, 0x70, 0x00, 0xFF, 0xFF, 0xFF, 0xFF, 0xFF, 0x7F, 0x00, 0xFF, 0x03, 0xE0, 0x3F,
  0x00, 0xFE, 0x03, 0xE0, 0x3F, 0x00, 0x06, 0x00, 0x00, 0x00, 0x00, 0xF8, 0x03, 0x60, 0x00, 0x00,
  0xF8, 0x01, 0xC0, 0x1F, 0x00, 0xDC, 0x01, 0x40, 0x00, 0x00, 0x00, 0x00, 0x00, 0x02, 0x00, 0xF8,
  0x01, 0xC0, 0x1D, 0x00, 0x04, 0x00, 0x00, 0x02, 0x00, 0xF8, 0x01, 0xC0, 0x1F, 0x00, 0x04, 0x00,
  0x00, 0x02, 0x00, 0xA8, 0x00, 0x80, 0x0A, 0x00, 0xA8, 0x00, 0x80, 0x08, 0x00, 0x00, 0x00, 0x80,
  0x0F, 0x00, 0xF8, 0x00, 0x00, 0x07, 0x00, 0x00, 0x00, 0x80, 0x0F, 0x00, 0xA8, 0x00, 0x00, 0x00,
  0x00, 0x00, 0x00, 0x00, 0x01, 0x00, 0x10, 0x00, 0x00, 0x01, 0x00, 0x50, 0x00, 0x00, 0x0C, 0x00,
  0x40, 0x00, 0x00, 0x05, 0x00, 0x18, 0x00, 0x00, 0x01, 0x00, 0x10, 0x00, 0x00, 0x00, 0x00, 0x88,
  0x00, 0x80, 0x0F, 0x00, 0x50, 0x00, 0x80, 0xFF, 0xFF, 0x0F, 0x00, 0x00, 0x00, 0x00, 0x00, 0x00,
  0x7E, 0x00, 0xF8, 0x01, 0xE0, 0x07, 0x00, 0x1E, 0x00, 0x00, 0x00, 0x00, 0x00, 0xF8, 0x01, 0xE0,
  0x07, 0x80, 0x1F, 0x00, 0x00, 0x00, 0x00, 0x00, 0x00, 0x00, 0x70, 0x00, 0xC0, 0x01, 0x00, 0x07,
  0x00, 0x00, 0x00, 0x00, 0x00, 0x00, 0x0E, 0x00, 0x38, 0x00, 0xE0, 0x00, 0x80, 0x03, 0x00, 0x00,
  0x00, 0xC0, 0x03, 0x00, 0x0F, 0x00, 0x38, 0x00, 0xE0, 0x00, 0x80, 0x03, 0x00, 0x0E, 0x00, 0x38,
  0x00, 0x00, 0x00, 0x00, 0x00, 0xA0, 0x03, 0x80, 0x0F, 0x00, 0x02, 0x00, 0x18, 0x00, 0x20, 0x00,
  0xD8, 0x01, 0xE0, 0x07, 0x80, 0x07, 0x00, 0x06, 0x00, 0x18, 0x00, 0x60, 0x00, 0x80, 0x01, 0x00,
  0x0F, 0x00, 0x3C, 0x00, 0xF0, 0x00, 0x00, 0xF8, 0x7F, 0xFC, 0x00, 0x7C, 0x00, 0x00, 0x00, 0x00,
  0x18, 0xFC, 0xD9, 0x1F, 0x9C, 0x01, 0xF0, 0x3F, 0x00, 0xFE, 0x01, 0x00, 0x00, 0x00, 0x00, 0x00,
  0x00, 0x00, 0xFE, 0x7F, 0xC0, 0xFF, 0x0F, 0x00, 0x00, 0x00, 0x00, 0x00, 0x00, 0x00, 0xFE, 0x7F,
  0x00, 0x30, 0xFE, 0x01, 0x00, 0xF8, 0x00, 0x03, 0xF8, 0xFF, 0x07, 0x00, 0xC2, 0xFF, 0x01, 0x00,
  0x7E, 0x70, 0x00, 0xF8, 0x01, 0x00, 0x00, 0x00, 0x00, 0xF8, 0xFF, 0xFF, 0x00, 0x00, 0x00, 0x00,
  0x00, 0x00, 0x00, 0x80, 0xFF, 0xFF, 0x09, 0x03, 0xF8, 0x30, 0x00, 0xDF, 0x03, 0x00, 0x1F, 0x00,
  0xC0, 0x07, 0x00, 0xE0, 0x00, 0x00, 0x1C, 0x00, 0x80, 0x03, 0x00, 0x70, 0x00, 0x00, 0x0C, 0x00,
  0x00, 0x00, 0x00, 0x00, 0x00, 0x00, 0x00, 0x00, 0x00, 0x00, 0x00, 0x00, 0x00, 0x00, 0x0C, 0x00,
  0x80, 0x01, 0x00, 0x30, 0x00, 0x80, 0x07, 0x00, 0x70, 0x00, 0x00, 0x06, 0x00, 0xC0, 0x00, 0x00,
  0xFC, 0x00, 0xFC, 0xFF, 0xFF, 0x0F, 0x00, 0xF8, 0xC3, 0x01, 0xFA, 0x1C, 0x0E, 0x7C, 0xE1, 0x00,
  0x03, 0x3E, 0x00, 0x80, 0x03, 0x3E, 0x3C, 0xC0, 0xF1, 0xF1, 0x81, 0x01, 0x1F, 0x0C, 0xF0, 0xC9,
  0x00, 0x80, 0x0C, 0x00, 0x00, 0x40, 0x0E, 0xC0, 0x87, 0x7D, 0x44, 0x7F, 0x24, 0x0C, 0xC0, 0x43,
  0x00, 0x00, 0x30, 0x00, 0xC0, 0x7F, 0x70, 0x74, 0x9C, 0x23, 0x49, 0xF1, 0x74, 0xF8, 0x24, 0x00,
  0x07, 0x00, 0x00, 0xC0, 0xE3, 0x3F, 0x3C, 0xFE, 0x03, 0x00, 0x00, 0x00, 0x00, 0x00, 0xFF, 0x0F,
  0x1C, 0x80, 0x3F, 0x00, 0x00, 0x00, 0x00, 0xC0, 0x1F, 0x1C, 0xFF, 0xC1, 0x31, 0x00, 0x00, 0x8C,
  0x3F, 0xFE, 0xF8, 0xE3, 0x03, 0x00, 0x20, 0x00, 0x00, 0x02, 0x0E, 0x03, 0x86, 0x69, 0xCC, 0x10,
  0x0F, 0x8C, 0x03, 0x00, 0x0C, 0x00, 0x06, 0x36, 0x70, 0x30, 0x3E, 0x4E, 0x00, 0x32, 0x0C, 0xC0,
  0x01, 0x78, 0x00, 0xD0, 0x0C, 0x7C, 0x87, 0x01, 0x01, 0xC0, 0xFF, 0xFF, 0xFF, 0xFF, 0x3F, 0x80,
  0xE0, 0x01, 0x0C, 0x1E, 0xC0, 0xC0, 0x01, 0x0C, 0x0C, 0x40, 0xC0, 0x00, 0x02, 0x1C, 0x20, 0xC0,
  0x01, 0x01, 0x1C, 0x08, 0xC0, 0x81, 0x00, 0x0A, 0x04, 0x90, 0x20, 0x40, 0x08, 0x02, 0xC2, 0x11,
  0x10, 0x9C, 0x40, 0x80, 0x08, 0x02, 0x48, 0x10, 0x80, 0x46, 0x00, 0x28, 0x03, 0xC0, 0x0D, 0x00,
  0x3C, 0x00, 0x80, 0x01, 0x00, 0x08, 0x00, 0x80, 0x00, 0x00, 0x04, 0x00, 0x20, 0x00, 0x00, 0x02,
  0x00, 0x10, 0x00, 0x80, 0x00, 0x00, 0x3C, 0x00, 0x1C, 0x00, 0x0D, 0x80, 0x05, 0xC0, 0x01, 0xE0,
  0x01, 0x00, 0x00, 0x00, 0x40, 0x00, 0x38, 0x00, 0x38, 0x00, 0x18, 0x00, 0x0E, 0x80, 0x85, 0xC1,
  0xF0, 0x00, 0x30, 0x00, 0x04, 0x00, 0x0E, 0x00, 0x0E, 0x00, 0x06, 0x00, 0xE0, 0x00, 0x58, 0x00,
  0x0C, 0x00, 0x1E, 0x00, 0xC0, 0x00, 0xE0, 0x01, 0xF0, 0x00, 0x40, 0x00, 0x00, 0x00, 0x00, 0x00,
  0xC0, 0x02, 0x20, 0x01, 0x50, 0x00, 0x48, 0x00, 0x2C, 0x00, 0x00, 0x00, 0x00, 0x00, 0x00, 0x00,
  0x00, 0x00, 0xC0, 0x81, 0xC6, 0x80, 0xC1, 0x40, 0x19, 0xC0, 0x38, 0x20, 0x08, 0x00, 0x00, 0x00,
  0x00, 0x00, 0x00, 0x80, 0x00, 0xF0, 0x00, 0x40, 0x00, 0x18, 0x00, 0x02, 0x00, 0x07, 0x00, 0x00,
  0x00, 0x00, 0x00, 0x00, 0xF8, 0xFF, 0x0F, 0xC0, 0xF0, 0x00, 0x0C, 0x09, 0x00, 0x90, 0x00, 0x08,
  0x09, 0xC0, 0x30, 0x00, 0x00, 0x04, 0x60, 0x60, 0x00, 0x06, 0x06, 0x60, 0x20, 0x00, 0x00, 0x00,
  0x00, 0x80, 0x00, 0x08, 0x09, 0x80, 0x90, 0x01, 0x08, 0x11, 0x80, 0x99, 0x01, 0x80, 0x19, 0x80,
  0x89, 0x01, 0x98, 0x01, 0x00, 0x00, 0x00, 0x00, 0x00, 0x00, 0x00, 0x00, 0x00, 0x00, 0x00, 0x00,
  0x06, 0xB0, 0x70, 0x00, 0x0F, 0x06, 0x60, 0x00, 0x00, 0x00, 0x00, 0x00, 0x00, 0x00, 0x00, 0x00,
  0x00, 0x04, 0x40, 0xE0, 0x00, 0x0C, 0x02, 0xC0, 0xB0, 0x00, 0x04, 0x0D, 0x80, 0xD0, 0x00, 0x0C,
  0x07, 0x40, 0x20, 0x00, 0x04, 0x00, 0x00, 0x00, 0x00, 0x00, 0x00, 0x00, 0x80, 0x01, 0x98, 0x09,
  0x80, 0x10, 0x00, 0x00, 0x00, 0x00, 0x00, 0x02, 0x60, 0x60, 0x00, 0x06, 0x04, 0x40, 0x20, 0x00,
  0x04, 0x00, 0x00, 0x00, 0x00, 0x00, 0x00, 0x00, 0x04, 0x60, 0x40, 0x00, 0x06, 0x02, 0x20, 0x60,
  0x00, 0x02, 0x06, 0x40, 0x40, 0x00, 0x04, 0x22, 0x00, 0x06, 0x0F, 0xF0, 0xE0, 0x00, 0x0B, 0x07,
  0x80, 0x00, 0x00, 0x00, 0x00, 0x00, 0x00, 0x00, 0x00, 0x00, 0x00, 0x00, 0x40, 0x40, 0x00, 0x0E,
  0x0C, 0xA0, 0xE0, 0x00, 0x0B, 0x0B, 0x10, 0xB0, 0x00, 0x05, 0x07, 0x40, 0x20, 0x00, 0x00, 0x00,
  0x00, 0x00, 0x00, 0x00, 0x00, 0x00, 0x00, 0x00, 0x08, 0x0D, 0xC0, 0x70, 0x00, 0x00, 0x0B, 0xC0,
  0xA0, 0x00, 0x08, 0x1C, 0x38, 0xC0, 0x81, 0x03, 0x1C, 0xB8, 0xC7, 0x01, 0x78, 0x0E, 0x8E, 0xE7,
  0xE0, 0x78, 0x0E, 0x0E, 0x20, 0xE0, 0x01, 0x00, 0x1C, 0x00, 0xCE, 0xC7, 0xE1, 0x7C, 0x5C, 0x0E,
  0xC7, 0x07, 0x00, 0x70, 0x00, 0x00, 0x07, 0x00, 0x30, 0xF0, 0x00, 0x00, 0x0F, 0x00, 0xFC, 0x00,
  0xC0, 0x0F, 0x00, 0x1C, 0x00, 0x1C, 0xC0, 0xC1, 0x01, 0x1C, 0x7C, 0xC0, 0xC1, 0x07, 0x00, 0x7C,
  0x00, 0x00, 0x07, 0x00, 0x70, 0xF0, 0x00, 0x00, 0x0F, 0x00, 0xF0, 0x00, 0x38, 0x0F, 0x80, 0x03,
  0x40, 0x38, 0x00, 0x06, 0x00, 0x60, 0x00, 0x00, 0x07, 0x00, 0x30, 0x00, 0xC0, 0x03, 0x07, 0x3C,
  0x70, 0xC0, 0x01, 0x0F, 0x1C, 0xE0, 0xC0, 0x01, 0x0E, 0x00, 0xE0, 0x00, 0x00, 0x00, 0x80, 0x03,
  0x00, 0x38, 0x00, 0x80, 0x03, 0x00, 0x00, 0x0F, 0x07, 0xF0, 0x70, 0x00, 0x0F, 0x07, 0xFC, 0x78,
  0xC0, 0x81, 0x03, 0x1C, 0x38, 0xC0, 0x81, 0x03, 0x00, 0x00, 0x00, 0x00, 0x00, 0x00, 0x0F, 0x1C,
  0xF0, 0xC0, 0x81, 0x0F, 0x1C, 0x78, 0x00, 0x80, 0x07, 0x00, 0x00, 0xC0, 0x30, 0x00, 0x0E, 0x07,
  0xE0, 0x70, 0x00, 0x02, 0x07, 0x00, 0xE0, 0x00, 0x00, 0x0E, 0x0F, 0xE0, 0xF0, 0x00, 0x0C, 0x0F,
  0xC0, 0xE0, 0x01, 0x00, 0x1E, 0x00, 0xE0, 0x01, 0x00, 0x00, 0x00, 0x00, 0x00, 0x00, 0x00, 0x80,
  0x03, 0x00, 0x38, 0x00, 0x80, 0xC3, 0x01, 0x00, 0x1C, 0x00, 0xC0, 0x39, 0x00, 0x80, 0x03, 0x00,
  0x78, 0x00, 0x80, 0x07, 0x00, 0x70, 0x00, 0x00, 0xC7, 0x01, 0x00, 0x7C, 0x00, 0xC0, 0x07, 0x00,
  0x70, 0xC0, 0x00, 0x00, 0x0E, 0x00, 0xE0, 0x00, 0x00, 0x02, 0x00, 0x00, 0x00, 0xE0, 0x00, 0x00,
  0x1E, 0x00, 0xE0, 0x01, 0x00, 0x1C, 0x00, 0x00, 0x3F, 0x00, 0x00, 0xF3, 0x00, 0xC0, 0xF3, 0x00,
  0xC0, 0xC0, 0x03, 0xF0, 0x00, 0x03, 0x30, 0x00, 0x0F, 0x3C, 0x00, 0x0C, 0x0C, 0x00, 0x3C, 0x0F,
  0x00, 0x30, 0x03, 0x00, 0xF0, 0x03, 0x00, 0xC0, 0x00, 0x00, 0xC0, 0x00, 0x00, 0x00, 0x00, 0x00,
  0x00, 0x00, 0x00, 0xC0, 0x00, 0x00, 0xC0, 0x00, 0x00, 0xF0, 0x03, 0x00, 0x30, 0x03, 0x00, 0x3C,
  0x0F, 0x00, 0x0C, 0x0C, 0x00, 0x0C, 0x0C, 0x00, 0x00, 0x00, 0x00, 0x00, 0x00, 0x00, 0x00, 0x00,
  0x00, 0x00, 0x00, 0x00, 0x00, 0x00, 0x00, 0x00, 0x00, 0x00, 0x0C, 0x0C, 0x00, 0x0C, 0x0C, 0x00,
  0x3C, 0x0F, 0x00, 0x30, 0x03, 0x00, 0xF0, 0x03, 0xC0, 0xC0, 0xC0, 0xC0, 0xC0, 0xC0, 0xC0, 0x00,
  0xC0, 0x33, 0x00, 0x00, 0x33, 0x00, 0x00, 0x3F, 0x00, 0x00, 0x0C, 0x00, 0x00, 0x0C, 0xC0, 0x00,
  0x00, 0xC0, 0x00, 0x00, 0xF0, 0x03, 0x00, 0x30, 0x03, 0x00, 0x30, 0x03, 0x00, 0x00, 0x00, 0x0C,
  0x00, 0x00, 0x0C, 0x00, 0x00, 0x0C, 0x00, 0x00, 0x00, 0x00, 0x00, 0x00, 0x0C, 0x0C, 0x00, 0x0C,
  0x0C, 0x00, 0x0F, 0x3C, 0x00, 0x03, 0x30, 0xC0, 0x03, 0xF0, 0xCC, 0x00, 0xC0, 0xCC, 0x00, 0xC0,
  0x0C, 0x00, 0x00, 0x00, 0x00, 0x00, 0x00, 0x00, 0x00, 0x00, 0x00, 0x00, 0x00, 0x00, 0x00, 0xC0,
  0x00, 0xC0, 0xC0, 0x00, 0xC0, 0xC0, 0x00, 0xC0, 0x33, 0x00, 0x00, 0x33, 0x00, 0x00, 0x3F, 0x00,
  0x00, 0x0C, 0x00, 0x00, 0x0C, 0x00, 0x00, 0x00, 0x00, 0x00, 0x00, 0x00, 0x00, 0x00, 0x00, 0x00,
  0x00, 0x00, 0x00, 0x0C, 0x00, 0x00, 0x0C, 0x00, 0x00, 0x0C, 0x00, 0x00, 0x00, 0x00, 0x00, 0x00,
  0x00, 0x00, 0x00, 0x00, 0x00, 0x00, 0x00, 0x00, 0x33, 0x00, 0x00, 0x33, 0x00, 0x00, 0x33, 0x00,
  0x00, 0x00, 0x00, 0x00, 0x00, 0x00, 0x00, 0x00, 0x00, 0x00, 0x0C, 0x00, 0x00, 0x0C, 0x00, 0x00,
  0x0C, 0x00, 0x00, 0x00, 0x00, 0x00, 0x00, 0x00, 0x00, 0x00, 0x00, 0x00, 0x00, 0x00, 0x00, 0x00,
  0x00, 0x00, 0xC0, 0xFF, 0xFF, 0x3F, 0x00, 0x63, 0x00, 0x00, 0x63, 0x00, 0x00, 0x08, 0x00, 0x00,
  0x00, 0x00, 0x00, 0x08, 0x00, 0x00, 0x00, 0x00, 0x00, 0x1C, 0x00, 0x00, 0x1C, 0x00, 0x00, 0x1C,
  0x00, 0x00, 0x00, 0x00, 0x80, 0x09, 0x00, 0x80, 0x01, 0x00, 0x00, 0xC0, 0x00, 0x70, 0xC0, 0x00,
  0x74, 0x00, 0x07, 0x70, 0x00, 0x07, 0x06, 0x00, 0x17, 0x06, 0x00, 0x00, 0x00, 0x00, 0x12, 0x04,
  0x00, 0x00, 0x00, 0x00, 0x3A, 0x04, 0x00, 0x38, 0x00, 0x00, 0x38, 0x00, 0x00, 0x00, 0x00, 0x00,
  0xD0, 0x00, 0x00, 0xC0, 0x06, 0x00, 0x00, 0x06, 0x00, 0x00, 0x00, 0x00, 0x00, 0x04, 0x00, 0x00,
  0x00, 0x00, 0x00, 0x0C, 0x00, 0x00, 0x0C, 0x00, 0x00, 0x00, 0x00, 0x00, 0x00, 0x00, 0x00, 0x00,
  0x00, 0x00, 0x00, 0x00, 0x00, 0x00, 0x00, 0x00, 0x0E, 0x00, 0x00, 0x0E, 0x00, 0x00, 0x0E, 0x00,
  0xC0, 0x20, 0x00, 0xC0, 0x00, 0x00, 0x00, 0x20, 0x00, 0x00, 0x00, 0x00, 0x00, 0x20, 0x00, 0x38,
  0x80, 0x03, 0x38, 0x80, 0x03, 0x38, 0x80, 0x03, 0x00, 0x00, 0x40, 0x06, 0x00, 0x00, 0x06, 0x80,
  0x4B, 0x00, 0x80, 0x03, 0x00, 0x80, 0x4B, 0x00, 0x00, 0x00, 0x00, 0x00, 0x68, 0x00, 0x00, 0x60,
  0x00, 0x00, 0x1C, 0x00, 0x00, 0x5C, 0x00, 0x00, 0x1C, 0x00, 0x00, 0x60, 0x00, 0x00, 0x68, 0x10,
  0x00, 0x00, 0x00, 0x00, 0x08, 0x10, 0x00, 0x00, 0x06, 0x00, 0x08, 0x16, 0x00, 0x00, 0x00, 0x00,
  0x08, 0x38, 0x00, 0x00, 0x38, 0x00, 0x08, 0x38, 0x00, 0x00, 0x00, 0x00, 0x08, 0x10, 0x00, 0x00,
  0x80, 0x01, 0x08, 0x80, 0x01, 0x00, 0x00, 0x2E, 0x08, 0x00, 0x0E, 0x00, 0x00, 0x2E, 0x08, 0x00,
  0x00, 0x00, 0x00, 0x70, 0x08, 0x00, 0x70, 0x00, 0x00, 0x70, 0x08, 0x10, 0x00, 0x00, 0x00, 0x20,
  0x08, 0x18, 0x80, 0x01, 0x18, 0xA0, 0x09, 0x06, 0x00, 0x02, 0x16, 0x00, 0x0C, 0x00, 0x00, 0xEC,
  0x02, 0x00, 0xE0, 0x00, 0x00, 0xEC, 0x00, 0x00, 0x0C, 0x00, 0x00, 0x40, 0x00, 0x00, 0x0C, 0x00,
  0x00, 0x0C, 0x00, 0x00, 0x00, 0x00, 0x00, 0x08, 0x00, 0x00, 0x00, 0x00, 0x00, 0x00, 0x00, 0x80,
  0x01, 0x00, 0x80, 0x01, 0x00, 0x60, 0x00, 0x00, 0x6E, 0x01, 0x00, 0x0E, 0x00, 0x00, 0x2E, 0x00,
  0x00, 0x00, 0x00, 0x00, 0x24, 0x00, 0x00, 0x00, 0x00, 0x80, 0x04, 0x00, 0x00, 0x00, 0x00, 0x80,
  0x04, 0x00, 0x10, 0x00, 0x00, 0x80, 0x04, 0x00, 0x12, 0x00, 0x00, 0xC0, 0xFF, 0xFF, 0xFF, 0xFF,
  0xFF, 0xFF, 0xFF, 0x03, 0x00, 0xF0, 0xFF, 0x3F, 0x00, 0x00, 0xFF, 0xFF, 0x03, 0x00, 0xF0, 0xFF,
  0x3F, 0x00, 0x00, 0x38, 0x8E, 0x03, 0x00, 0x80, 0xE3, 0x38, 0x00, 0x00, 0x38, 0x8E, 0x03, 0x00,
  0xF0, 0xFF, 0x3F, 0x00, 0x00, 0xFF, 0xFF, 0x03, 0x00, 0xF0, 0xFF, 0x3F, 0x00, 0x00, 0x38, 0x8E,
  0x03, 0x00, 0x80, 0xE3, 0x38, 0x00, 0x00, 0x38, 0x8E, 0x03, 0x00, 0xF0, 0xFF, 0x3F, 0x00, 0x00,
  0xFF, 0xFF, 0x03, 0x00, 0x00, 0x00, 0xC0, 0xFF, 0xFF, 0x00, 0x00, 0xFC, 0xFF, 0x0F, 0x00, 0x00,
  0x00, 0x00, 0xFF, 0xFF, 0x03, 0x00, 0xF0, 0xFF, 0x3F, 0x00, 0x00, 0x07, 0x0E, 0x00, 0x00, 0x70,
  0xE0, 0x00, 0x00, 0x00, 0x38, 0x70, 0x00, 0x00, 0x80, 0x03, 0x07, 0x00, 0x00, 0xC0, 0x81, 0x03,
  0x00, 0x00, 0x1C, 0x38, 0x00, 0x00, 0xFF, 0xFF, 0x03, 0x00, 0x00, 0x00, 0x00, 0x00, 0x00, 0xFF,
  0xFF, 0x03, 0x00, 0xF0, 0xFF, 0x3F, 0x00, 0x00, 0x00, 0x00, 0x00, 0x00, 0xF0, 0xFF, 0x3F, 0x00,
  0x00, 0xFF, 0xFF, 0x03, 0x00, 0x00, 0x00, 0x00, 0x00, 0x00, 0xFF, 0xFF, 0x03, 0x00, 0xF0, 0xFF,
  0x3F, 0x00, 0x00, 0x00, 0x00, 0x00, 0x00, 0xF0, 0xFF, 0x3F, 0xC0, 0x60, 0x00, 0x0C, 0x06, 0x00,
  0x00, 0x00, 0x00, 0x00, 0x00, 0x00, 0x00, 0x00, 0x00, 0x00, 0x00, 0x00, 0x06, 0x0C, 0x60, 0xC0,
  0x00, 0x00, 0x00, 0x00, 0x00, 0x00, 0x00, 0x00, 0x00, 0x00, 0x00, 0x00, 0x00, 0x00, 0x00, 0x30,
  0x60, 0x00, 0x03, 0x06, 0x00, 0x00, 0x00, 0xC0, 0x60, 0x80, 0x0D, 0x36, 0x18, 0x00, 0x03, 0x00,
  0x00, 0x00, 0x00, 0x00, 0x00, 0x00, 0x00, 0x00, 0x18, 0xC0, 0x80, 0x01, 0x0C, 0x00, 0x00, 0x00,
  0xC0, 0x60, 0x00, 0x0C, 0x06, 0x00, 0x00, 0x00, 0x00, 0x00, 0x30, 0x80, 0x01, 0x03, 0x18, 0x00,
  0x00, 0x30, 0x60, 0x00, 0x03, 0x06, 0x00, 0x00, 0x00, 0x00, 0x00, 0x00, 0x00, 0x00, 0x00, 0x00,
  0x00, 0x0C, 0x06, 0xC0, 0x60, 0x00, 0x00, 0x00, 0x18, 0x00, 0x83, 0x01, 0x30, 0x00, 0x00, 0x00,
  0x00, 0x00, 0x00, 0x00, 0x00, 0x00, 0x80, 0x01, 0x0C, 0x18, 0xC0, 0x00, 0x00, 0x00, 0x18, 0xC0,
  0x80, 0x01, 0x0C, 0x00, 0x00, 0x00, 0x00, 0x00, 0x80, 0x0D, 0x36, 0xD8, 0x60, 0x03, 0x00, 0x00,
  0x00, 0x00, 0x00, 0x03, 0x18, 0x30, 0x80, 0x01, 0x00, 0x00, 0x00, 0x00, 0x18, 0xC0, 0x80, 0x01,
  0x0C, 0x00, 0x00, 0x00, 0x06, 0x03, 0x60, 0x30, 0x00, 0x00, 0x00, 0x00, 0x00, 0x00, 0x00, 0x00,
  0x00, 0x0C, 0x06, 0xC0, 0x60, 0x80, 0x01, 0x30, 0x18, 0x00, 0x83, 0x00, 0x80, 0x10, 0x20, 0x04,
  0x08, 0x01, 0x42, 0x80, 0x10, 0x20, 0x04, 0x00, 0x00, 0x00, 0x00, 0x08, 0x00, 0x02, 0x88, 0x00,
  0x22, 0x80, 0x08, 0x20, 0x00, 0x08, 0x00, 0x00, 0x00, 0x10, 0x02, 0x84, 0x00, 0x21, 0x01, 0x48,
  0x00, 0x12, 0x80, 0x04, 0x20, 0x00, 0x08, 0x10, 0x00, 0x04, 0x00, 0x81, 0x00, 0x20, 0x00, 0x08,
  0x00, 0x82, 0x80, 0x20, 0x20, 0x08, 0x00, 0x02, 0x80, 0x02, 0x80, 0x08, 0x20, 0x02, 0x88, 0x00,
  0x22, 0x00, 0x08, 0x00, 0x00, 0x00, 0x00, 0x00, 0x20, 0x00, 0x08, 0x00, 0x02, 0x81, 0x40, 0x00,
  0x10, 0x00, 0x04, 0x10, 0x21, 0x04, 0x08, 0x01, 0x42, 0x80, 0x10, 0x00, 0x00, 0x40, 0x08, 0x10,
  0x02, 0x84, 0x10, 0x21, 0x44, 0x08, 0x01, 0x00, 0x00, 0x00, 0x00, 0x00, 0x00, 0x10, 0x40, 0x04,
  0x11, 0x41, 0x44, 0x10, 0x11, 0x04, 0x00, 0x01, 0x00, 0x00, 0x80, 0x00, 0x20, 0x04, 0x08, 0x01,
  0x42, 0x00, 0x90, 0x00, 0x20, 0x00, 0x08, 0x00, 0x42, 0x00, 0x10, 0x00, 0x84, 0x00, 0x21, 0x40,
  0x88, 0x00, 0x22, 0x80, 0x08, 0x00, 0x02, 0x00, 0x00, 0x00, 0x10, 0x00, 0x04, 0x01, 0x41, 0x40,
  0x10, 0x11, 0x44, 0x00, 0x10, 0x00, 0x04, 0x00, 0x01, 0x40, 0x00, 0x04, 0x22, 0x81, 0x48, 0x20,
  0x12, 0x88, 0x04, 0x00, 0x00, 0x00, 0x00, 0x00, 0x00, 0x00, 0x00, 0x40, 0x10, 0x10, 0x04, 0x04,
  0x21, 0x01, 0x48, 0x00, 0x02, 0x80, 0x00, 0x24, 0x08, 0x01, 0x42, 0x80, 0x10, 0x20, 0x08, 0x24,
  0x10, 0x00, 0x02, 0x09, 0x04, 0x80, 0x40, 0x02, 0x01, 0x00, 0x00, 0x00, 0x00, 0x08, 0x24, 0x10,
  0x00, 0x02, 0x08, 0x00, 0x00, 0x40, 0x00, 0x01, 0x20, 0x90, 0x40, 0x00, 0x00, 0x00, 0x00, 0x00,
  0x02, 0x09, 0x04, 0x80, 0x00, 0x02, 0x00, 0x20, 0x80, 0x00, 0x00, 0x00, 0x04, 0x10, 0x00, 0x02,
  0x09, 0x04, 0x00, 0x40, 0x00, 0x01, 0x00, 0x00, 0x00, 0x00, 0x08, 0x24, 0x10, 0x0F, 0xC0, 0x0F,
  0xF0, 0x07, 0xF8, 0x07, 0xFC, 0x03, 0xFE, 0x01, 0xFF, 0x00, 0x7F, 0x00, 0x1F, 0x00, 0x00, 0x00,
  0x00, 0x00, 0x00, 0x00, 0x00, 0x00, 0x00, 0x00, 0xF0, 0x00, 0xFF, 0xC0, 0x7F, 0xF0, 0x3F, 0xF8,
  0x1F, 0xFE, 0x8F, 0xFF, 0xC3, 0xFF, 0xE0, 0x7F, 0xF0, 0x0F, 0xF0, 0x03, 0xF0, 0x01, 0xF8, 0x00,
  0x38, 0x00, 0x00, 0x00, 0x00, 0x00, 0x00, 0x00, 0x00, 0x00, 0x00, 0x00, 0x00, 0x00, 0x80, 0x07,
  0xF0, 0x07, 0xFC, 0x03, 0xFE, 0x81, 0xFF, 0xC0, 0x3F, 0xE0, 0x0F, 0xF0, 0x07, 0xFC, 0x01, 0x7E,
  0x80, 0x3F, 0xC0, 0x0F, 0xE0, 0x07, 0xF0, 0x03, 0xF8, 0x00, 0x08, 0x00, 0x00, 0x00, 0x00, 0x00,
  0x00, 0x00, 0x00, 0x00, 0x00, 0x00, 0x00, 0x7E, 0x80, 0x7F, 0xC0, 0x3F, 0xF0, 0x1F, 0xF8, 0x0F,
  0xFC, 0x07, 0xFC, 0x03, 0xF8, 0x00, 0x10, 0x00, 0x00, 0x0F, 0xC0, 0x0F, 0xE0, 0x07, 0xF0, 0x07,
  0xF8, 0x03, 0xFC, 0x01, 0xFC, 0x00, 0x7C, 0x00, 0x3E, 0x00, 0x0E, 0x00, 0x00, 0x00, 0x00, 0x00,
  0x0E, 0x80, 0x0F, 0xC0, 0x07, 0xE0, 0x03, 0xF0, 0x01, 0xF8, 0x00, 0x7C, 0x00, 0x1C, 0x00, 0x00,
  0x00, 0x00, 0x00, 0x00, 0x00, 0x00, 0x00, 0x00, 0x00, 0x00, 0x00, 0x00, 0x00, 0x00, 0x80, 0xFF,
  0xFF, 0x01, 0xA0, 0x01, 0x58, 0x00, 0xE8, 0xC3, 0x43, 0xA1, 0xA0, 0xC0, 0xC0, 0xA1, 0x21, 0xB0,
  0xF0, 0x50, 0xD0, 0x28, 0x28, 0x90, 0xF7, 0x00, 0x02, 0xF0, 0x01, 0x28, 0x02, 0x14, 0x01, 0xAA,
  0x60, 0x7C, 0x0C, 0x02, 0x02, 0x0F, 0x03, 0xBD, 0xC2, 0x42, 0x41, 0xAF, 0x3C, 0x3D, 0x80, 0x02,
  0x00, 0x0F, 0x00, 0x1D, 0xF8, 0x02, 0x40, 0x07, 0xBC, 0xC0, 0x0B, 0x00, 0x01, 0xFA, 0x40, 0x15,
  0xE6, 0x0B, 0x02, 0x81, 0xF5, 0x80, 0x2E, 0xC0, 0x14, 0x80, 0xCB, 0x73, 0x24, 0x28, 0xB2, 0x07,
  0x08, 0x02, 0xF4, 0x81, 0x2A, 0xC0, 0x17, 0x01, 0x7A, 0xE0, 0x05, 0x58, 0x1E, 0x28, 0x7A, 0x77,
  0x05, 0x08, 0x06, 0x7C, 0x01, 0x28, 0x00, 0x14, 0xC2, 0x03, 0x01, 0x81, 0xFA, 0xC0, 0x17, 0x00,
  0x0A, 0xC0, 0x05, 0x00, 0x02, 0x19, 0x19, 0x1A, 0x06, 0x04, 0x0C, 0x08, 0x1B, 0x03, 0x03, 0x02,
  0x02, 0xC0, 0x80, 0x80, 0x01, 0x01, 0x43, 0xC2, 0xC6, 0xC0, 0xC0, 0xC0, 0xC0, 0xC0, 0x80, 0x40,
  0x80, 0x80, 0x01, 0x01, 0x03, 0x00, 0x40, 0x80, 0x80, 0x80, 0x41, 0x81, 0x80, 0x01, 0x01, 0x02,
  0x20, 0x60, 0x60, 0x00, 0x20, 0x60, 0x40, 0xC0, 0x84, 0x08, 0x18, 0x10, 0x30, 0x00, 0x04, 0x0C,
  0x08, 0x18, 0x10, 0x00, 0x00, 0x18, 0x18, 0x18, 0x10, 0x10, 0x30, 0x32, 0x34, 0x2C, 0x08, 0x18,
  0x10, 0x30, 0x28, 0x10, 0x30, 0x20, 0x60, 0x40, 0x80, 0x00, 0x00, 0x00, 0x00, 0x60, 0x40, 0xC0,
  0x80, 0x80, 0x01, 0x01, 0x03, 0x02, 0x06, 0x60, 0x18, 0xC0, 0xC1, 0xC0, 0x0F, 0x87, 0x1F, 0x1C,
  0x7C, 0xF8, 0x38, 0x80, 0x7F, 0x00, 0xFC, 0x01, 0xE0, 0x03, 0x00, 0x0E, 0x00, 0x04, 0x00, 0x00,
  0x00, 0x00, 0x00, 0x00, 0x00, 0x3C, 0x00, 0x78, 0x00, 0xFC, 0x3F, 0xFC, 0x7F, 0xE0, 0xC7, 0x83,
  0x0F, 0x2E, 0x1F, 0xFC, 0x1F, 0x80, 0x3F, 0x00, 0x78, 0x00, 0x70, 0x00, 0x00, 0x00, 0x00, 0x00,
  0x00, 0x00, 0xE0, 0x00, 0xC0, 0x01, 0x80, 0x07, 0x10, 0x3F, 0x70, 0x38, 0x80, 0xE7, 0x00, 0x3E,
  0x00, 0xE0, 0x00, 0xC0, 0x03, 0x00, 0x7E, 0x00, 0xE0, 0x00, 0x80, 0x03, 0x00, 0x1C, 0x00, 0xE0,
  0x01, 0x00, 0x3F, 0x00, 0xFC, 0x0F, 0xC0, 0x1F, 0x00, 0xFE, 0x01, 0x80, 0x1F, 0x00, 0x7F, 0x00,
  0x98, 0x0F, 0x00, 0x3C, 0x00, 0xE0, 0x1F, 0xC0, 0x3F, 0x00, 0xF8, 0x03, 0xE0, 0x1F, 0x0A, 0x54,
  0xA0, 0x02, 0x15, 0xA8, 0x40, 0x04, 0x22, 0x00, 0x81, 0x08, 0x40, 0x20, 0x02, 0x10, 0x80, 0x00,
  0x04, 0x28, 0x10, 0x01, 0x0A, 0x44, 0x80, 0x02, 0x15, 0xA0, 0x40, 0x05, 0x08, 0x50, 0x01, 0x02,
  0x54, 0xA0, 0x00, 0x14, 0x08, 0x00, 0x15, 0x02, 0x40, 0x84, 0x08, 0x10, 0x21, 0x02, 0x44, 0x88,
  0x00, 0x15, 0x2A, 0x40, 0x85, 0x0A, 0x50, 0x80, 0x02, 0x10, 0x80, 0x02, 0x04, 0x80, 0x00, 0x01,
  0x20, 0x40, 0x00, 0x08, 0x00, 0x01, 0x02, 0x40, 0xA0, 0x00, 0x11, 0x28, 0x40, 0x04, 0x02, 0x00,
  0x01, 0x00, 0x10, 0x00, 0x02, 0x04, 0xA0, 0x00, 0x01, 0x28, 0x00, 0x01, 0x0A, 0x40, 0x00, 0x02,
  0x11, 0x88, 0x40, 0x04, 0x22, 0x10, 0x81, 0x08, 0x44, 0x20, 0x00, 0x01, 0x08, 0x00, 0x00, 0x02,
  0x00, 0x00, 0x02, 0x40, 0x80, 0x08, 0x14, 0xA0, 0x02, 0x05, 0xA8, 0x40, 0x01, 0x2A, 0x40, 0x80,
  0x08, 0x40, 0x20, 0x02, 0x10, 0x88, 0x00, 0x04, 0x20, 0x00, 0x00, 0x00, 0x04, 0x20, 0x00, 0x01,
  0x08, 0x00, 0x01, 0x0A, 0x40, 0x80, 0x02, 0x10, 0xA0, 0x02, 0x00, 0x88, 0x00, 0x04, 0x20, 0x00,
  0x01, 0x00, 0x40, 0x00, 0x00, 0x11, 0x20, 0x40, 0x00, 0x08, 0x10, 0x00, 0x0A, 0x04, 0x20, 0x02,
  0x05, 0x88, 0x40, 0x01, 0x22, 0x50, 0x80, 0x08, 0x10, 0x00, 0x02, 0x14, 0x80, 0x00, 0x05, 0x00,
  0x00, 0x01, 0x00, 0x40, 0x80, 0x00, 0x11, 0x20, 0x40, 0x04, 0x08, 0x10, 0x00, 0x02, 0x00, 0x80,
  0x00, 0x00, 0x20, 0x00, 0x01, 0x02, 0x50, 0x80, 0x00, 0x14, 0xA0, 0x02, 0x04, 0xA8, 0x00, 0x01,
  0x28, 0x00, 0x00, 0x0A, 0x40, 0x00, 0x00, 0x10, 0x00, 0x00, 0x04, 0x20, 0x00, 0x05, 0x08, 0x00,
  0x05, 0x02, 0x40, 0x81, 0x02, 0x50, 0xA1, 0x00, 0x50, 0xA8, 0x00, 0x10, 0x2A, 0x00, 0x84, 0x0A,
  0x00, 0x01, 0x08, 0x00, 0x00, 0x02, 0x00, 0x80, 0x00, 0x00, 0x20, 0x00, 0x00, 0x08, 0x00, 0x00,
  0x02, 0x00, 0x80, 0x00, 0x04, 0x20, 0x00, 0x01, 0x08, 0x40, 0x00, 0x00, 0x10, 0x00, 0x00, 0x14,
  0x00, 0x00, 0x05, 0x00, 0x00, 0x05, 0x00, 0x40, 0x01, 0x00, 0x40, 0x01, 0x00, 0x50, 0x00, 0x00,
  0x50, 0x01, 0x00, 0x54, 0x00, 0x00, 0x14, 0x00, 0x00, 0x05, 0x00, 0x40, 0x05, 0x00, 0x50, 0x01,
  0x00, 0x40, 0x01, 0x00, 0x50, 0x00, 0x00, 0x10, 0x00, 0x00, 0x04, 0x84, 0x20, 0x1C, 0x9E, 0x58,
  0xC8, 0x23, 0x39, 0x68, 0xBC, 0xE0, 0x9E, 0xFB, 0x46, 0x38, 0xC2, 0x3F, 0x88, 0x85, 0x20, 0x11,
  0x82, 0x4F, 0xF8, 0x72, 0x39, 0x0E, 0xBF, 0x20, 0x40, 0x82, 0x00, 0x0F, 0x02, 0x20, 0x88, 0x81,
  0xFC, 0x0D, 0x1E, 0x18, 0x08, 0x20, 0x20, 0x40, 0x80, 0x80, 0x1F, 0x02, 0x44, 0x0E, 0x00, 0x0F,
  0x00, 0x04, 0x00, 0x10, 0x00, 0x40, 0x00, 0x00, 0x01, 0x00, 0x04, 0xFC, 0x13, 0x98, 0xFC, 0xCF,
  0x23, 0xA0, 0x79, 0x80, 0x23, 0x00, 0x82, 0x00, 0x08, 0x02, 0x20, 0x08, 0x80, 0x20, 0x00, 0x8E,
  0x00, 0x60, 0x02, 0x00, 0x0F, 0x00, 0x20, 0x00, 0x80, 0x08, 0x00, 0x7E, 0x00, 0x0F, 0x87, 0x07,
  0x10, 0x32, 0x40, 0x68, 0x00, 0xFD, 0x00, 0x9C, 0x00, 0xD0, 0x02, 0xC0, 0x09, 0x20, 0xFD, 0xFE,
  0x07, 0x2E, 0x12, 0x80, 0x44, 0x00, 0x7E, 0x01, 0x48, 0x07, 0x20, 0x06, 0x80, 0x08, 0x00, 0x12,
  0x00, 0x78, 0x00, 0x38, 0x00, 0x30, 0x00, 0x60, 0x00, 0xFC, 0x00, 0x9F, 0x00, 0x16, 0x02, 0x44,
  0x08, 0x18, 0x21, 0x38, 0x87, 0xA0, 0x77, 0x82, 0x04, 0x0B, 0x02, 0x38, 0x08, 0xB0, 0xE0, 0x80,
  0x83, 0x0E, 0x08, 0x72, 0x20, 0x08, 0xF7, 0x20, 0x70, 0x82, 0x40, 0x08, 0x02, 0x21, 0x08, 0x10,
  0x00, 0x08, 0x00, 0x00, 0x04, 0x00, 0x00, 0x01, 0x00, 0x80, 0x00, 0x00, 0x20, 0x00, 0x00, 0x10,
  0x00, 0x00, 0x04, 0x00, 0x00, 0x02, 0x00, 0x00, 0x01, 0x00, 0x40, 0x00, 0x00, 0x20, 0x00, 0x00,
  0x10, 0x00, 0x00, 0x00, 0x00, 0x00, 0x02, 0x00, 0x80, 0x00, 0x00, 0x40, 0x00, 0x00, 0x20, 0x00,
  0x00, 0x10, 0x00, 0x00, 0x04, 0x00, 0x00, 0x01, 0x00, 0x40, 0x00, 0x00, 0x20, 0x00, 0x00, 0x10,
  0x00, 0x00, 0x04, 0x00, 0x00, 0x02, 0x00, 0x00, 0x01, 0x00, 0x80, 0x00, 0x00, 0x40, 0x00, 0x00,
  0x10, 0x00, 0x00, 0x04, 0x00, 0x00, 0x02, 0x00, 0x80, 0x00, 0x00, 0x20, 0x00, 0x00, 0x10, 0x00,
  0x00, 0x08, 0x00, 0x00, 0x02, 0x00, 0x00, 0x01, 0x00, 0x40, 0x00, 0x00, 0x20, 0x00, 0x00, 0x10,
  0x00, 0x00, 0x08, 0x00, 0x00, 0x02, 0x00, 0x00, 0x01, 0x00, 0x80, 0x00, 0x00, 0x20, 0x00, 0x00,
  0x10, 0x00, 0x00, 0x08, 0x00, 0x00, 0x02, 0x00, 0x00, 0x01, 0x00, 0x80, 0x00, 0x00, 0x20, 0x00,
  0x00, 0x08, 0x00, 0x00, 0x04, 0x00, 0x00, 0x01, 0x00, 0x40, 0x00, 0x00, 0x20, 0x00, 0x00, 0x08,
  0x00, 0x00, 0x02, 0x00, 0x00, 0x01, 0x00, 0x80, 0x00, 0x00, 0x40, 0x00, 0x00, 0x20, 0x00, 0x00,
  0x08, 0x00, 0x00, 0x04, 0x00, 0x00, 0x01, 0x00, 0x80, 0x00, 0x00, 0x00, 0x00, 0x00, 0x10, 0x00,
  0x00, 0x04, 0x00, 0x00, 0x02, 0x00, 0x00, 0x01, 0x00, 0x40, 0x00, 0x00, 0x20, 0x00, 0x00, 0x08,
  0x00, 0x00, 0x04, 0x00, 0x00, 0x02, 0x00, 0x00, 0x01, 0x00, 0x40, 0x00, 0x00, 0x10, 0x00, 0x00,
  0x08, 0x00, 0x00, 0x04, 0x3F, 0xC0, 0x3F, 0xC0, 0x3F, 0xC0, 0xC0, 0x3F, 0xC0, 0x3F, 0x3F, 0xC0,
  0xC0, 0x3F, 0xC0, 0x3F, 0xC0, 0x3F, 0x3F, 0xC0, 0x3F, 0xC0, 0xC0, 0x3F, 0xC0, 0x3F, 0x00, 0x00,
  0x00, 0x00, 0x00, 0x00, 0x0F, 0x00, 0x0F, 0x00, 0x0F, 0x00, 0x0F, 0x00, 0xF0, 0xFF, 0xF0, 0xFF,
  0xF0, 0xFF, 0x0F, 0x00, 0x0F, 0x00, 0x0F, 0x00, 0x0F, 0x00, 0xF0, 0xFF, 0xF0, 0xFF, 0xF0, 0xFF,
  0x0F, 0x00, 0x0F, 0x00, 0x0F, 0x00, 0x0F, 0x00, 0x0F, 0x00, 0x0F, 0x00, 0x0F, 0x00, 0x00, 0x00,
  0x00, 0x00, 0x00, 0x00, 0x00, 0x00, 0x00, 0x00, 0x00, 0x00, 0x00, 0x00, 0xF0, 0xFF, 0xF0, 0xFF,
  0xF0, 0xFF, 0xF0, 0xFF, 0x0F, 0x00, 0x0F, 0x00, 0x0F, 0x00, 0x0F, 0x00, 0xF0, 0xFF, 0x0F, 0x00,
  0x0F, 0x00, 0xF0, 0xFF, 0xF0, 0xFF, 0x00, 0x00, 0x00, 0x00, 0x00, 0x00, 0x00, 0x00, 0x00, 0x0F,
  0x00, 0x0F, 0x00, 0x00, 0x00, 0x00, 0x00, 0x00, 0x00, 0x00, 0x00, 0x00, 0x3F, 0xC0, 0xC0, 0x3F,
  0xC0, 0x3F, 0x3F, 0xC0, 0x00, 0x00, 0x00, 0x00, 0x00, 0x00, 0x00, 0x00, 0x00, 0x00, 0x00, 0x0F,
  0x00, 0x0F, 0xFF, 0xF0, 0xFF, 0xF0, 0x00, 0x0F, 0x00, 0x0F, 0x00, 0x0F, 0xFF, 0xF0, 0xFF, 0xF0,
  0xFF, 0xF0, 0x00, 0x0F, 0x00, 0x00, 0x00, 0x00, 0x00, 0x00, 0x00, 0x00, 0x00, 0x0F, 0x00, 0x0F,
  0x00, 0x00, 0x00, 0x00, 0x00, 0x0F, 0x00, 0x0F, 0x00, 0x00, 0x00, 0x00, 0x00, 0x00, 0xC0, 0x3F,
  0x3F, 0xC0, 0x3F, 0xC0, 0xC0, 0x3F, 0xC0, 0x3F, 0x3F, 0xC0, 0xC0, 0x3F, 0xC0, 0x3F, 0xC0, 0x3F,
  0xC0, 0x3F, 0xC0, 0x01, 0x1C, 0xC0, 0x01, 0x1C, 0xC0, 0x01, 0x1C, 0xC0, 0x01, 0x1C, 0xC0, 0x01,
  0x1C, 0x00, 0x80, 0x03, 0x38, 0x80, 0x03, 0x00, 0x70, 0x00, 0x07, 0x70, 0x00, 0x00, 0x00, 0xE0,
  0x00, 0x0E, 0xE0, 0x00, 0x00, 0x00, 0x00, 0x00, 0xE0, 0x00, 0x0E, 0xE0, 0x00, 0x00, 0x00, 0x00,
  0x00, 0xE0, 0x00, 0x0E, 0xE0, 0x00, 0x0E, 0xE0, 0x00, 0x0E, 0xE0, 0x00, 0x0E, 0xE0, 0x00, 0x0E,
  0xE0, 0x00, 0x0E, 0xE0, 0x00, 0x0E, 0xE0, 0x00, 0x0E, 0xE0, 0x00, 0x0E, 0xE0, 0x00, 0x00, 0x00,
  0x00, 0x00, 0x00, 0x00, 0x00, 0x1C, 0xC0, 0x01, 0x1C, 0xC0, 0x01, 0x1C, 0xC0, 0x01, 0x1C, 0xC3,
  0x00, 0x00, 0xC3, 0x00, 0x00, 0xC3, 0x00, 0x00, 0xC3, 0x00, 0x00, 0xC7, 0x00, 0x00, 0xC7, 0x01,
  0x00, 0x8F, 0x01, 0x00, 0x8E, 0x03, 0x00, 0x1E, 0x07, 0x00, 0x1C, 0x0E, 0x00, 0x7C, 0x0C, 0x00,
  0xFC, 0x18, 0x00, 0xF0, 0x7F, 0x00, 0xE0, 0xFF, 0x01, 0xC0, 0xE7, 0x03, 0x80, 0xE1, 0x0F, 0x00,
  0x70, 0x1F, 0x00, 0x38, 0x7F, 0x00, 0x3C, 0xFF, 0x01, 0x1F, 0xFE, 0xC3, 0x0F, 0xFC, 0xC3, 0x07,
  0xF8, 0xCF, 0x07, 0xE0, 0xFF, 0x03, 0x80, 0xFF, 0x03, 0x80, 0xCF, 0x0F, 0x00, 0xCC, 0x0F, 0x00,
  0x0E, 0x3F, 0x00, 0x0F, 0x3F, 0x80, 0x07, 0xFC, 0xCF, 0x03, 0xFC, 0xFF, 0x03, 0xC0, 0xFF, 0x01,
  0xC0, 0xFF, 0x01, 0xC0, 0xFF, 0x00, 0xC0, 0x7F, 0x00, 0xC0, 0x0F, 0x00, 0xC0, 0x0F, 0x00, 0xC0,
  0x0F, 0x00, 0xC0, 0x0F, 0x00, 0xC0, 0x0F, 0x00, 0xC0, 0x0F, 0x00, 0xC0, 0x0F, 0x00, 0xC0, 0x0F,
  0x00, 0xC0, 0x0C, 0x00, 0xC0, 0x0C, 0x00, 0xC0, 0x0C, 0x00, 0xC0, 0x0C, 0x00, 0xC0, 0x0C, 0x00,
  0xC0, 0x0C, 0x00, 0xC0, 0x0C, 0x00, 0xC0, 0x0C, 0x00, 0xC0, 0x0C, 0x00, 0xC0, 0x0C, 0x00, 0xC0,
  0x0C, 0x00, 0xC0, 0x0C, 0x00, 0xC0, 0x0C, 0x00, 0xC0, 0x0C, 0x00, 0xC0, 0x0C, 0x00, 0xC0, 0x0C,
  0x00, 0xC0, 0x0C, 0x00, 0xC0, 0x0C, 0x00, 0x80, 0x0C, 0x00, 0x80, 0x0C, 0x00, 0x80, 0x0C, 0x00,
  0x80, 0x0C, 0x00, 0x80, 0x04, 0x00, 0x80, 0x04, 0x00, 0x80, 0x04, 0x00, 0x80, 0x04, 0x00, 0x80,
  0x04, 0x00, 0x80, 0x04, 0x00, 0x80, 0x04, 0x61, 0x80, 0x40, 0x98, 0x40, 0x90, 0x40, 0x96, 0x18,
  0x12, 0x02, 0x1A, 0x82, 0x03, 0x02, 0x60, 0x66, 0x40, 0x00, 0x40, 0x00, 0x40, 0x11, 0x86, 0x10,
  0x02, 0x10, 0x02, 0x19, 0x62, 0x01, 0x06, 0x67, 0x00, 0x00, 0x00, 0x01, 0x80, 0x18, 0x80, 0x00,
  0xE0, 0x80, 0x81, 0x08, 0x18, 0x68, 0x12, 0x4E, 0x12, 0x40, 0x12, 0x40, 0x66, 0x60, 0x00, 0x00,
  0x00, 0x00, 0x06, 0x19, 0x88, 0x10, 0x08, 0x10, 0x08, 0x11, 0x18, 0x87, 0x01, 0x01, 0x00, 0x61,
  0x80, 0x40, 0x00, 0x40, 0x00, 0x40, 0x06, 0x00, 0x00, 0x00, 0x61, 0x18, 0x21, 0x00, 0x21, 0x82,
  0x21, 0x03, 0x80, 0x02, 0x00, 0x06, 0x00, 0x00, 0x00, 0x60, 0x06, 0x00, 0x02, 0x00, 0x02, 0x80,
  0x63, 0x00, 0x40, 0x00, 0x40, 0x00, 0x40, 0x61, 0x84, 0x20, 0x04, 0x38, 0x04, 0x20, 0x06, 0x00,
  0x00, 0x60, 0x00, 0x00, 0x60, 0x00, 0x00, 0x06, 0x00, 0x0C, 0x00, 0x0C, 0x00, 0x0F, 0x00, 0x0F,
  0x00, 0x03, 0xFC, 0x03, 0xFC, 0x00, 0x0C, 0x00, 0x0C, 0x00, 0x3C, 0x00, 0x3C, 0x00, 0x30, 0x00,
  0x30, 0x00, 0x3C, 0x00, 0x3C, 0x00, 0x0F, 0x00, 0x0F, 0x00, 0x03, 0x00, 0x03, 0xFF, 0x03, 0xFF,
  0x03, 0x03, 0x00, 0x03, 0x00, 0x3F, 0x00, 0x3F, 0x00, 0x30, 0x00, 0x30, 0x00, 0x3F, 0xC0, 0x3F,
  0xC0, 0x00, 0xC0, 0x00, 0xC0, 0x00, 0xC0, 0x00, 0xC0, 0x00, 0xF0, 0x00, 0xF0, 0x00, 0x3C, 0x00,
  0x3C, 0xC0, 0x0F, 0xC0, 0x0F, 0xC0, 0x00, 0xC0, 0x00, 0xC0, 0x00, 0xC0, 0x00, 0xC0, 0x00, 0xC0,
  0x00, 0xFC, 0x00, 0xFC, 0x00, 0x0C, 0x00, 0x0C, 0x00, 0x0F, 0xC0, 0x0F, 0xC0, 0x00, 0xFC, 0x00,
  0xFC, 0x00, 0x0C, 0x00, 0x0C, 0x00, 0x0C, 0x00, 0x0C, 0x00, 0x3C, 0x00, 0x3C, 0x00, 0x30, 0x00,
  0x30, 0xC0, 0x01, 0xE0, 0x00, 0x00, 0x00, 0x00, 0x00, 0x00, 0x00, 0x0A, 0x00, 0x05, 0x00, 0x00,
  0x00, 0x00, 0x00, 0x00, 0x00, 0x00, 0x00, 0x00, 0x00, 0x00, 0x00, 0xE0, 0x38, 0x70, 0x1C, 0x38,
  0x0E, 0x1C, 0x07, 0x00, 0x00, 0x00, 0x00, 0x00, 0x00, 0x0A, 0x00, 0x05, 0x00, 0x00, 0x00, 0x00,
  0x00, 0x00, 0x00, 0x00, 0x00, 0x00, 0x41, 0x80, 0x20, 0x00, 0x00, 0x00, 0x00, 0x00, 0x00, 0x00,
  0x00, 0x00, 0x00, 0x00, 0x70, 0x00, 0x3F, 0x80, 0x1F, 0xC0, 0x01, 0x00, 0x00, 0x00, 0x01, 0x90,
  0x00, 0x08, 0x00, 0x00, 0x00, 0x00, 0x00, 0x08, 0x80, 0x04, 0x40, 0x00, 0x00, 0x00, 0x00, 0x04,
  0x01, 0x82, 0x00, 0x00, 0x00, 0x00, 0x00, 0x05, 0x80, 0x02, 0x00, 0x00, 0x00, 0x00, 0x00, 0x00,
  0x00, 0x00, 0x00, 0x00, 0x00, 0x00, 0x07, 0x80, 0x03, 0x00, 0x00, 0x00, 0x00, 0x88, 0x00, 0x44,
  0x00, 0x00, 0x00, 0x00, 0x00, 0x00, 0x00, 0x00, 0x00, 0x00, 0xA0, 0x00, 0x50, 0x00, 0x00, 0x00,
  0x00, 0x00, 0x00, 0x00, 0x00, 0x00, 0x00, 0x00, 0x00, 0xA0, 0x00, 0x50, 0x00, 0x00, 0x00, 0x00,
  0x00, 0x0A, 0x00, 0x05, 0x00, 0x00, 0x00, 0x00, 0x00, 0x00, 0x00, 0x00, 0x00, 0x00, 0x00, 0x00,
  0x00, 0xE0, 0x38, 0x70, 0x1C, 0x02, 0x04, 0x01, 0xC2, 0x01, 0x01, 0x80, 0x00, 0xF0, 0x01, 0x40,
  0xC0, 0x21, 0x42, 0xF8, 0x20, 0x40, 0x10, 0x20, 0x08, 0x10, 0x04, 0x78, 0x02, 0x06, 0x01, 0x80,
  0x00, 0x40, 0x00, 0xF8, 0x03, 0x40, 0x00, 0xA0, 0x0F, 0x10, 0xE1, 0x8B, 0x40, 0x44, 0x20, 0x2F,
  0x10, 0x10, 0x09, 0x7C, 0x04, 0x20, 0x02, 0xF0, 0x03, 0x0C, 0x00, 0x00, 0x00, 0x00, 0x00, 0x3E,
  0x0F, 0x08, 0x02, 0x04, 0x01, 0x82, 0xC0, 0xE7, 0x01, 0x41, 0x80, 0x20, 0xFC, 0x38, 0x03, 0x00,
  0x01, 0x80, 0x00, 0xC0, 0x00, 0x18, 0x00, 0x08, 0x1C, 0x04, 0x04, 0x1E, 0x82, 0x03, 0x01, 0x81,
  0x80, 0xE1, 0x20, 0x00, 0x00, 0x00, 0x00, 0xE0, 0x00, 0x20, 0x00, 0x10, 0x04, 0x00, 0x00, 0x04,
  0x00, 0x00, 0x04, 0x00, 0x00, 0x04, 0x00, 0x00, 0x06, 0x00, 0x00, 0x02, 0x00, 0x00, 0x02, 0x00,
  0x00, 0x02, 0x00, 0x80, 0x01, 0x00, 0x80, 0x00, 0x00, 0x80, 0x00, 0x00, 0xE0, 0x00, 0x00, 0x20,
  0x00, 0x00, 0x20, 0x00, 0x00, 0x38, 0x00, 0x00, 0x08, 0x00, 0x00, 0x08, 0x00, 0x00, 0x08, 0x00,
  0x00, 0x00, 0x00, 0x00, 0x00, 0x00, 0x00, 0x00, 0x00, 0x00, 0x00, 0x00, 0x00, 0x02, 0x00, 0x00,
  0x02, 0x00, 0x00, 0x02, 0x00, 0x80, 0x03, 0x00, 0x80, 0x00, 0x00, 0x80, 0x00, 0x00, 0xE0, 0x00,
  0x00, 0x20, 0x00, 0x00, 0x20, 0x00, 0x00, 0x38, 0x00, 0x00, 0x08, 0x00, 0x00, 0x08, 0x00, 0x00,
  0x0E, 0x00, 0x00, 0x02, 0x00, 0x00, 0x02, 0x20, 0x00, 0x02, 0x20, 0x00, 0x00, 0x20, 0x00, 0x00,
  0x38, 0x00, 0x00, 0x08, 0x00, 0x00, 0x08, 0x80, 0x00, 0x0E, 0x80, 0x00, 0x02, 0x80, 0x00, 0x02,
  0xE0, 0x00, 0x02, 0x20, 0x00, 0x00, 0x20, 0x00, 0x00, 0x38, 0x00, 0x00, 0x08, 0x00, 0x00, 0x08,
  0x00, 0x00, 0x0E, 0x00, 0x00, 0x02, 0x00, 0x00, 0x02, 0x00, 0x00, 0x02, 0x00, 0x80, 0x01, 0x00,
  0x80, 0x00, 0x00, 0x80, 0x00, 0x00, 0x80, 0x66, 0x00, 0x00, 0x66, 0x00, 0x00, 0x78, 0x00, 0x00,
  0x78, 0x00, 0x00, 0x00, 0x00, 0x98, 0x01, 0x00, 0x98, 0x01, 0x80, 0xF9, 0x01, 0x80, 0xF9, 0xE1,
  0x87, 0x01, 0xE0, 0x87, 0x01, 0x60, 0x80, 0x07, 0x60, 0x80, 0x07, 0xE0, 0x01, 0x06, 0xE0, 0x01,
  0x06, 0x00, 0x18, 0x00, 0x00, 0x18, 0x00, 0x00, 0xF8, 0x07, 0x00, 0xF8, 0x07, 0x00, 0x00, 0x00,
  0x00, 0x00, 0x00, 0x80, 0x01, 0x00, 0x80, 0x01, 0x00, 0x00, 0x00, 0xF8, 0x01, 0x00, 0xF8, 0x01,
  0x06, 0x98, 0x01, 0x06, 0x98, 0x01, 0x00, 0x00, 0x00, 0x00, 0x00, 0x00, 0x60, 0x80, 0x01, 0x60,
  0x80, 0x1F, 0xE0, 0x01, 0x1E, 0xE0, 0x01, 0x00, 0x80, 0x07, 0x00, 0x80, 0x07, 0x00, 0x00, 0x00,
  0x00, 0x00, 0x00, 0x00, 0x00, 0x00, 0x00, 0x00, 0x00, 0x18, 0xE0, 0x07, 0x18, 0xE0, 0x07, 0x98,
  0x01, 0x00, 0x98, 0x01, 0x00, 0xE0, 0x01, 0x78, 0xE0, 0x01, 0x78, 0x00, 0x18, 0x60, 0x00, 0x18,
  0x60, 0x00, 0x78, 0x00, 0x00, 0x78, 0x00, 0x06, 0x00, 0x00, 0x06, 0x00, 0x00, 0x00, 0x18, 0x00,
  0x00, 0x18, 0x00, 0x06, 0x00, 0x00, 0x06, 0x00, 0x00, 0x80, 0x01, 0x00, 0x80, 0x01, 0x00, 0x00,
  0x60, 0x7E, 0x00, 0x60, 0x7E, 0xE0, 0x7F, 0x66, 0xE0, 0x7F, 0x66, 0x04, 0x00, 0x04, 0x00, 0x04,
  0x00, 0x04, 0x80, 0x10, 0x80, 0x10, 0x80, 0x10, 0x00, 0x40, 0x00, 0x40, 0x00, 0x40, 0x00, 0x00,
  0x04, 0x00, 0x04, 0x00, 0x04, 0x00, 0x04, 0x00, 0x00, 0x00, 0x00, 0x00, 0x00, 0x00, 0x00, 0x00,
  0x00, 0x00, 0x00, 0x00, 0x04, 0x00, 0x04, 0x00, 0x04, 0x00, 0x04, 0x00, 0x00, 0x00, 0x00, 0x00,
  0x00, 0x00, 0x00, 0x00, 0x00, 0x00, 0x04, 0x00, 0x04, 0x00, 0x04, 0x00, 0x04, 0x00, 0x00, 0x00,
  0x00, 0x00, 0x00, 0x00, 0x00, 0x00, 0x00, 0x00, 0x40, 0x20, 0x40, 0x20, 0x40, 0x20, 0x00, 0x00,
  0x00, 0x00, 0x00, 0x00, 0x40, 0x10, 0x40, 0x10, 0x40, 0x10, 0x00, 0x00, 0x00, 0x00, 0x00, 0x00,
  0x80, 0x08, 0x80, 0x08, 0x80, 0x08, 0x00, 0x00, 0x00, 0x00, 0x00, 0x00, 0x00, 0x00, 0x00, 0x00,
  0x00, 0x00, 0x88, 0x00, 0x88, 0x00, 0x88, 0x00, 0x88, 0x00, 0x80, 0x00, 0x00, 0x00, 0x00, 0x00,
  0x00, 0x00, 0x00, 0x00, 0x08, 0x00, 0x08, 0x00, 0x08, 0x00, 0x08, 0x00, 0x00, 0x00, 0x00, 0x00,
  0x00, 0x00, 0x00, 0x00, 0x00, 0x00, 0x00, 0x00, 0x00, 0x00, 0x04, 0x01, 0x04, 0x01, 0x04, 0x81,
  0x00, 0x80, 0x00, 0x80, 0x00, 0x08, 0x00, 0x08, 0x00, 0x08, 0x00, 0x00, 0x00, 0x00, 0x00, 0x00,
  0x00, 0x00, 0x00, 0x08, 0x00, 0x08, 0x00, 0x08, 0x00, 0x08, 0x00, 0x08, 0x00, 0x00, 0x00, 0x00,
  0x00, 0x00, 0x00, 0x00, 0x00, 0x80, 0x20, 0x80, 0x20, 0x80, 0x20, 0x80, 0x20, 0x00, 0x20, 0x00,
  0x20, 0x00, 0x00, 0x00, 0x00, 0x00, 0x00, 0x02, 0x02, 0x02, 0x02, 0x02, 0x02, 0x00, 0x00, 0x00,
  0x00, 0x00, 0x00, 0x00, 0x00, 0x00, 0x00, 0x00, 0x00, 0x00, 0x00, 0x00, 0x00, 0xFE, 0xFF, 0x05,
  0x00, 0x80, 0x00, 0x00, 0x10, 0x00, 0x00, 0x07, 0x00, 0x00, 0x00, 0x00, 0x00, 0x00, 0x00, 0x11,
  0x00, 0x20, 0x07, 0x00, 0x40, 0x40, 0x04, 0x00, 0xC8, 0x01, 0x10, 0x11, 0x80, 0x37, 0x00, 0x40,
  0x04, 0x00, 0x08, 0x00, 0x20, 0x80, 0x01, 0x1C, 0x20, 0x80, 0x00, 0x04, 0x00, 0x90, 0x00, 0x00,
  0x02, 0x00, 0xC0, 0x01, 0xC0, 0x09, 0x00, 0x10, 0x00, 0x00, 0x02, 0x00, 0x40, 0x00, 0x00, 0x08,
  0x00, 0x00, 0x00, 0x00, 0x00, 0x00, 0x00, 0x00, 0x00, 0x80, 0x00, 0x00, 0x10, 0x02, 0x00, 0xE0,
  0x00, 0x00, 0x08, 0x00, 0x00, 0x00, 0x00, 0x00, 0x00, 0x00, 0x00, 0x00, 0xE0, 0x01, 0x02, 0x10,
  0xE0, 0x00, 0x00, 0x08, 0x00, 0x12, 0xE0, 0xE0, 0x02, 0x04, 0xC0, 0x81, 0x00, 0x00, 0x10, 0x00,
  0x00, 0x00, 0x04, 0x00, 0x80, 0x03, 0x00, 0x00, 0x00, 0x00, 0x10, 0x40, 0x00, 0x02, 0x1C, 0xC0,
  0x00, 0x00, 0x04, 0x00, 0x00, 0x00, 0x00, 0x20, 0x00, 0x00, 0x04, 0x00, 0x00, 0x00, 0x87, 0x00,
  0x40, 0x10, 0x00, 0x00, 0x03, 0x00, 0x40, 0x00, 0x00, 0x08, 0x00, 0x00, 0x00, 0x00, 0x00, 0x00,
  0x08, 0x1C, 0x04, 0x87, 0x80, 0x20, 0x00, 0xF0, 0x00, 0x08, 0x02, 0x00, 0x41, 0x00, 0xF0, 0x00,
  0x00, 0x24, 0x00, 0x00, 0x1C, 0x20, 0x60, 0x00, 0x04, 0x00, 0xE0, 0x80, 0x02, 0x00, 0x30, 0x08,
  0x00, 0x82, 0x03, 0x00, 0x20, 0x00, 0xE0, 0x07, 0xFE, 0xC0, 0x1D, 0x18, 0x03, 0x49, 0x20, 0x00,
  0x00, 0x80, 0x00, 0x10, 0x04, 0x82, 0x40, 0x00, 0x08, 0x00, 0x09, 0x00, 0x01, 0x20, 0x01, 0x24,
  0x00, 0x04, 0x80, 0x00, 0x10, 0x08, 0x02, 0x41, 0x20, 0x08, 0x00, 0x00, 0x00, 0x00, 0x00, 0x00,
  0x40, 0x10, 0x48, 0x00, 0x09, 0x00, 0x01, 0x20, 0x00, 0x04, 0x80, 0x04, 0x90, 0x00, 0x00, 0x00,
  0x00, 0x00, 0x00, 0x00, 0x20, 0x00, 0x20, 0x00, 0x04, 0x80, 0x00, 0x10, 0x40, 0x02, 0x48, 0x00,
  0x09, 0x20, 0x80, 0x04, 0x90, 0x00, 0x02, 0x40, 0x00, 0x08, 0x00, 0x00, 0x00, 0x00, 0x00, 0x00,
  0x00, 0x90, 0x00, 0x12, 0x40, 0x02, 0x08, 0x00, 0x00, 0x00, 0x01, 0x20, 0x00, 0x20, 0x00, 0x04,
  0x80, 0x00, 0x10, 0x08, 0x02, 0x41, 0x20, 0x00, 0x20, 0x00, 0x00, 0x00, 0x04, 0x10, 0x00, 0x02,
  0x00, 0x00, 0x00, 0x00, 0x08, 0x00, 0x01, 0x20, 0x00, 0x04, 0x00, 0x00, 0x00, 0x00, 0x02, 0x00,
  0x00, 0x00, 0x00, 0x00, 0x24, 0x80, 0x04, 0x90, 0x00, 0x12, 0x00, 0x00, 0x00, 0x00, 0x00, 0x00,
  0x80, 0x00, 0x10, 0x04, 0x82, 0x40, 0x00, 0x00, 0x02, 0x40, 0x00, 0x00, 0x00, 0x80, 0x00, 0x00,
  0x00, 0x02, 0x40, 0x10, 0x08, 0x02, 0x40, 0x20, 0x08, 0x00, 0x01, 0x00, 0x00, 0x00, 0x10, 0x00,
  0x02, 0x08, 0x00, 0x01, 0x20, 0x00, 0x04, 0x80, 0x01, 0x00, 0x40, 0x00, 0x00, 0xD0, 0x01, 0x00,
  0x04, 0x00, 0x10, 0x18, 0x00, 0x04, 0x30, 0x38, 0x31, 0x00, 0x00, 0x03, 0xCE, 0x01, 0x0C, 0x08,
  0x0F, 0x80, 0x08, 0xE0, 0x9C, 0xC8, 0x00, 0xA4, 0x81, 0x1C, 0x08, 0x23, 0x80, 0x80, 0x08, 0x07,
  0x28, 0x00, 0x10, 0x00, 0x88, 0x63, 0x00, 0x82, 0x08, 0x8C, 0x08, 0x0A, 0x20, 0x80, 0x08, 0x40,
  0x2D, 0x08, 0x40, 0x00, 0xC8, 0x1B, 0x80, 0x04, 0x00, 0x27, 0x44, 0x10, 0x08, 0x04, 0x04, 0x02,
  0x00, 0x01, 0x40, 0x00, 0x03, 0x10, 0x00, 0x0C, 0x00, 0x78, 0x00, 0x00, 0x00, 0xE0, 0x00, 0x00,
  0x00, 0xF0, 0x00, 0x38, 0x00, 0xC0, 0x00, 0x00, 0x00, 0xE0, 0x00, 0xE8, 0x01, 0x80, 0x08, 0x03,
  0x00, 0x08, 0x00, 0x04, 0x20, 0x06, 0x00, 0x09, 0x10, 0x00, 0x02, 0x0C, 0x20, 0x8E, 0x00, 0x30,
  0x08, 0x00, 0x01, 0x00, 0x00, 0x4E, 0x06, 0x20, 0x00, 0x00, 0x80, 0x0B, 0x00, 0x04, 0x00, 0xF8,
  0x54, 0x08, 0x00, 0x04, 0x02, 0x82, 0x89, 0xBC, 0x00, 0x08, 0x20, 0x04, 0x08, 0x00, 0x78, 0xA4,
  0xB9, 0x00, 0x08, 0x00, 0x00, 0x02, 0x04, 0x88, 0x06, 0xF0, 0x20, 0x80, 0x08, 0x00, 0x80, 0x00,
  0xC0, 0x03, 0x00, 0x00, 0x40, 0xE0, 0x03, 0x10, 0x00, 0x10, 0x00, 0x03, 0x04, 0x10, 0x00, 0x80,
  0x73, 0x00, 0x00, 0x00, 0x0C, 0xC0, 0x43, 0x00, 0x00, 0x10, 0x80, 0x01, 0x84, 0x03, 0x00, 0x00,
  0x00, 0x04, 0x00, 0x00, 0x01, 0x00, 0x00, 0x42, 0x00, 0x42, 0x00, 0x42, 0x00, 0x42, 0x08, 0x02,
  0x08, 0x02, 0x00, 0x02, 0x00, 0x02, 0x00, 0x02, 0x10, 0x42, 0x10, 0x40, 0x10, 0x40, 0x00, 0x40,
  0x00, 0x02, 0x10, 0x02, 0x10, 0x02, 0x10, 0x00, 0x00, 0x00, 0x00, 0x40, 0x08, 0x40, 0x08, 0x40,
  0x08, 0x00, 0x00, 0x02, 0x00, 0x42, 0x10, 0x42, 0x10, 0x02, 0x00, 0x02, 0x00, 0x02, 0x00, 0x00,
  0x08, 0x00, 0x08, 0x00, 0x08, 0x00, 0x00, 0x42, 0x08, 0x42, 0x08, 0x42, 0x00, 0x40, 0x00, 0x40,
  0x10, 0x40, 0x10, 0x00, 0x10, 0x00, 0x00, 0x02, 0x00, 0x02, 0x00, 0x00, 0x08, 0x00, 0x08, 0x42,
  0x00, 0x42, 0x00, 0x40, 0x00, 0x00, 0x10, 0x00, 0x10, 0x00, 0x10, 0x40, 0x00, 0x40, 0x00, 0x02,
  0x00, 0x02, 0x08, 0x02, 0x08, 0x02, 0x00, 0x00, 0x00, 0x00, 0x00, 0x40, 0x10, 0x40, 0x10, 0x40,
  0x10, 0x40, 0x00, 0x40, 0x00, 0x42, 0x00, 0x42, 0x10, 0x00, 0x10, 0x00, 0x00, 0x00, 0x00, 0x00,
  0x00, 0x42, 0x00, 0x42, 0x00, 0x40, 0x08, 0x40, 0x08, 0x00, 0x08, 0x00, 0x00, 0x00, 0x00, 0x00,
  0x10, 0x42, 0x10, 0x42, 0x00, 0x00, 0x00, 0x00, 0x00, 0x00, 0x10, 0x00, 0x10, 0x00, 0x00, 0x00,
  0x00, 0x42, 0x10, 0x42, 0x10, 0x42, 0x00, 0x42, 0x00, 0x00, 0x00, 0x02, 0x00, 0x02, 0x08, 0x40,
  0x08, 0x42, 0x08, 0x42, 0x00, 0x00, 0x00, 0x00, 0x00, 0x00, 0x10, 0x00, 0x10, 0x00, 0x00, 0x40,
  0x00, 0x42, 0x00, 0x42, 0x00, 0x42, 0x80, 0x01, 0x18, 0x00, 0x01, 0x18, 0x80, 0x01, 0x09, 0x1C,
  0xC0, 0x03, 0x4C, 0x0C, 0x64, 0xC0, 0x05, 0x4C, 0x00, 0x50, 0x00, 0x07, 0x60, 0x80, 0x06, 0x58,
  0x80, 0x03, 0x00, 0x00, 0x00, 0x40, 0x00, 0x0E, 0x60, 0x00, 0x3E, 0x00, 0x02, 0x20, 0x01, 0x1C,
  0x00, 0x01, 0x00, 0x00, 0x01, 0x10, 0x00, 0x03, 0x08, 0x80, 0x01, 0x08, 0x80, 0x10, 0x30, 0x03,
  0x71, 0x70, 0x02, 0x30, 0x00, 0x03, 0x50, 0x00, 0x05, 0xD0, 0x00, 0x0E, 0xC0, 0x00, 0x0C, 0x80,
  0x03, 0x00, 0x00, 0x03, 0x20, 0x80, 0x03, 0x38, 0x04, 0x41, 0x14, 0xC4, 0xA0, 0x24, 0xCA, 0xE3,
  0x20, 0x04, 0x40, 0x00, 0x04, 0x00, 0x00, 0x00, 0x40, 0x00, 0x1F, 0x40, 0x00, 0x00, 0x40, 0x00,
  0x0C, 0x60, 0x00, 0x04, 0x00, 0x00, 0x00, 0x00, 0x00, 0x04, 0x60, 0x00, 0x87, 0x20, 0x0C, 0xC6,
  0xE0, 0x46, 0x3C, 0x84, 0x43, 0x10, 0x00, 0x00, 0x00, 0x00, 0x40, 0x10, 0x04, 0x51, 0x11, 0x11,
  0x10, 0x01, 0x00, 0x00, 0x40, 0x40, 0x04, 0x44, 0x40, 0x00, 0x00, 0x04, 0xE0, 0x00, 0x0E, 0xA0,
  0x00, 0x80, 0x02, 0x38, 0x80, 0x03, 0x10, 0x00, 0x40, 0x00, 0x04, 0x40, 0x10, 0x80, 0x07, 0x7C,
  0xC0, 0x06, 0x04, 0x00, 0x40, 0x00, 0x04, 0x40, 0x00, 0x00, 0x00, 0x00, 0x80, 0x02, 0x28, 0x80,
  0x12, 0x81, 0x31, 0x1C, 0xC7, 0x60, 0x04, 0x04, 0x00, 0x00, 0x00, 0x04, 0x40, 0x40, 0x44, 0x04,
  0x44, 0x40, 0x00, 0x00, 0x00, 0x40, 0x00, 0x04, 0x40, 0x00, 0x00, 0x00, 0x00, 0x00, 0x01, 0x10,
  0x04, 0xE1, 0x00, 0x0E, 0xA8, 0xC2, 0x60, 0x0C, 0x6E, 0xC0, 0x03, 0x38, 0x00, 0x01, 0x00, 0x00,
  0x00, 0x00, 0x00, 0x00, 0x10, 0x00, 0x01, 0x10, 0x50, 0x01, 0x00, 0x54, 0x00, 0x00, 0x15, 0x00,
  0x40, 0x05, 0x00, 0x49, 0x01, 0x40, 0x49, 0x00, 0x50, 0x09, 0x00, 0x54, 0x01, 0x00, 0x55, 0x00,
  0x40, 0x15, 0x00, 0x50, 0x01, 0x00, 0x14, 0x00, 0x00, 0x09, 0x00, 0x80, 0x04, 0x00, 0x40, 0x01,
  0x00, 0x50, 0x00, 0x00, 0x24, 0x01, 0x00, 0x52, 0x00, 0x00, 0x15, 0x00, 0x40, 0x05, 0x00, 0x50,
  0x01, 0x00, 0x54, 0x00, 0x00, 0x14, 0x00, 0x80, 0x04, 0x00, 0x90, 0x00, 0x00, 0x14, 0x00, 0x00,
  0x15, 0x00, 0x40, 0x15, 0x00, 0x40, 0x15, 0x00, 0x48, 0x05, 0x00, 0x49, 0x01, 0x40, 0x49, 0x00,
  0x50, 0x09, 0x00, 0x54, 0x11, 0x00, 0x54, 0x05, 0x00, 0x54, 0x01, 0x00, 0x54, 0x00, 0x00, 0x24,
  0x01, 0x00, 0x52, 0x04, 0x00, 0x65, 0x01, 0x40, 0x52, 0x00, 0x20, 0x15, 0x00, 0x50, 0x05, 0x00,
  0x54, 0x01, 0x00, 0x55, 0x00, 0x40, 0x15, 0x00, 0x40, 0x05, 0x00, 0x08, 0x01, 0x00, 0x29, 0x00,
  0x40, 0x05, 0x00, 0x50, 0x01, 0x04, 0x54, 0x40, 0x01, 0x25, 0x54, 0x40, 0x51, 0x15, 0x90, 0x55,
  0x05, 0x48, 0x55, 0x02, 0x54, 0x25, 0x01, 0x01, 0x52, 0x00, 0x00, 0x15, 0x00, 0x40, 0x05, 0x00,
  0x50, 0x01, 0x00, 0x94, 0x00, 0x00, 0x49, 0x00, 0x00, 0x54, 0x00, 0x00, 0x15, 0x00, 0x40, 0x05,
  0x00, 0x40, 0x01, 0x00, 0x48, 0x00, 0x00, 0x09, 0x00, 0x40, 0x01, 0x00, 0x50, 0x00, 0x00, 0x14,
  0x00, 0x90, 0x04, 0x00, 0x94, 0x00, 0x00, 0x15, 0x00, 0x40, 0x05, 0x00, 0x50, 0x01, 0x00, 0x42,
  0x00, 0x00, 0x42, 0x00, 0x00, 0x42, 0x01, 0x00, 0x08, 0x01, 0x40, 0x08, 0x01, 0x40, 0x08, 0x00,
  0x40, 0x00, 0x00, 0x00, 0x00, 0x00, 0x00, 0x80, 0x00, 0x00, 0xA0, 0x00, 0x00, 0xA1, 0x00, 0x00,
  0x21, 0x00, 0x00, 0x01, 0x00, 0x00, 0x00, 0x00, 0x00, 0x00, 0x00, 0x00, 0x08, 0x00, 0x00, 0x08,
  0x00, 0x00, 0x4A, 0x00, 0x00, 0x42, 0x00, 0x00, 0x42, 0x00, 0x00, 0x00, 0x00, 0x00, 0x00, 0x00,
  0x00, 0x08, 0x00, 0x00, 0x08, 0x00, 0x00, 0x08, 0x00, 0x00, 0x00, 0x00, 0x00, 0x00, 0x00, 0x00,
  0x80, 0x00, 0x00, 0x84, 0x00, 0x00, 0x84, 0x00, 0x00, 0x04, 0x00, 0x00, 0x00, 0x00, 0x00, 0x00,
  0x00, 0x00, 0x00, 0x00, 0x00, 0x40, 0x00, 0x00, 0x40, 0x00, 0x00, 0x50, 0x00, 0x00, 0x10, 0x00,
  0x00, 0x10, 0x00, 0x00, 0x00, 0x00, 0x00, 0x80, 0x00, 0x00, 0x80, 0x00, 0x00, 0x80, 0x00, 0x00,
  0x00, 0x00, 0x00, 0x00, 0x00, 0x00, 0x00, 0x00, 0x00, 0x00, 0x00, 0x00, 0x00, 0x00, 0x00, 0x08,
  0x00, 0x00, 0x08, 0x00, 0x00, 0x28, 0x00, 0x00, 0x20, 0x02, 0x00, 0x20, 0x02, 0x00, 0x02, 0x02,
  0x00, 0x02, 0x00, 0x00, 0x82, 0x00, 0x00, 0x80, 0x00, 0x00, 0x80, 0x00, 0x00, 0x00, 0x00, 0x00,
  0x00, 0x00, 0x00, 0x00, 0x00, 0x00, 0x04, 0x00, 0x00, 0x84, 0x00, 0x00, 0x84, 0x00, 0x00, 0xA0,
  0x00, 0x00, 0x20, 0x00, 0x00, 0x20, 0x00, 0x00, 0x00, 0x00, 0x00, 0x00, 0x02, 0x00, 0x00, 0x02,
  0x00, 0x00, 0x02, 0x00, 0x00, 0x00, 0x00, 0x08, 0x00, 0x00, 0x08, 0x00, 0x00, 0x0A, 0x00, 0x00,
  0x02, 0x00, 0x00, 0x02, 0x00, 0x00, 0x00, 0x01, 0x00, 0x00, 0x01, 0x00, 0x00, 0x01, 0x00, 0x40,
  0x00, 0x00, 0x40, 0x00, 0x00, 0x40, 0x00, 0x00, 0x00, 0x00, 0x00, 0x00, 0x00, 0x00, 0x08, 0x00,
  0x00, 0x08, 0x00, 0x00, 0x08, 0x00, 0x00, 0x00, 0x00, 0x00, 0x00, 0x00, 0x00, 0x00, 0x00, 0x00,
  0x00, 0x00, 0x00, 0x80, 0x00, 0x00, 0x80, 0x00, 0x00, 0x80, 0x00, 0x00, 0x00, 0x00, 0x00, 0x00,
  0x00, 0x00, 0x00, 0x00, 0x00, 0x00, 0x00, 0x00, 0x00, 0x00, 0x00, 0x00, 0x00, 0x00, 0x04, 0x00,
  0x00, 0x04, 0x00, 0x00, 0x04, 0x00, 0x00, 0x80, 0x00, 0x00, 0x80, 0x00, 0x00, 0x80, 0x00, 0x00,
  0x08, 0x00, 0x00, 0x08, 0x00, 0x00, 0x08, 0x00, 0x00, 0x00, 0x00, 0x00, 0x00, 0x00, 0x00, 0x00,
  0x00, 0x00, 0x00, 0x00, 0x00, 0x00, 0x00, 0x00, 0x00, 0x00, 0x00, 0x00, 0x00, 0x00, 0x00, 0x00,
  0x00, 0x20, 0x00, 0x00, 0x20, 0x00, 0x00, 0x20, 0x00, 0x00, 0x00, 0x00, 0x00, 0x00, 0x00, 0x00,
  0x00, 0x01, 0x00, 0x00, 0x01, 0x00, 0x01, 0x01, 0x00, 0x01, 0x00, 0x00, 0x01, 0x00, 0x00, 0x00,
  0x00, 0x00, 0x00, 0x00, 0x00, 0x00, 0x00, 0x00, 0x80, 0x00, 0x00, 0x80, 0x00, 0x00, 0x80, 0x00,
  0x00, 0x00, 0x00, 0x00, 0x00, 0x00, 0x00, 0x04, 0x00, 0x00, 0x04, 0x00, 0x00, 0x04, 0x00, 0x00,
  0x00, 0x00, 0x00, 0x00, 0x00, 0x00, 0x00, 0x00, 0x00, 0x00, 0x00, 0x00, 0x00, 0x00, 0x00, 0x00,
  0x00, 0x00, 0x00, 0x00, 0x00, 0x02, 0x00, 0x00, 0x02, 0x00, 0x00, 0x02, 0x00, 0x00, 0x80, 0x00,
  0x00, 0x80, 0x00, 0x00, 0x80, 0x00, 0x00, 0x00, 0x00, 0x00, 0x00, 0x00, 0x00, 0x00, 0x00, 0x00,
  0x00, 0x00, 0x00, 0x10, 0x00, 0x00, 0x10, 0x00, 0x00, 0x10, 0x00, 0x00, 0x00, 0x00, 0x00, 0x00,
  0x00, 0x00, 0x00, 0x00, 0x00, 0x00, 0x00, 0x00, 0x00, 0x00, 0x00, 0x00, 0x00, 0x00, 0x00, 0x00,
  0x00, 0x00, 0x00, 0x00, 0x00, 0x00, 0x00, 0x00, 0x00, 0x00, 0x04, 0x00, 0x00, 0x04, 0x00, 0x00,
  0x04, 0x00, 0x38, 0x00, 0xC0, 0x0E, 0x00, 0x98, 0x01, 0x80, 0x79, 0x00, 0x10, 0x04, 0x80, 0xE3,
  0x00, 0x20, 0x3C, 0x00, 0x87, 0x06, 0x3C, 0x5C, 0xC0, 0x80, 0x01, 0x06, 0x30, 0x40, 0x80, 0x01,
  0x02, 0x0C, 0xF8, 0xE0, 0xC0, 0x1A, 0x04, 0x9C, 0xC3, 0x80, 0x20, 0x18, 0x00, 0xCF, 0x01, 0x58,
  0x28, 0x00, 0x8C, 0x07, 0x80, 0x90, 0x00, 0x0C, 0x1C, 0xE0, 0x80, 0x01, 0x18, 0x30, 0x00, 0xC7,
  0x01, 0xA0, 0x18, 0x00, 0xCE, 0x00, 0x80, 0x07, 0x00, 0x58, 0x80, 0x80, 0x0E, 0x7C, 0x80, 0x60,
  0x01, 0x1C, 0x02, 0x80, 0x3D, 0x00, 0x50, 0x05, 0xC0, 0x31, 0x00, 0x8C, 0x03, 0x80, 0x0C, 0x00,
  0xBC, 0x00, 0x00, 0x7B, 0x00, 0xE0, 0x02, 0x00, 0x04, 0x00, 0x60, 0x03, 0x00, 0x3E, 0x00, 0x00,
  0x06, 0x08, 0xF0, 0x81, 0x01, 0x36, 0x30, 0x00, 0x82, 0x03, 0x78, 0x20, 0x80, 0x05, 0x06, 0xE0,
  0x44, 0x00, 0xE8, 0x0D, 0x80, 0xF7, 0x01, 0x10, 0x10, 0x00, 0x00, 0x03, 0x00, 0x78, 0x00, 0x80,
  0x04, 0x00, 0xC0, 0x00, 0x08, 0x28, 0x80, 0x81, 0x07, 0x1C, 0x70, 0x70, 0x00, 0x0C, 0x05, 0xE0,
  0x35, 0x00, 0xD8, 0x03, 0x00, 0x07, 0x00, 0x40, 0x00, 0x00, 0x0F, 0x00, 0x60, 0x00, 0x00, 0x1C,
  0x00, 0x00, 0x07, 0x00, 0x60, 0x00, 0x3C, 0x00, 0xC0, 0x1B, 0x00, 0x80, 0x3D, 0x00, 0xFC, 0x03,
  0x00, 0x18, 0x00, 0xFC, 0x3F, 0x00, 0x98, 0x01, 0xC0, 0xFF, 0x03, 0x80, 0x01, 0x00, 0xC0, 0x3F,
  0x00, 0x00, 0x18, 0x00, 0x00, 0x3C, 0x00, 0x00, 0x00, 0x00, 0x00, 0x00, 0x00, 0x00, 0xC0, 0x3F,
  0x00, 0x80, 0x19, 0x00, 0xC0, 0x3F, 0x00, 0x00, 0x00, 0x00, 0x00, 0x00, 0x3C, 0x00, 0x00, 0x18,
  0xC0, 0x03, 0x3C, 0x80, 0x01, 0x00, 0xC0, 0x03, 0x00, 0x00, 0x00, 0x00, 0x3C, 0x00, 0x00, 0x18,
  0x00, 0xC0, 0x3F, 0x00, 0x80, 0x01, 0x00, 0xC0, 0x03, 0x00, 0x00, 0x00, 0x00, 0x00, 0x00, 0x00,
  0x00, 0x00, 0x00, 0x00, 0x00, 0x00, 0xFC, 0x03, 0x00, 0x98, 0x01, 0x00, 0xFC, 0xFF, 0x03, 0x00,
  0x98, 0x01, 0x00, 0xFC, 0x03, 0x00, 0x00, 0x00, 0x00, 0x00, 0x00, 0x00, 0x00, 0x00, 0x00, 0x00,
  0x00, 0x00, 0xC0, 0xFF, 0x03, 0x80, 0x99, 0x01, 0xC0, 0xFF, 0x03, 0x00, 0x00, 0x00, 0x00, 0x00,
  0x00, 0x00, 0x00, 0x00, 0x3C, 0x00, 0x00, 0x18, 0x00, 0x00, 0x3C, 0x00, 0x00, 0x00, 0x00, 0xFC,
  0x03, 0x00, 0x98, 0x01, 0x00, 0xFC, 0x03, 0x00, 0x00, 0x00, 0x00, 0x00, 0x00, 0x00, 0x00, 0x00,
  0x00, 0x3C, 0x00, 0x00, 0x18, 0x00, 0x00, 0x3C, 0x00, 0xC0, 0x03, 0x00, 0x80, 0x01, 0x00, 0xC0,
  0x03, 0x00, 0x00, 0x00, 0x00, 0x00, 0x00, 0x00, 0x00, 0x00, 0x00, 0x00, 0xC0, 0x03, 0xC0, 0x83,
  0x01, 0x80, 0xFD, 0x03, 0xC0, 0x1B, 0x00, 0x00, 0x3C, 0x00, 0x00, 0x00, 0x00, 0x00, 0x00, 0x00,
  0x00, 0x00, 0x00, 0x00, 0xC0, 0x3F, 0x00, 0x80, 0x19, 0x00, 0xC0, 0x3F, 0x00, 0x00, 0x00, 0x00,
  0x00, 0x00, 0x00, 0x00, 0x00, 0x00, 0xC0, 0x3F, 0x00, 0x80, 0x19, 0x00, 0xC0, 0x3F, 0x00, 0x00,
  0x00, 0x00, 0x00, 0x3C, 0x00, 0x00, 0x18, 0x00, 0x00, 0xFC, 0x03, 0x00, 0x80, 0x01, 0x00, 0xC0,
  0x3F, 0x00, 0x00, 0x18, 0x00, 0x00, 0xFC, 0x03, 0x00, 0x80, 0x3D, 0x00, 0xFC, 0x1B, 0x00, 0x18,
  0x3C, 0x00, 0xFC, 0x03, 0x00, 0x80, 0x01, 0x00, 0xC0, 0x03, 0x00, 0x00, 0x00, 0x00, 0x00, 0x00,
  0x00, 0x00, 0x00, 0x00, 0x00, 0x3C, 0x00, 0xC0, 0x1B, 0x00, 0x80, 0x3D, 0x00, 0xC0, 0x03, 0x00,
  0x00, 0x00, 0x00, 0x00, 0x00, 0x00, 0x00, 0x00, 0x00, 0x00, 0xC0, 0x03, 0x00, 0x80, 0x01, 0x00,
  0xC0, 0x03, 0x3C, 0x00, 0x00, 0x18, 0x00, 0x00, 0x3C, 0xFC, 0xFF, 0x9B, 0x99, 0xFD, 0xFF, 0x9B,
  0x99, 0x99, 0x99, 0x99, 0x99, 0xFD, 0xFF, 0x9B, 0x99, 0x99, 0x99, 0x99, 0x99, 0x99, 0x99, 0x99,
  0x99, 0x99, 0x99, 0x99, 0x99, 0x99, 0x99, 0x99, 0x99, 0x99, 0x99, 0x99, 0x99, 0x99, 0x99, 0x99,
  0x99, 0x99, 0x99, 0x99, 0x99, 0x99, 0x99, 0x99, 0x99, 0x99, 0x99, 0x99, 0x99, 0x01, 0x00, 0x64,
  0x66, 0x66, 0x66, 0x02, 0x00, 0x98, 0x99, 0x01, 0x00, 0x00, 0x00, 0x00, 0x00, 0x00, 0x00, 0x00,
  0x00, 0xFC, 0xFF, 0xFF, 0xFF, 0xFF, 0xFF, 0x03, 0x00, 0x00, 0x00, 0x64, 0x66, 0x02, 0x00, 0x00,
  0x00, 0x00, 0x00, 0x00, 0x00, 0x00, 0x00, 0x00, 0x00, 0x64, 0x66, 0x66, 0x66, 0x66, 0x66, 0x66,
  0x66, 0x66, 0x66, 0x66, 0x66, 0x66, 0x66, 0x66, 0x66, 0x66, 0x66, 0x66, 0x66, 0x66, 0x66, 0x66,
  0x66, 0x66, 0x66, 0x66, 0x66, 0x66, 0x66, 0x66, 0x66, 0x66, 0x66, 0x66, 0x66, 0x66, 0x66, 0x66,
  0x66, 0x66, 0x66, 0x66, 0x66, 0x66, 0x66, 0x66, 0x66, 0x66, 0x66, 0x66, 0x66, 0x66, 0x66, 0x66,
  0x66, 0x66, 0x66, 0x66, 0x66, 0x02, 0x00, 0x00, 0x00, 0x00, 0x00, 0x00, 0x00, 0x00, 0x00, 0x00,
  0x00, 0xFC, 0xFF, 0x9B, 0x99, 0x99, 0x99, 0x01, 0x00, 0x64, 0x66, 0x66, 0x66, 0xFE, 0xFF, 0x03,
  0x00, 0x00, 0x00, 0x00, 0x00, 0x00, 0x00, 0x00, 0x00, 0x00, 0x00, 0x98, 0x99, 0x99, 0x99, 0x99,
  0x99, 0x99, 0x99, 0x99, 0x99, 0x99, 0x99, 0x99, 0x99, 0x99, 0x99, 0x99, 0x99, 0x99, 0x99, 0x99,
  0x99, 0x99, 0x99, 0x99, 0x99, 0x99, 0x99, 0x99, 0x99, 0x99, 0x99, 0x99, 0x99, 0x99, 0x99, 0x99,
  0x99, 0x99, 0x99, 0x99, 0x99, 0x99, 0x99, 0x99, 0x99, 0xFD, 0xFF, 0x9B, 0x99, 0x99, 0x99, 0x99,
  0x99, 0xFD, 0xFF, 0x9B, 0x99, 0x99, 0x99, 0x99, 0x99, 0x99, 0x99, 0x99, 0x99, 0x99, 0x99, 0x01,
  0x00, 0xFC, 0xFF, 0x83, 0x00, 0x81, 0xC3, 0x01, 0x42, 0x80, 0x42, 0x81, 0x42, 0x81, 0x00, 0xA5,
  0xFF, 0x25, 0x00, 0x24, 0x00, 0x3C, 0x00, 0x00, 0x00, 0x00, 0x00, 0x00, 0x00, 0x40, 0x00, 0x42,
  0x81, 0x42, 0x81, 0x02, 0x81, 0xC0, 0x81, 0x43, 0x00, 0x42, 0x00, 0x02, 0x3C, 0x00, 0x24, 0x00,
  0x00, 0x00, 0x24, 0x00, 0xE7, 0x00, 0x81, 0x00, 0xA5, 0x00, 0x24, 0xE4, 0xE7, 0x27, 0x00, 0xA4,
  0x00, 0x81, 0x00, 0xFD, 0x24, 0x03, 0x3C, 0x00, 0x00, 0x00, 0x00, 0x00, 0x00, 0x24, 0x00, 0x24,
  0x00, 0xE4, 0xFF, 0x03, 0x00, 0x00, 0x00, 0x00, 0x00, 0xC0, 0xE7, 0x43, 0x24, 0x42, 0xA5, 0x02,
  0xA5, 0x00, 0x81, 0x00, 0x81, 0xC0, 0x81, 0x43, 0x00, 0x42, 0x81, 0x02, 0xFF, 0x00, 0x00, 0x00,
  0x81, 0x00, 0x81, 0xFC, 0x81, 0x03, 0x00, 0x00, 0x00, 0x00, 0x00, 0xE4, 0xE7, 0x27, 0x24, 0x24,
  0x24, 0x3C, 0x00, 0x00, 0x00, 0x00, 0xA5, 0x00, 0xA5, 0xC0, 0xA5, 0x43, 0x24, 0x42, 0xE7, 0x42,
  0x81, 0x42, 0xA5, 0x42, 0xA5, 0x02, 0x24, 0x00, 0x24, 0x00, 0x24, 0x00, 0x00, 0x00, 0x00, 0x80,
  0x00, 0x81, 0xFF, 0x01, 0x00, 0x00, 0x00, 0x00, 0x00, 0x00, 0x00, 0x00, 0x00, 0xFC, 0x00, 0x83,
  0x00, 0x81, 0x00, 0x0D, 0x00, 0x70, 0x00, 0x80, 0x03, 0x00, 0x1C, 0x00, 0xE0, 0x00, 0x00, 0x07,
  0x00, 0x38, 0x00, 0xC0, 0x01, 0x00, 0x0E, 0x00, 0x70, 0x00, 0x80, 0x03, 0x00, 0x1C, 0x00, 0xE0,
  0x00, 0x00, 0x07, 0x00, 0x38, 0x00, 0xC0, 0x01, 0x00, 0x0E, 0x00, 0x70, 0x00, 0x80, 0x03, 0x00,
  0x1C, 0x00, 0xE0, 0x00, 0x00, 0x07, 0x00, 0x38, 0x00, 0xC0, 0x01, 0x00, 0x0E, 0x00, 0x70, 0x00,
  0x80, 0x03, 0x00, 0x1C, 0x00, 0xE0, 0x00, 0x00, 0x07, 0x00, 0x38, 0x00, 0xC0, 0x01, 0x00, 0x0E,
  0x00, 0x70, 0x00, 0x80, 0x03, 0x00, 0x1C, 0x00, 0xE0, 0x00, 0x00, 0x07, 0x00, 0x38, 0x00, 0xC0,
  0x01, 0x00, 0x0E, 0x00, 0x70, 0x00, 0x80, 0x00, 0x00, 0x00, 0x00, 0x00, 0x00, 0x00, 0x00, 0x00,
  0x00, 0x00, 0x00, 0x00, 0x00, 0x00, 0x00, 0x80, 0x03, 0x70, 0x1C, 0x80, 0xE3, 0x00, 0x1C, 0x07,
  0xE0, 0x00, 0x00, 0x00, 0x00, 0x00, 0x00, 0x03, 0xC0, 0x99, 0x03, 0xCE, 0x1C, 0x70, 0xE6, 0x00,
  0x30, 0x00, 0x80, 0x01, 0x00, 0x0C, 0x00, 0x60, 0x00, 0x00, 0x03, 0x00, 0x18, 0x00, 0xC0, 0x00,
  0x00, 0x06, 0x00, 0x30, 0x00, 0x80, 0x01, 0x00, 0x0C, 0x00, 0x60, 0x00, 0x00, 0x03, 0x00, 0x18,
  0x00, 0xC0, 0x00, 0x00, 0x00, 0x00, 0x00, 0x00, 0x00, 0x00, 0x00, 0x00, 0x00, 0x00, 0x00, 0x00,
  0x00, 0x00, 0x18, 0x00, 0xC0, 0x00, 0x00, 0x06, 0x00, 0x00, 0x00, 0x00, 0x00, 0x00, 0x00, 0x00,
  0x00, 0x00, 0x00, 0x00, 0x00, 0x00, 0x00, 0x00, 0x00, 0x00, 0x00, 0x00, 0x00, 0x00, 0x80, 0x01,
  0x00, 0x0C, 0x00, 0x60, 0x00, 0x00, 0x03, 0x00, 0x3C, 0x00, 0xE0, 0x01, 0x00, 0x0F, 0x00, 0x78,
  0x00, 0xC0, 0x03, 0xF0, 0x01, 0xF0, 0x01, 0xF0, 0x01, 0xF0, 0x01, 0xF0, 0x01, 0xF0, 0x01, 0xF0,
  0x01, 0xFE, 0xC1, 0xFF, 0xC1, 0xFF, 0xC1, 0xFF, 0xC1, 0xFF, 0xC1, 0xFF, 0xC1, 0xFF, 0xC1, 0xFF,
  0xC1, 0x1F, 0xC0, 0x1F, 0xC0, 0x1F, 0xF0, 0x1F, 0xF0, 0x1F, 0xF0, 0x1F, 0xF0, 0x1F, 0xF0, 0x1F,
  0xF0, 0x1F, 0xF0, 0x07, 0xF0, 0x07, 0xF0, 0x07, 0xF0, 0x07, 0xF0, 0x07, 0xFF, 0x07, 0xFF, 0x07,
  0xFF, 0x01, 0xFF, 0x01, 0xFF, 0x01, 0xFF, 0x01, 0xFF, 0x01, 0xFF, 0x01, 0xFF, 0x01, 0xFF, 0x01,
  0xFF, 0x01, 0x7F, 0x00, 0x7F, 0x00, 0x7F, 0x00, 0x7F, 0x00, 0x1F, 0x00, 0x1F, 0x00, 0x1F, 0x00,
  0x1F, 0x00, 0x1F, 0x00, 0x1C, 0x00, 0x1C, 0x00, 0x1C, 0x1E, 0xFC, 0x1F, 0xFC, 0x1F, 0xFC, 0x1F,
  0xFC, 0x1F, 0xFC, 0x1F, 0xFC, 0x1F, 0xFC, 0x1F, 0xFC, 0x1F, 0xFC, 0x7F, 0xFC, 0x7F, 0xFC, 0x7F,
  0xFC, 0x7D, 0x00, 0x7C, 0x00, 0x7C, 0x00, 0x7C, 0x00, 0x7C, 0x00, 0x7C, 0x00, 0x7C, 0x00, 0x7C,
  0x00, 0xFC, 0x01, 0xFC, 0x01, 0xFC, 0x01, 0xF0, 0x01, 0xF0, 0x01, 0xF0, 0x01, 0xF0, 0x01, 0xF0,
  0x01, 0xF0, 0x01, 0xF0, 0x01, 0xF0, 0x01, 0xF0, 0x01, 0xF0, 0x01, 0xF0, 0x01, 0xF0, 0x01, 0xFE,
  0xF1, 0xFF, 0xF1, 0xFF, 0xF1, 0xFF, 0xFF, 0xFF, 0xFF, 0xFF, 0xFF, 0xFF, 0xFF, 0xFF, 0xFF, 0xFF,
  0xFF, 0x01, 0x70, 0x00, 0x70, 0x00, 0x70, 0x00, 0x70, 0x00, 0x70, 0x00, 0x70, 0x00, 0x70, 0x00,
  0x70, 0x00, 0x70, 0x00, 0x70, 0x00, 0x70, 0x00, 0x70, 0x00, 0x70, 0x06, 0xFF, 0x07, 0xFF, 0x07,
  0xFF, 0x07, 0xFF, 0x07, 0xFF, 0x07, 0xFF, 0x07, 0xFF, 0x07, 0xFF, 0x07, 0xFF, 0x07, 0xFF, 0x07,
  0xFF, 0x07, 0xFF, 0x07, 0xFF, 0x07, 0xFF, 0x01, 0x1F, 0x00, 0x1F, 0x00, 0x1F, 0x00, 0x1F, 0xC0,
  0x1F, 0xC0, 0x1F, 0xC0, 0x1F, 0xC0, 0x1F, 0xC0, 0x1F, 0xC0, 0x1F, 0xFC, 0x1F, 0xFC, 0x07, 0xFC,
  0x07, 0xFC, 0x07, 0xFC, 0x07, 0xFC, 0x07, 0x7C, 0x00, 0x7C, 0x00, 0x7C, 0x00, 0x7E, 0x00, 0x7F,
  0x00, 0x7F, 0x00, 0x7F, 0x00, 0x7F, 0x00, 0x7F, 0x00, 0x7F, 0x00, 0x7F, 0x00, 0x7F, 0x00, 0x7F,
  0x00, 0x1F, 0x00, 0x1F, 0x00, 0x1F, 0x00, 0x1F, 0x00, 0x1F, 0x00, 0x1F, 0x00, 0x1F, 0x00, 0xC1,
  0x00, 0x03, 0x00, 0x03, 0x0C, 0x30, 0xC0, 0x00, 0xC0, 0x00, 0x03, 0x0C, 0x30, 0xC0, 0x00, 0x00,
  0x00, 0x00, 0x0C, 0x30, 0xC0, 0x00, 0x03, 0x0C, 0x30, 0xC0, 0x00, 0x00, 0x00, 0x02, 0x0C, 0x30,
  0xC0, 0x00, 0x03, 0x04, 0x00, 0x00, 0x00, 0xC0, 0x00, 0xC3, 0x0C, 0x03, 0x0C, 0x00, 0x0C, 0x30,
  0xC0, 0x00, 0x03, 0x0C, 0x30, 0x03, 0x0C, 0x30, 0xC0, 0x00, 0x03, 0x0C, 0x00, 0x00, 0x00, 0x30,
  0xC0, 0x00, 0x03, 0x0C, 0x30, 0x00, 0x00, 0x00, 0x0C, 0x30, 0xCC, 0x30, 0xC0, 0x00, 0x03, 0x00,
  0x00, 0x0C, 0x30, 0xC0, 0x00, 0x00, 0x00, 0x00, 0x00, 0x30, 0xC0, 0xE0, 0x00, 0x0E, 0xE0, 0x00,
  0x0E, 0x00, 0x00, 0x04, 0x40, 0x00, 0x04, 0x00, 0x00, 0x02, 0xA0, 0x00, 0x08, 0xC0, 0x00, 0x04,
  0x40, 0x00, 0x00, 0x00, 0x00, 0x02, 0x20, 0x00, 0x00, 0x00, 0x00, 0x00, 0x00, 0x00, 0x08, 0x80,
  0x00, 0x08, 0xA0, 0x00, 0x0A, 0xA0, 0x00, 0x08, 0x00, 0x00, 0x00, 0x00, 0x00, 0x02, 0x20, 0x00,
  0x00, 0x00, 0x00, 0x00, 0x40, 0x00, 0x04, 0xC0, 0x00, 0x0C, 0x80, 0x00, 0x0A, 0x20, 0x00, 0x00,
  0x00, 0x00, 0x00, 0x00, 0x00, 0x06, 0x60, 0x00, 0x04, 0x00, 0x00, 0x00, 0x40, 0x00, 0x04, 0x20,
  0x00, 0x02, 0x00, 0x00, 0x00, 0x80, 0x00, 0x08, 0x80, 0x00, 0x00, 0x80, 0x00, 0x08, 0x00, 0x00,
  0x02, 0x60, 0x00, 0x06, 0x60, 0x00, 0x06, 0x00, 0x00, 0x00, 0x00, 0x00, 0x00, 0x00, 0x00, 0x08,
  0x80, 0x00, 0x08, 0xA0, 0x00, 0x02, 0x20, 0x00, 0x02, 0x00, 0x00, 0x00, 0x00, 0x00, 0x00, 0x00,
  0x00, 0x00, 0xE0, 0x00, 0x0E, 0xE0, 0x00, 0x02, 0x08, 0x20, 0x80, 0x00, 0x00, 0x00, 0x00, 0x20,
  0x80, 0x00, 0x02, 0x00, 0x00, 0x00, 0x00, 0x01, 0x04, 0x00, 0x80, 0x00, 0x02, 0x18, 0x40, 0x00,
  0x01, 0x0C, 0x30, 0x80, 0x00, 0x02, 0x08, 0x10, 0x40, 0x00, 0x01, 0x06, 0x08, 0x20, 0xC0, 0x00,
  0x01, 0x04, 0x10, 0x40, 0x00, 0x01, 0x0C, 0x20, 0x80, 0x00, 0x02, 0x08, 0x60, 0x00, 0x01, 0x04,
  0x10, 0x00, 0x00, 0x00, 0x00, 0x00, 0x00, 0x00, 0x04, 0x10, 0x40, 0x00, 0x01, 0x04, 0x10, 0x00,
  0x00, 0x00, 0x00, 0x00, 0x00, 0x00, 0x00, 0x00, 0x40, 0x00, 0x01, 0x04, 0x10, 0x40, 0x00, 0x01,
  0x00, 0x00, 0x00, 0x00, 0x00, 0x00, 0x00, 0x00, 0x01, 0x04, 0x10, 0x40, 0x00, 0x01, 0xE0, 0x01,
  0x1E, 0xE0, 0x01, 0x1E, 0xE0, 0x01, 0x1E, 0x00, 0x00, 0x00, 0x00, 0x00, 0x1E, 0xE0, 0x01, 0x1E,
  0xE0, 0x01, 0x1E, 0xE0, 0x01, 0x00, 0x00, 0x00, 0x00, 0x78, 0x80, 0x07, 0x78, 0x80, 0x07, 0x78,
  0x80, 0x07, 0x00, 0x00, 0x00, 0x00, 0x60, 0x00, 0x06, 0x60, 0x00, 0x66, 0x60, 0x06, 0x66, 0x00,
  0x06, 0x60, 0x00, 0x86, 0x01, 0x18, 0x80, 0x01, 0x98, 0x81, 0x19, 0x98, 0x01, 0x18, 0x80, 0x01,
  0x18, 0x80, 0x01, 0x00, 0x00, 0x00, 0x00, 0x78, 0x80, 0x07, 0x78, 0x80, 0x07, 0x78, 0x80, 0x07,
  0x78, 0x80, 0x07, 0x78, 0x80, 0x07, 0x78, 0x80, 0x07, 0x1E, 0xE0, 0x01, 0x1E, 0xE0, 0x01, 0x1E,
  0xE0, 0x01, 0x00, 0x60, 0x80, 0x07, 0x78, 0x80, 0x07, 0x78, 0x80, 0x07, 0x18, 0x00, 0x00, 0x00,
  0x00, 0x06, 0x66, 0x60, 0x06, 0x66, 0x60, 0x06, 0x66, 0x60, 0x18, 0x80, 0x61, 0x18, 0x86, 0x61,
  0x18, 0x86, 0x61, 0x00, 0x66, 0x80, 0x07, 0x78, 0x80, 0x07, 0x78, 0x80, 0x07, 0x18, 0x00, 0x00,
  0x80, 0x81, 0x19, 0x98, 0x81, 0x19, 0x98, 0x81, 0x19, 0x18, 0x00, 0x00, 0x00, 0x00, 0x66, 0x60,
  0x06, 0x66, 0x60, 0x06, 0x66, 0x60, 0x06, 0x00, 0x00, 0x00, 0x00, 0xE0, 0x01, 0x1E, 0xE0, 0x01,
  0x1E, 0xE0, 0x01, 0x1E, 0x00, 0x18, 0x60, 0x80, 0xF9, 0xDF, 0x00, 0x03, 0x0C, 0x30, 0xC0, 0x00,
  0x03, 0x00, 0x00, 0x02, 0x18, 0x40, 0x8C, 0x31, 0x02, 0x18, 0x43, 0x0C, 0xF8, 0x1F, 0x18, 0x60,
  0x80, 0x01, 0x06, 0x00, 0x00, 0xC0, 0x00, 0x03, 0x0C, 0x31, 0x06, 0x08, 0x63, 0x00, 0x01, 0x06,
  0x08, 0x60, 0x0C, 0x31, 0x06, 0x08, 0x00, 0x0C, 0x30, 0xFE, 0x1F, 0x60, 0x00, 0x00, 0x06, 0x18,
  0x00, 0x80, 0x01, 0x06, 0xF8, 0x1F, 0x06, 0x18, 0x00, 0x00, 0x00, 0x06, 0x18, 0x00, 0x08, 0x60,
  0x00, 0x19, 0x66, 0x88, 0x01, 0x86, 0xFF, 0x03, 0x0C, 0x10, 0x00, 0x80, 0x01, 0x06, 0x18, 0x60,
  0x00, 0x10, 0x60, 0x80, 0x60, 0x86, 0x11, 0x66, 0x98, 0x00, 0x06, 0x10, 0x63, 0x80, 0x18, 0x60,
  0x80, 0xC1, 0x00, 0x0C, 0x80, 0x01, 0x0C, 0x80, 0x01, 0x18, 0x00, 0x03, 0x30, 0x00, 0x06, 0xC0,
  0x00, 0x06, 0xC0, 0x00, 0x0C, 0x80, 0x01, 0x30, 0x00, 0x0E, 0x40, 0x00, 0x06, 0xE0, 0x00, 0x1C,
  0x00, 0x03, 0x18, 0x80, 0x00, 0x0C, 0x40, 0x00, 0x0E, 0xC0, 0x01, 0x18, 0x00, 0x03, 0x60, 0x00,
  0x0C, 0xC0, 0x00, 0x18, 0x00, 0x03, 0x60, 0x00, 0x06, 0x30, 0x80, 0x01, 0x30, 0x00, 0x06, 0x30,
  0x00, 0x06, 0x30, 0x80, 0x01, 0x0C, 0x60, 0x00, 0x03, 0x60, 0x00, 0x03, 0x30, 0x80, 0x01, 0x08,
  0xC0, 0x00, 0x04, 0x60, 0x00, 0x03, 0x18, 0xC0, 0x00, 0x0C, 0x80, 0x01, 0x0C, 0x60, 0x00, 0x03,
  0x18, 0x00, 0x03, 0x18, 0x00, 0x03, 0x60, 0x00, 0x0C, 0x80, 0xF9, 0xFF, 0x87, 0xC0, 0x81, 0xC0,
  0x81, 0xC0, 0x81, 0xC0, 0x81, 0x00, 0x80, 0x00, 0x00, 0x08, 0x00, 0x08, 0x18, 0x18, 0x18, 0x18,
  0x1C, 0x18, 0x1C, 0x1C, 0x1C, 0x1E, 0x3C, 0x1F, 0xB8, 0x0F, 0xF8, 0x0F, 0xF0, 0x07, 0xE0, 0x03,
  0xC0, 0x03, 0xC0, 0x03, 0xC0, 0x03, 0x80, 0x01, 0x80, 0x01, 0xC0, 0x00, 0xE0, 0x00, 0xF0, 0x00,
  0xF0, 0x00, 0x78, 0x00, 0x78, 0x00, 0x78, 0x00, 0x3C, 0x00, 0x1E, 0x00, 0x1F, 0x00, 0x0F, 0x80,
  0x0F, 0xC0, 0x07, 0xE0, 0x07, 0xE0, 0x03, 0xF0, 0x03, 0xF0, 0x01, 0xF8, 0x01, 0xFC, 0x00, 0x7C,
  0x00, 0x7E, 0x00, 0x3E, 0x00, 0x1E, 0x00, 0x1E, 0x00, 0x1E, 0x00, 0x0E, 0x00, 0x06, 0x80, 0x06,
  0x80, 0x00, 0xC0, 0x00, 0xC0, 0x00, 0x60, 0x00, 0x60, 0x00, 0x30, 0x00, 0x30, 0x00, 0x18, 0x00,
  0x18, 0x00, 0x08, 0x00, 0x0C, 0x00, 0x04, 0x00, 0x06, 0x00, 0x06, 0x00, 0x02, 0x00, 0x02, 0x18,
  0x80, 0x19, 0xE0, 0x39, 0xF0, 0x39, 0xF0, 0x71, 0xF8, 0xE0, 0xFD, 0xE0, 0x3F, 0xC0, 0x1F, 0x80,
  0x1F, 0x00, 0x1F, 0x00, 0x0E, 0x00, 0x06, 0x00, 0x07, 0x00, 0x07, 0x80, 0x07, 0x80, 0x03, 0xC0,
  0x03, 0xC0, 0x01, 0xC0, 0x01, 0xC0, 0x00, 0xC0, 0x00, 0x1C, 0x00, 0x1C, 0x00, 0x1C, 0x00, 0x1C,
  0x00, 0x1C, 0x00, 0x00, 0x80, 0x01, 0x80, 0x01, 0xC0, 0x01, 0xE0, 0x01, 0xE0, 0x00, 0x60, 0x00,
  0x60, 0x00, 0x00, 0x00, 0x00, 0x00, 0x00, 0x00, 0x00, 0x00, 0x00, 0x00, 0x00, 0x00, 0x70, 0x00,
  0x70, 0x00, 0x70, 0x00, 0x00, 0x00, 0x00, 0x00, 0x00, 0x00, 0x00, 0x00, 0x00, 0x00, 0x00, 0x00,
  0xE0, 0x00, 0xE0, 0x03, 0x80, 0x0F, 0x00, 0x0E, 0x00, 0x0C, 0x00, 0x00, 0x00, 0x00, 0x00, 0x00,
  0x00, 0x00, 0x00, 0x00, 0x00, 0x00, 0x00, 0x00, 0x80, 0x07, 0x80, 0x0F, 0x00, 0x1F, 0x00, 0x1F,
  0x00, 0x1E, 0x00, 0x1C, 0x00, 0x1C, 0x00, 0x00, 0x00, 0x00, 0x00, 0x7F, 0x00, 0x7F, 0x00, 0x00,
  0x00, 0x3E, 0x00, 0x3E, 0x00, 0x00, 0x00, 0x1C, 0x00, 0x1C, 0x00, 0x1C, 0x00, 0x00, 0x00, 0x08,
  0x00, 0x08, 0x00, 0x08, 0x10, 0xA4, 0x00, 0x81, 0x00, 0x08, 0x00, 0x42, 0x42, 0x44, 0x10, 0x00,
  0x00, 0x00, 0x00, 0x00, 0x08, 0x28, 0x02, 0x40, 0x00, 0xA0, 0x04, 0x02, 0x00, 0x00, 0x20, 0x12,
  0x10, 0x00, 0x00, 0x01, 0x84, 0x00, 0x00, 0x00, 0x82, 0x40, 0x00, 0x00, 0x00, 0x44, 0x08, 0x04,
  0x10, 0x40, 0x80, 0x00, 0x02, 0x22, 0x82, 0x20, 0x00, 0x20, 0x00, 0x04, 0x01, 0x68, 0x02, 0x87,
  0x13, 0x10, 0x14, 0xC0, 0x88, 0x18, 0xD2, 0x90, 0x00, 0x82, 0x00, 0x12, 0x18, 0x18, 0x80, 0x81,
  0x00, 0x08, 0x06, 0x18, 0x10, 0x40, 0x00, 0x10, 0x00, 0x80, 0x18, 0x00, 0xE6, 0x00, 0x30, 0x03,
  0x80, 0x0D, 0x00, 0x64, 0x00, 0x28, 0x00, 0x00, 0x06, 0x00, 0x00, 0x01, 0x40, 0x0C, 0x10, 0x08,
  0x02, 0x61, 0x18, 0x1C, 0xC1, 0x20, 0x00, 0x00, 0x02, 0x20, 0x80, 0x00, 0x01, 0x00, 0x00, 0x00,
  0x0C, 0x00, 0x60, 0x00, 0x0C, 0x01, 0x30, 0x24, 0x80, 0x00, 0x06, 0x00, 0x30, 0x40, 0xC0, 0x03,
  0xD6, 0x01, 0x30, 0x03, 0x40, 0x00, 0x00, 0x02, 0x00, 0x00, 0x00, 0x00, 0x80, 0x00, 0xEC, 0x00,
  0x40, 0x01, 0x00, 0x8C, 0x01, 0x00, 0x08, 0x00, 0xC0, 0x00, 0x00, 0x18, 0x68, 0x40, 0x80, 0x11,
  0x00, 0x07, 0x00, 0x38, 0x00, 0x00, 0x00, 0x00, 0x00, 0x30, 0x00, 0x80, 0x00, 0xF8, 0x04, 0x80,
  0x03, 0x00, 0x02, 0x00, 0x00, 0x00, 0x20, 0x00, 0x80, 0x21, 0x02, 0x00, 0x19, 0x00, 0xF0, 0x00,
  0x00, 0x00, 0x00, 0x00, 0x80, 0x00, 0x00, 0x02, 0x00, 0x10, 0x00, 0x00, 0x80, 0x00, 0x00, 0x0E,
  0x00, 0x2C, 0x80, 0xC1, 0x02, 0x86, 0x84, 0x14, 0xE3, 0x11, 0x04, 0xA2, 0x01, 0x10, 0x00, 0x44,
  0x01, 0x80, 0x00, 0x01, 0x00, 0x16, 0x08, 0x00, 0x20, 0x80, 0x03, 0x01, 0x02, 0x0D, 0x1C, 0x18,
  0x00, 0x00, 0x20, 0x20, 0x90, 0x80, 0x20, 0x02, 0xC0, 0x00, 0x02, 0x00, 0x04, 0x10, 0x10, 0x40,
  0x40, 0x00, 0x00, 0x08, 0x01, 0x20, 0x03, 0x42, 0x09, 0x20, 0x01, 0x74, 0x08, 0x08, 0x00, 0x72,
  0x00, 0x24, 0x21, 0xB0, 0xA4, 0x20, 0x07, 0x00, 0x00, 0x00, 0x00, 0x00, 0x00, 0x00, 0x02, 0x03,
  0x20, 0x10, 0x00, 0x00, 0x10, 0x01, 0x00, 0x84, 0x00, 0x00, 0x18, 0x83, 0x32, 0x32, 0x07, 0x8C,
  0x18, 0x10, 0x43, 0x80, 0x08, 0x20, 0x00, 0xC0, 0x00, 0x00, 0x00, 0x02, 0x00, 0x00, 0x02, 0x00,
  0x00, 0x00, 0x00, 0x40, 0x06, 0x02, 0x40, 0x80, 0x02, 0x00, 0x80, 0x80, 0x01, 0x18, 0x10, 0x22,
  0x20, 0x30, 0x32, 0xA0, 0x20, 0x10, 0x80, 0x02, 0x00, 0x10, 0x0B, 0x04, 0x10, 0x09, 0x04, 0x00,
  0x00, 0x00, 0x00, 0x40, 0x00, 0x00, 0x46, 0x00, 0x00, 0x00, 0x0C, 0xC0, 0x60, 0x03, 0x00, 0x10,
  0x00, 0x00, 0x10, 0x04, 0x20, 0x00, 0x04, 0xE0, 0x08, 0x00, 0x00, 0x08, 0x00, 0x00, 0x00, 0x03,
  0x00, 0x00, 0x04, 0x00, 0x02, 0x04, 0x00, 0x02, 0x10, 0x80, 0x01, 0x10, 0x00, 0x00, 0x00, 0x00,
  0x00, 0x00, 0x00, 0x00, 0x20, 0x18, 0x00, 0x20, 0x00, 0x00, 0xC0, 0x80, 0x00, 0x00, 0xC3, 0x00,
  0x00, 0x40, 0x00, 0x00, 0x00, 0x00, 0x00, 0xC0, 0xFF, 0xFF, 0xFF, 0x00, 0x00, 0x60, 0x00, 0x00,
  0x70, 0x00, 0x00, 0x30, 0x00, 0x18, 0x30, 0x00, 0x38, 0x1C, 0x00, 0x3C, 0x1C, 0x70, 0x1C, 0x08,
  0xF8, 0x04, 0x03, 0x78, 0x00, 0x03, 0x30, 0x80, 0x01, 0x00, 0xC0, 0x01, 0x00, 0xF0, 0x81, 0x03,
  0xF0, 0x80, 0x07, 0xF0, 0xC0, 0x03, 0x00, 0xC0, 0x03, 0x00, 0xC0, 0x01, 0x00, 0x00, 0x00, 0x00,
  0x00, 0x00, 0x00, 0x00, 0x00, 0x00, 0xC0, 0x00, 0x18, 0xC2, 0x01, 0x18, 0x87, 0x03, 0x08, 0x87,
  0x03, 0x9C, 0x01, 0xC7, 0x9F, 0x01, 0xC6, 0x8F, 0x13, 0x8E, 0x01, 0x33, 0x00, 0x00, 0x30, 0x00,
  0x00, 0x00, 0x00, 0x00, 0x04, 0x00, 0x00, 0x04, 0x20, 0x00, 0x14, 0x60, 0x00, 0x1C, 0x70, 0x00,
  0x18, 0xF8, 0x00, 0x0C, 0xF8, 0x00, 0x04, 0xC0, 0x01, 0x00, 0x00, 0x11, 0xC0, 0x03, 0x38, 0xC0,
  0x43, 0x38, 0xE0, 0x61, 0x20, 0x60, 0x71, 0x00, 0x00, 0x30, 0x00, 0x00, 0x00, 0x10, 0x00, 0x00,
  0x1E, 0x00, 0x00, 0x1E, 0x00, 0x08, 0x74, 0x00, 0x78, 0xE0, 0x01, 0x70, 0xE0, 0x01, 0xE0, 0x80,
  0x01, 0x20, 0x00, 0x00, 0x00, 0x00, 0x00, 0x00, 0x00, 0x01, 0x00, 0x00, 0x03, 0x00, 0x00, 0x03,
  0x00, 0x80, 0xC7, 0xFF, 0xFF, 0xFF, 0x3F, 0x00, 0x00, 0x0E, 0xC0, 0xE0, 0x30, 0x00, 0x00, 0x00,
  0x1C, 0x00, 0x00, 0xE0, 0xC1, 0x00, 0x20, 0x1C, 0x00, 0x00, 0x00, 0x00, 0x00, 0x00, 0x00, 0x0F,
  0x1C, 0xC0, 0x01, 0x00, 0xC0, 0x00, 0x30, 0x00, 0x00, 0xC0, 0x41, 0x00, 0x38, 0x70, 0x00, 0x00,
  0x00, 0x3E, 0x00, 0x00, 0x00, 0x00, 0x00, 0x00, 0xCE, 0x03, 0x00, 0x00, 0x00, 0x00, 0x07, 0x00,
  0xC0, 0xFF, 0x3F, 0x18, 0xE0, 0x00, 0x03, 0x04, 0x10, 0xC0, 0x01, 0x03, 0x50, 0x20, 0x00, 0x04,
  0x00, 0x40, 0x80, 0x00, 0x02, 0x0C, 0x00, 0x80, 0x02, 0x08, 0x3C, 0x80, 0x00, 0x00, 0x0C, 0x00,
  0x40, 0x00, 0x00, 0x0C, 0x40, 0x00, 0x00, 0x04, 0x00, 0x40, 0x01, 0x00, 0x1C, 0x00, 0x18, 0x01,
  0x80, 0x10, 0xA0, 0x0F, 0x01, 0x92, 0x3C, 0x20, 0x81, 0x00, 0x16, 0x08, 0xC0, 0x81, 0x02, 0x00,
  0x38, 0x00, 0x80, 0x02, 0x80, 0x20, 0x00, 0x18, 0x00, 0x00, 0x01, 0x00, 0x30, 0x00, 0x00, 0x02,
  0x00, 0x20, 0x00, 0x00, 0x02, 0x00, 0x3C, 0x00, 0x00, 0x01, 0x00, 0xF0, 0x00, 0x00, 0x38, 0x00,
  0x00, 0x01, 0x00, 0x1E, 0x00, 0x40, 0x00, 0x00, 0x04, 0x00, 0x40, 0x3C, 0x00, 0x80, 0x02, 0x00,
  0xC8, 0x00, 0x80, 0x0B, 0x00, 0x00, 0x00, 0x00, 0x20, 0x00, 0x00, 0x1B, 0x00, 0xA0, 0x00, 0x00,
  0x0E, 0x00, 0x40, 0x28, 0x00, 0x84, 0x03, 0x00, 0x2C, 0x00, 0x00, 0x02, 0x00, 0x30, 0x00, 0x00,
  0x00, 0x00, 0x00, 0x00, 0x08, 0x00, 0x80, 0x00, 0x00, 0x1F, 0x00, 0x80, 0x00, 0x00, 0x00, 0x00,
  0x00, 0x00, 0x00, 0x00, 0x00, 0xFC, 0xFF, 0x3F, 0x40, 0x00, 0x0F, 0x3C, 0x80, 0x00, 0x00, 0x00,
  0x00, 0xC0, 0x00, 0x02, 0x58, 0x60, 0x01, 0x07, 0x1C, 0x50, 0x00, 0x00, 0x00, 0x00, 0x00, 0x02,
  0x28, 0xA0, 0xC0, 0x06, 0x1B, 0xEC, 0x10, 0x00, 0x00, 0x00, 0x87, 0x18, 0x46, 0x78, 0x01, 0x0C,
  0x30, 0x80, 0x00, 0x00, 0x00, 0x00, 0x00, 0x00, 0x00, 0x06, 0x79, 0x86, 0x1D, 0x0C, 0x00, 0x00,
  0x00, 0x0C, 0x18, 0x20, 0x80, 0x00, 0x02, 0x00, 0x00, 0x00, 0x18, 0x60, 0x00, 0x03, 0x0C, 0x20,
  0x00, 0x00, 0x00, 0x00, 0x60, 0xE0, 0x71, 0x00, 0x38, 0x00, 0x1C, 0x00, 0x00, 0xE0, 0x00, 0x70,
  0x00, 0x38, 0x70, 0x00, 0x38, 0x00, 0x1C, 0x00, 0x00, 0x00, 0x00, 0x00, 0x00, 0xC0, 0x01, 0xE0,
  0x00, 0x70, 0x00, 0x00, 0x00, 0x00, 0x00, 0x00, 0x00, 0x38, 0x00, 0x1C, 0x00, 0x0E, 0x00, 0x38,
  0x00, 0x1C, 0x00, 0x8E, 0x03, 0xC0, 0x01, 0xE0, 0x00, 0x00, 0x00, 0x00, 0x00, 0x00, 0x00, 0x0E,
  0x00, 0x07, 0x80, 0x03, 0x00, 0x00, 0x00, 0x00, 0x00, 0x00, 0x38, 0x00, 0x1C, 0x00, 0x0E, 0x00,
  0x00, 0x00, 0x00, 0x00, 0x00, 0xE0, 0x00, 0x70, 0x00, 0x38, 0x00, 0x00, 0x00, 0x00, 0x00, 0x00,
  0x00, 0x1C, 0x00, 0x0E, 0x00, 0x07, 0x00, 0x00, 0x00, 0x00, 0x00, 0x00, 0x0E, 0x00, 0x07, 0x80,
  0x03, 0x00, 0x00, 0x00, 0x00, 0x00, 0x00, 0x00, 0x70, 0x00, 0x38, 0x00, 0x1C, 0xC0, 0x01, 0xE0,
  0x00, 0x70, 0x00, 0x00, 0x00, 0x00, 0x00, 0x00, 0x00, 0x07, 0x80, 0x03, 0xC0, 0x81, 0x03, 0xC0,
  0x01, 0xE0, 0x00, 0x0E, 0x00, 0x07, 0x80, 0x03, 0x00, 0x00, 0x00, 0x00, 0x00, 0x00, 0x00, 0x80,
  0x03, 0xC0, 0x01, 0xE0, 0x01, 0x60, 0x00, 0x01, 0x40, 0x00, 0x03, 0x60, 0x00, 0x07, 0x60, 0x00,
  0x07, 0x60, 0x00, 0x0F, 0xF0, 0x00, 0x07, 0xF0, 0x00, 0x0F, 0xF0, 0x00, 0x0F, 0xF0, 0x00, 0x06,
  0xF0, 0x00, 0x30, 0x60, 0x00, 0x70, 0x02, 0x00, 0xF0, 0x06, 0x00, 0xE0, 0x06, 0x00, 0xF0, 0x06,
  0x00, 0x60, 0x0F, 0x00, 0x00, 0x06, 0x00, 0x00, 0x07, 0x00, 0x00, 0x07, 0x00, 0x00, 0x07, 0x00,
  0x00, 0x03, 0x00, 0x00, 0x06, 0x00, 0x00, 0x0F, 0x00, 0x00, 0x0C, 0x00, 0x00, 0x0E, 0x00, 0x00,
  0x0F, 0x00, 0x00, 0x0F, 0x00, 0x00, 0x0B, 0x00, 0x00, 0x02, 0x00, 0x00, 0x02, 0x00, 0x00, 0x02,
  0x00, 0x00, 0x00, 0x00, 0x40, 0x00, 0x00, 0xD0, 0x00, 0x00, 0xF0, 0x00, 0x00, 0xF0, 0x00, 0x00,
  0xF0, 0x00, 0x00, 0x70, 0x00, 0x00, 0xF0, 0x00, 0x00, 0xF0, 0x00, 0x00, 0xF0, 0x00, 0x00, 0xF0,
  0x00, 0x00, 0xD0, 0x00, 0x00, 0x10, 0x00, 0x00, 0x10, 0x04, 0x00, 0x10, 0x06, 0x00, 0x00, 0x0E,
  0x00, 0x00, 0x0E, 0x00, 0x00, 0x0E, 0x00, 0x00, 0x0E, 0x00, 0x00, 0x0E, 0x00, 0x00, 0x06, 0x00,
  0x00, 0x04, 0x00, 0x00, 0x00, 0x00, 0x00, 0x00, 0x00, 0x40, 0x00, 0x00, 0x60, 0x00, 0x00, 0xF0,
  0x00, 0x00, 0xF0, 0x00, 0x00, 0xE0, 0x00, 0x00, 0x60, 0x00, 0x00, 0x70, 0x00, 0x00, 0xF0, 0x00,
  0x00, 0xF0, 0x00, 0x00, 0x70, 0x00, 0x00, 0x20, 0x00, 0x00, 0x00, 0x04, 0x00, 0x00, 0x0C, 0x00,
  0x00, 0x0E, 0x00, 0x00, 0x0E, 0x00, 0x00, 0x0E, 0x00, 0x00, 0x07, 0x00, 0x00, 0x07, 0x00, 0x00,
  0x03, 0x00, 0x00, 0x01, 0x00, 0x00, 0x00, 0x00, 0x20, 0x00, 0x00, 0x70, 0x00, 0x00, 0x70, 0x00,
  0x00, 0x70, 0x00, 0x00, 0x70, 0x00, 0x00, 0x70, 0x00, 0x00, 0xF0, 0x00, 0x00, 0xD0, 0x00, 0x00,
  0x10, 0x00, 0x00, 0x10, 0x00, 0x00, 0x00, 0x00, 0x00, 0x00, 0x00, 0x00, 0x00, 0x0C, 0x00, 0x00,
  0x0E, 0x00, 0x00, 0x0F, 0x00, 0x00, 0x0F, 0x00, 0x00, 0x07, 0x00, 0x00, 0x0F, 0x00, 0x00, 0x0F,
  0x00, 0x00, 0x07, 0x00, 0x00, 0x02, 0x00, 0x66, 0x66, 0x66, 0x66, 0x66, 0x66, 0x00, 0x00, 0x44,
  0x44, 0x44, 0x00, 0x00, 0x44, 0x44, 0x00, 0x00, 0x00, 0x00, 0x22, 0x22, 0x66, 0x44, 0x44, 0x66,
  0x22, 0x66, 0x44, 0x00, 0x00, 0x00, 0x66, 0x66, 0x00, 0x00, 0x66, 0x00, 0x00, 0x00, 0x22, 0x22,
  0x22, 0x22, 0x00, 0x00, 0x22, 0x66, 0x66, 0x66, 0x22, 0x00, 0x00, 0x00, 0x00, 0x00, 0x22, 0x00,
  0x00, 0x00, 0x00, 0x00, 0x66, 0x66, 0x66, 0x66, 0x66, 0x66, 0x66, 0x66, 0x00, 0x00, 0x00, 0x00,
  0x00, 0x00, 0xFF, 0xFF, 0x11, 0x21, 0xC2, 0x0C, 0x31, 0x62, 0x84, 0x0C, 0x09, 0x19, 0x12, 0x0C,
  0x18, 0x20, 0x40, 0x40, 0x88, 0x90, 0x21, 0x41, 0x82, 0x04, 0x01, 0x83, 0x02, 0x05, 0x0A, 0x16,
  0x04, 0x08, 0x30, 0x40, 0x80, 0x11, 0x32, 0x24, 0x4C, 0x88, 0x31, 0x42, 0x84, 0x08, 0x11, 0x66,
  0x88, 0x10, 0x21, 0x03, 0x02, 0x04, 0x08, 0x10, 0x30, 0x20, 0x50, 0xA0, 0x40, 0xC0, 0x80, 0x80,
  0x01, 0x01, 0x02, 0x06, 0x04, 0x08, 0x09, 0x12, 0x36, 0x24, 0x4C, 0x8C, 0x88, 0x11, 0x61, 0x82,
  0x06, 0x05, 0x08, 0x10, 0x20, 0x40, 0x00, 0x00, 0x80, 0x00, 0x01, 0x02, 0x04, 0x08, 0x34, 0x48,
  0x90, 0x21, 0x42, 0x8C, 0x11, 0x62, 0x84, 0x19, 0x26, 0xCC, 0x30, 0x41, 0x82, 0x04, 0x09, 0xFF,
  0x83, 0x03, 0x0E, 0x38, 0x00, 0x00, 0x80, 0x01, 0x06, 0x18, 0x60, 0x80, 0x01, 0x00, 0x00, 0x00,
  0x03, 0x0C, 0x30, 0xC0, 0x00, 0x00, 0x00, 0x00, 0x70, 0xC0, 0x01, 0x47, 0xDC, 0x01, 0x07, 0x1C,
  0x30, 0x00, 0x00, 0x00, 0x00, 0x00, 0x00, 0xC0, 0x00, 0x03, 0x0C, 0x30, 0xC6, 0x18, 0x63, 0x8C,
  0x01, 0x06, 0x00, 0x00, 0x30, 0xC0, 0x00, 0x03, 0x0C, 0x00, 0x00, 0x78, 0xE0, 0x81, 0x07, 0x1E,
  0x78, 0x00, 0x00, 0x00, 0x00, 0x00, 0x00, 0x06, 0x18, 0x60, 0x80, 0x01, 0xC6, 0x00, 0x33, 0xCC,
  0x30, 0xC3, 0x00, 0x00, 0x8D, 0x37, 0x1E, 0x78, 0xE3, 0x8D, 0x33, 0x00, 0x00, 0x00, 0x00, 0x00,
  0x03, 0x0C, 0x30, 0x00, 0x00, 0x30, 0xC0, 0x00, 0x03, 0x0C, 0x30, 0x18, 0x30, 0x70, 0x3C, 0x78,
  0xF8, 0x7E, 0xFC, 0xFC, 0xFF, 0xFE, 0xFF, 0xFF, 0xFF, 0xFF, 0xFF, 0xFF, 0xFF, 0xE7, 0xCF, 0xFF,
  0xC3, 0x87, 0xFF, 0x81, 0x03, 0xFF, 0x00, 0x01, 0x7E, 0x00, 0x00, 0x3C, 0x00, 0x00, 0x18, 0x00,
  0x00, 0x00, 0x00, 0x00, 0x00, 0x00, 0x00, 0x00, 0x04, 0x00, 0x00, 0x8E, 0x00, 0x00, 0xDF, 0x81,
  0x80, 0xFF, 0xC3, 0xC1, 0xFF, 0xE7, 0xE3, 0xFF, 0xFF, 0xF7, 0xFF, 0xFF, 0xFF, 0xFF, 0xFD, 0xFF,
  0xFB, 0xF8, 0xFE, 0x71, 0x70, 0xFC, 0x20, 0x20, 0x78, 0x00, 0x00, 0x20, 0x00, 0x00, 0x00, 0x00,
  0x00, 0x00, 0x00, 0x00, 0x00, 0x00, 0x00, 0x00, 0x00, 0x00, 0x00, 0x00, 0x80, 0x00, 0x00, 0xC0,
  0x81, 0x80, 0xE0, 0xC3, 0xC1, 0xF1, 0xE7, 0xE3, 0xFB, 0xFF, 0xF7, 0xFF, 0xFF, 0xFF, 0x7F, 0xFF,
  0xFF, 0x3F, 0xFE, 0xF7, 0x1F, 0xFC, 0xE3, 0x0F, 0xF8, 0xC1, 0x07, 0xE0, 0x80, 0x03, 0x40, 0x00,
  0x01, 0x00, 0x00, 0x00, 0x00, 0x00, 0x00, 0x00, 0x00, 0x00, 0x00, 0x00, 0x80, 0x00, 0x00, 0xC0,
  0x01, 0x00, 0xE0, 0x03, 0x00, 0xF0, 0x07, 0x00, 0xF8, 0x1F, 0x00, 0xFC, 0x3F, 0x08, 0xFE, 0x7F,
  0x1C, 0xDF, 0xFF, 0xBE, 0x8F, 0xFF, 0xFF, 0x07, 0xBF, 0xFF, 0x03, 0x1E, 0xDF, 0x01, 0x0C, 0x8E,
  0x00, 0x08, 0x04, 0x00, 0x00, 0x00, 0x00, 0x00, 0x00, 0x00, 0x00, 0x00, 0x00, 0x80, 0x00, 0x00,
  0xC0, 0x01, 0x00, 0xE0, 0x03, 0x00, 0xF0, 0x07, 0x00, 0xF0, 0x0F, 0x00, 0xF8, 0x1F, 0x00, 0xDC,
  0x3F, 0x08, 0x8E, 0x7F, 0x1C, 0x0F, 0xFF, 0xBE, 0x07, 0xEE, 0xFF, 0x03, 0xC4, 0xFF, 0x01, 0x80,
  0xFB, 0x00, 0x00, 0x71, 0x00, 0x00, 0x20, 0x00, 0x00, 0x00, 0x00, 0x00, 0x00, 0x00, 0x04, 0x00,
  0x00, 0x0E, 0x00, 0x02, 0x1F, 0x02, 0x87, 0x3F, 0x87, 0xDF, 0xFD, 0xCF, 0xFF, 0xF8, 0xFF, 0x7B,
  0xF0, 0xFF, 0x21, 0xE0, 0xFE, 0x00, 0x40, 0x7C, 0x00, 0x00, 0x38, 0x00, 0x00, 0x10, 0x00, 0x00,
  0x00, 0x00, 0x04, 0x00, 0x00, 0x0E, 0x00, 0x00, 0x1F, 0x00, 0x80, 0x3F, 0x80, 0xC0, 0x7F, 0xC0,
  0xE1, 0xFF, 0xE0, 0xF3, 0xFF, 0xF1, 0xF7, 0xFF, 0xFB, 0xFF, 0xFF, 0xFF, 0x7F, 0xFF, 0xFF, 0x3F,
  0xFE, 0xEF, 0x1F, 0xFC, 0xC7, 0x0F, 0xF8, 0x83, 0x0F, 0xF0, 0x01, 0x07, 0xE0, 0x00, 0x02, 0x40,
  0x00, 0x00, 0x00, 0x00, 0x00, 0x00, 0x00, 0x00, 0x00, 0x00, 0x00, 0x00, 0x00, 0x00, 0x00, 0x00,
  0xF0, 0xFF, 0xFF, 0xFF, 0xFF, 0xFF, 0xFF, 0x1F, 0x00, 0x00, 0x00, 0xC0, 0xFF, 0xFF, 0xFF, 0xFF,
  0xFF, 0xFF, 0xFF, 0xFF, 0xFF, 0xFF, 0xFF, 0xFF, 0xFF, 0xFF, 0x7F, 0x00, 0x00, 0x00, 0x00, 0x00,
  0xF8, 0xFF, 0xFF, 0xFF, 0xFF, 0xFF, 0xFF, 0xFF, 0xFF, 0xFF, 0xFF, 0xFF, 0x3F, 0x00, 0x00, 0x00,
  0x80, 0xFF, 0xFF, 0xFF, 0xFF, 0xFF, 0xFF, 0x3F, 0x00, 0xFE, 0xFF, 0xFF, 0xFF, 0xFF, 0xFF, 0xFF,
  0xFF, 0x07, 0x00, 0x00, 0xFE, 0xFF, 0xFF, 0xFF, 0xFF, 0xFF, 0xFF, 0xFF, 0xFF, 0x3F, 0x00, 0x00,
  0x00, 0x00, 0x00, 0x00, 0x00, 0x00, 0x00, 0x00, 0x00, 0x00, 0x00, 0x00, 0x80, 0xFF, 0x03, 0x80,
  0x01, 0x80, 0x01, 0x80, 0x01, 0x80, 0x01, 0x00, 0x00, 0x00, 0x10, 0x00, 0x10, 0x00, 0x1C, 0x80,
  0x01, 0x80, 0x01, 0x90, 0x01, 0x90, 0x3D, 0x9C, 0x01, 0x80, 0x01, 0x80, 0x01, 0x80, 0xFD, 0xBF,
  0x01, 0x80, 0x01, 0x80, 0x01, 0x80, 0x3D, 0x1C, 0x00, 0x04, 0x00, 0x04, 0x00, 0x00, 0xC0, 0x81,
  0x01, 0x81, 0x01, 0x81, 0x01, 0x80, 0x39, 0xBC, 0x21, 0x80, 0x21, 0x80, 0x01, 0x80, 0xC1, 0x83,
  0x01, 0x80, 0x21, 0x80, 0xA1, 0x83, 0x39, 0x02, 0x00, 0x02, 0x00, 0x00, 0x00, 0x00, 0xC0, 0x83,
  0x01, 0x80, 0x01, 0x80, 0x01, 0x80, 0x01, 0x00, 0xFC, 0x3F, 0x00, 0x00, 0x00, 0x00, 0x00, 0x80,
  0x01, 0x80, 0xC1, 0x81, 0x01, 0x81, 0x01, 0x01, 0x00, 0x00, 0x3C, 0x00, 0x00, 0x00, 0x80, 0x80,
  0x81, 0x80, 0xBD, 0x83, 0x01, 0x80, 0x01, 0x00, 0x00, 0x00, 0xFC, 0x3F, 0x00, 0x00, 0x00, 0x80,
  0x01, 0x80, 0x3D, 0x82, 0x01, 0x82, 0x81, 0x03, 0x00, 0x00, 0x3C, 0x00, 0x00, 0x00, 0x80, 0x03,
  0x00, 0x02, 0x3C, 0x02, 0x00, 0x00, 0x00, 0x00, 0x40, 0x00, 0x40, 0x00, 0xC0, 0x01, 0x00, 0x00,
  0x00, 0x00, 0x00, 0x00, 0xC0, 0x01, 0x40, 0x00, 0x40, 0x00, 0x00, 0x00, 0x00, 0x00, 0x00, 0x00,
  0xFC, 0x3F, 0x00, 0x00, 0x00, 0x00, 0x00, 0x00, 0xFC, 0x3F, 0x00, 0x00, 0x00, 0x00, 0x00, 0x80,
  0xFD, 0x83, 0x01, 0x80, 0x01, 0x80, 0x01, 0x80, 0xC1, 0xBF, 0x01, 0x80, 0x01, 0x80, 0x01, 0x80,
  0x81, 0x83, 0x81, 0x80, 0x81, 0x80, 0x0D, 0x00, 0x0C, 0x00, 0x0C, 0x00, 0x0C, 0x00, 0x00, 0x00,
  0x00, 0x00, 0x00, 0x00, 0x00, 0xF0, 0x00, 0xF0, 0x80, 0x01, 0x80, 0x01, 0x80, 0x01, 0x80, 0x01,
  0x00, 0x00, 0x00, 0x00, 0x00, 0x00, 0x00, 0x00, 0x01, 0x00, 0x31, 0x00, 0x31, 0x00, 0x31, 0x00,
  0x31, 0x0C, 0x01, 0x0C, 0x01, 0x0C, 0x01, 0x0C, 0x01, 0x00, 0x01, 0x00, 0x01, 0x00, 0x01, 0x6B,
  0x01, 0x6B, 0x01, 0x6B, 0x00, 0x6B, 0x00, 0x08, 0x00, 0x08, 0x00, 0x08, 0x00, 0x08, 0x00, 0x08,
  0x04, 0x88, 0x07, 0x88, 0x03, 0x08, 0x00, 0x08, 0x00, 0x08, 0x00, 0x08, 0x30, 0x08, 0x30, 0x08,
  0x30, 0x08, 0x30, 0x08, 0x00, 0x00, 0x00, 0x00, 0x00, 0x00, 0x00, 0x00, 0xC0, 0x03, 0xC0, 0x03,
  0x08, 0x00, 0x08, 0x00, 0x08, 0x00, 0x08, 0x00, 0x08, 0x00, 0x08, 0x00, 0x68, 0x00, 0x68, 0x00,
  0x68, 0x00, 0x68, 0x00, 0x08, 0x00, 0x08, 0x00, 0x08, 0x00, 0x08, 0x0F, 0x08, 0x0F, 0x08, 0x00,
  0x00, 0x00, 0x00, 0x00, 0x00, 0x00, 0x00, 0x78, 0x01, 0x78, 0x01, 0x00, 0x01, 0x00, 0x01, 0x00,
  0x01, 0x00, 0x01, 0x00, 0x00, 0x00, 0x00, 0x10, 0x00, 0x10, 0x00, 0x10, 0x00, 0x10, 0x00, 0x10,
  0x00, 0x10, 0x00, 0x10, 0x00, 0x10, 0x00, 0x10, 0x00, 0x10, 0x00, 0x00, 0x00, 0x00, 0x00, 0x00,
  0x00, 0x00, 0x00, 0x80, 0x01, 0x80, 0x01, 0x80, 0x19, 0x80, 0x19, 0x00, 0x18, 0x00, 0x18, 0x00,
  0x00, 0x00, 0x00, 0x30, 0xC0, 0x33, 0xC0, 0x33, 0x00, 0x30, 0x00, 0x00, 0x00, 0x00, 0x00, 0x00,
  0x30, 0x00, 0x30, 0x06, 0x30, 0x06, 0x30, 0x06, 0x00, 0x06, 0x00, 0x00, 0x00, 0x00, 0x03, 0x00,
  0x03, 0x00, 0xC3, 0x03, 0xC3, 0x03, 0x00, 0x40, 0x00, 0x40, 0x00, 0x58, 0x00, 0x58, 0x00, 0x58,
  0x00, 0x58, 0x00, 0x40, 0x00, 0x40, 0x00, 0x40, 0x00, 0x40, 0x00, 0x50, 0x00, 0x50, 0x00, 0x50,
  0x00, 0x50, 0x00, 0x10, 0x00, 0x10, 0x00, 0x10, 0x00, 0x10, 0x00, 0x10, 0x00, 0x10, 0x00, 0x10,
  0x00, 0x10, 0x00, 0x00, 0x00, 0x00, 0x00, 0x00, 0x00, 0x00, 0x00, 0x00, 0x00, 0x00, 0x00, 0x00,
  0x00, 0x00, 0x00, 0x80, 0x01, 0x83, 0x01, 0x83, 0x01, 0x83, 0x01, 0x03, 0x3C, 0x00, 0x3C, 0x00,
  0x3C, 0x00, 0x3C, 0x00, 0x3C, 0x00, 0x38, 0x00, 0x70, 0x00, 0xE0, 0x00, 0xC0, 0x01, 0x80, 0x03,
  0x00, 0x07, 0x00, 0x0E, 0x01, 0x1C, 0x01, 0x3C, 0x03, 0x3C, 0x07, 0x3C, 0x06, 0x3C, 0x0E, 0x3C,
  0x0C, 0x3C, 0x18, 0x3C, 0x18, 0x3C, 0x10, 0x3C, 0x10, 0x38, 0x00, 0x30, 0x00, 0x60, 0x00, 0xC0,
  0x00, 0x80, 0x01, 0x00, 0x07, 0x00, 0x0E, 0x00, 0x1C, 0x00, 0x1C, 0x00, 0x1C, 0x0F, 0x1C, 0x0F,
  0x1C, 0x0F, 0x1C, 0x0F, 0x0C, 0x00, 0x04, 0x00, 0x02, 0x00, 0x03, 0x80, 0x01, 0xC0, 0x00, 0x60,
  0x00, 0x30, 0x00, 0x30, 0x08, 0x30, 0x08, 0x30, 0x0C, 0x30, 0x04, 0x30, 0x0C, 0x18, 0x08, 0x0C,
  0x0C, 0x06, 0x04, 0x03, 0x84, 0x01, 0xC0, 0x01, 0xC0, 0x01, 0xC0, 0x01, 0xC0, 0x01, 0xC0, 0x01,
  0xC0, 0x01, 0xC0, 0x01, 0xC0, 0x01, 0xE0, 0x00, 0x70, 0x00, 0x38, 0x00, 0x1C, 0x00, 0x0C, 0x00,
  0x06, 0x00, 0x03, 0x80, 0x03, 0xC0, 0x01, 0xE0, 0x00, 0x70, 0x00, 0x38, 0x00, 0x3C, 0x10, 0x3C,
  0x10, 0x3C, 0x18, 0x3C, 0x18, 0x3C, 0x0C, 0x3C, 0x0C, 0x3C, 0x04, 0x3C, 0x06, 0x1C, 0x02, 0x0C,
  0x03, 0x06, 0x03, 0x03, 0x81, 0x01, 0xC1, 0x00, 0x60, 0x00, 0x30, 0x00, 0x38, 0x00, 0x38, 0x00,
  0x38, 0x00, 0x38, 0x00, 0x38, 0x00, 0x38, 0x00, 0x1C, 0x00, 0x0C, 0x00, 0x06, 0x00, 0x03, 0x80,
  0x03, 0xC0, 0x01, 0xE0, 0x00, 0x70, 0x00, 0x38, 0x00, 0x18, 0x00, 0x18, 0x00, 0x18, 0x00, 0x18,
  0x00, 0x18, 0x00, 0x30, 0x00, 0x60, 0x00, 0xC0, 0x00, 0x80, 0x01, 0x00, 0x07, 0x00, 0x0E, 0x00,
  0x18, 0x00, 0x30, 0x00, 0x60, 0x00, 0xC0, 0x00, 0x80, 0x01, 0x00, 0x83, 0x01, 0x86, 0x01, 0x0C,
  0x00, 0x18, 0x00, 0x18, 0x00, 0x18, 0x00, 0x18, 0x00, 0x18, 0x0C, 0x66, 0x90, 0x83, 0x1F, 0xF4,
  0xE0, 0x07, 0x3F, 0xF0, 0xC3, 0x03, 0xFC, 0xF0, 0x00, 0x39, 0x1C, 0x00, 0x0C, 0x06, 0x00, 0x00,
  0x40, 0x00, 0x00, 0x10, 0x00, 0x00, 0x0E, 0x00, 0x80, 0x03, 0x00, 0x30, 0x00, 0x02, 0x0C, 0x80,
  0x83, 0x03, 0xE4, 0xE1, 0xC0, 0x6D, 0x08, 0xF0, 0x0B, 0x02, 0xFC, 0x00, 0x00, 0x1F, 0x00, 0x80,
  0x04, 0x00, 0x00, 0x00, 0x00, 0x00, 0x00, 0x00, 0x00, 0x00, 0x04, 0x00, 0x01, 0x03, 0x40, 0xC0,
  0x01, 0x30, 0x60, 0x08, 0x0E, 0x08, 0x8A, 0x03, 0xC0, 0xFB, 0x00, 0xF0, 0x0E, 0x00, 0xF8, 0x03,
  0x00, 0x7E, 0x40, 0x00, 0x1F, 0x30, 0x80, 0x01, 0x0D, 0x40, 0xC0, 0x03, 0x00, 0xFC, 0x00, 0x00,
  0x27, 0x00, 0xC0, 0x01, 0x01, 0x18, 0xC0, 0x02, 0x06, 0xFC, 0x90, 0x00, 0x7F, 0x26, 0x40, 0xDF,
  0x01, 0x80, 0x3E, 0x00, 0x80, 0x0F, 0x00, 0x00, 0x41, 0x00, 0x00, 0x18, 0x04, 0x80, 0x02, 0x03,
  0xE0, 0xC0, 0x00, 0x38, 0x30, 0x00, 0x02, 0x08, 0x00, 0x20, 0x30, 0x00, 0x08, 0x1C, 0x00, 0x06,
  0x07, 0xE0, 0x01, 0x03, 0x78, 0xC0, 0x0E, 0x1C, 0xF0, 0x03, 0x01, 0xF8, 0x40, 0x00, 0x1C, 0x01,
  0x00, 0xC0, 0x00, 0x00, 0x70, 0x00, 0x00, 0x5C, 0x00, 0x60, 0x1E, 0x04, 0x9C, 0x87, 0x01, 0x07,
  0x61, 0x80, 0x00, 0x38, 0x00, 0x00, 0x8C, 0x00, 0x60, 0x6B, 0x00, 0xD8, 0x1F, 0x00, 0xE6, 0x07,
  0x80, 0xF0, 0x00, 0x00, 0x18, 0x00, 0x00, 0x02, 0x00, 0x08, 0x00, 0x00, 0x03, 0x00, 0xF0, 0x01,
  0x00, 0x7C, 0x00, 0x00, 0x0F, 0x00, 0x80, 0x02, 0x00, 0xA0, 0x00, 0x00, 0x20, 0x00, 0x00, 0x00,
  0x00, 0x00, 0x00, 0x40, 0x00, 0x00, 0x31, 0x00, 0x60, 0x2D, 0x00, 0xF8, 0x1F, 0x00, 0xFE, 0x0F,
  0x80, 0xEF, 0x07, 0x60, 0x9B, 0x83, 0x00, 0xE6, 0x60, 0x00, 0x18, 0x78, 0x00, 0x00, 0x1E, 0x20,
  0xC0, 0x07, 0x18, 0xF0, 0x00, 0x06, 0x04, 0x00, 0x00, 0x01, 0x04, 0x00, 0x00, 0x01, 0x00, 0x60,
  0x00, 0x00, 0x18, 0x00, 0x00, 0x02, 0x00, 0x00, 0x00, 0x18, 0x00, 0x80, 0x07, 0x00, 0xE0, 0x01,
  0x60, 0x38, 0x00, 0x18, 0x0C, 0x80, 0x07, 0x03, 0xE0, 0x40, 0x00, 0x38, 0x00, 0x00, 0x02, 0x00,
  0x00, 0x10, 0x00, 0x00, 0x04, 0x00, 0x00, 0x03, 0x00, 0xC0, 0x00, 0x08, 0x38, 0x00, 0x03, 0x1E,
  0xC0, 0xC3, 0x06, 0xF8, 0xBD, 0x01, 0x7E, 0x43, 0xC0, 0xFD, 0x00, 0x70, 0x3C, 0x00, 0x08, 0x40,
  0x04, 0x20, 0x02, 0x10, 0x01, 0x88, 0x80, 0x44, 0x00, 0x06, 0x10, 0x02, 0x08, 0x01, 0x84, 0x02,
  0x42, 0x08, 0x30, 0x0C, 0x08, 0x04, 0x04, 0x02, 0x02, 0x23, 0x11, 0x83, 0x08, 0x41, 0x84, 0x30,
  0x42, 0x09, 0xA0, 0x04, 0x58, 0x06, 0x06, 0x86, 0x01, 0x42, 0x00, 0x25, 0x80, 0x30, 0x44, 0x10,
  0x30, 0x08, 0x88, 0x0C, 0x44, 0x04, 0x02, 0x12, 0x00, 0x0B, 0x00, 0x05, 0x82, 0x00, 0x40, 0x00,
  0x20, 0x00, 0x18, 0x00, 0x46, 0x80, 0x01, 0x60, 0x00, 0x10, 0x00, 0x00, 0x00, 0x00, 0x00, 0x00,
  0x00, 0x20, 0x20, 0x10, 0x00, 0x08, 0x00, 0x06, 0x82, 0x01, 0x41, 0x80, 0x20, 0x40, 0x18, 0x00,
  0x04, 0x00, 0x02, 0x90, 0x21, 0x60, 0x00, 0x10, 0x00, 0x08, 0x88, 0x04, 0x44, 0x02, 0x02, 0x03,
  0x21, 0x03, 0x00, 0x01, 0x80, 0x00, 0x62, 0x08, 0x19, 0x80, 0x04, 0x40, 0x00, 0x02, 0x00, 0x01,
  0x00, 0x10, 0x00, 0x00, 0x80, 0x00, 0x40, 0x00, 0x20, 0x00, 0x10, 0x00, 0x08, 0x00, 0x04, 0x00,
  0x02, 0x00, 0x03, 0x00, 0x03, 0x00, 0x03, 0x00, 0x03, 0x00, 0x03, 0x00, 0x03, 0x00, 0x03, 0x00,
  0x03, 0x00, 0x03, 0x00, 0x07, 0x00, 0x07, 0x00, 0x06, 0x00, 0x46, 0x00, 0x06, 0x00, 0x02, 0x00,
  0x11, 0x80, 0x08, 0x40, 0x04, 0x20, 0x02, 0x00, 0x01, 0x00, 0x00, 0x00, 0x00, 0x10, 0x00, 0x00,
  0x00, 0x08, 0x00, 0x04, 0x00, 0x02, 0x00, 0x01, 0x00, 0x00, 0x00, 0x00, 0x00, 0x00, 0x08, 0x40,
  0x00, 0x60, 0x10, 0x20, 0x0C, 0x10, 0x02, 0x08, 0x01, 0x80, 0x01, 0x80, 0x00, 0x40, 0x00, 0x20,
  0x80, 0x00, 0x01, 0x08, 0x18, 0x80, 0x80, 0x01, 0x00, 0x18, 0x00, 0x01, 0x01, 0x30, 0x40, 0x00,
  0x03, 0x0C, 0x70, 0xC0, 0x00, 0x07, 0x0C, 0x70, 0x40, 0x0C, 0x07, 0xC4, 0x70, 0x00, 0x0C, 0x83,
  0xC0, 0x10, 0x08, 0x0C, 0x81, 0xC1, 0x00, 0x18, 0x0C, 0x80, 0xC0, 0x00, 0x28, 0x0C, 0x04, 0xC2,
  0x60, 0xB0, 0x0C, 0x06, 0xCB, 0x60, 0xA0, 0x4D, 0x04, 0xD8, 0x46, 0x80, 0x4D, 0x00, 0xD8, 0x04,
  0x81, 0x0D, 0x10, 0xC8, 0x00, 0x01, 0x0C, 0x30, 0xC0, 0x00, 0x07, 0x0C, 0x70, 0xC0, 0x00, 0x07,
  0x0C, 0x70, 0xC0, 0x00, 0x03, 0x0C, 0x10, 0xC0, 0x00, 0x00, 0x0C, 0x04, 0xC0, 0x60, 0x00, 0x0C,
  0x07, 0xC0, 0x70, 0x00, 0x0C, 0x06, 0xC0, 0x60, 0x00, 0x2C, 0x06, 0xC0, 0x46, 0x00, 0x6C, 0x04,
  0xC0, 0x0E, 0x00, 0xEC, 0x00, 0xC0, 0x1E, 0x00, 0xEC, 0x01, 0xC0, 0x0E, 0x00, 0x6C, 0x00, 0xC0,
  0x02, 0x00, 0x0C, 0x00, 0xC0, 0x00, 0x00, 0x0C, 0x00, 0xC0, 0x00, 0x00, 0x0C, 0x00, 0xC3, 0x00,
  0x30, 0x0C, 0x00, 0xC3, 0x00, 0x30, 0x0C, 0x00, 0xC3, 0x00, 0x30, 0x0C, 0x00, 0x03, 0x00, 0x30,
  0x00, 0x00, 0x03, 0x00, 0x30, 0x00, 0x00, 0x03, 0x02, 0x30, 0x20, 0x00, 0x03, 0x02, 0x30, 0xA0,
  0x00, 0x03, 0x0B, 0x30, 0xB8, 0x01, 0x83, 0x1B, 0x30, 0xBC, 0x03, 0xC3, 0x3B, 0x30, 0xBC, 0x03,
  0x83, 0x3B, 0x30, 0xB8, 0x01, 0x03, 0x1B, 0x30, 0xA0, 0x00, 0x03, 0x40, 0x30, 0x00, 0x06, 0x03,
  0x70, 0x30, 0x00, 0x06, 0x03, 0x60, 0x30, 0x40, 0x04, 0x03, 0x0C, 0x32, 0xC0, 0x60, 0x03, 0x0C,
  0x32, 0xC0, 0x00, 0x03, 0x4C, 0x30, 0x40, 0x06, 0x03, 0x60, 0x30, 0x00, 0x06, 0x03, 0x60, 0x30,
  0x00, 0x06, 0x03, 0x40, 0x30, 0x00, 0x00, 0x03, 0x00, 0x30, 0x00, 0x00, 0x03, 0x00, 0x30, 0x00,
  0x00, 0x03, 0x00, 0x31, 0x00, 0x10, 0x03, 0x00, 0x33, 0x00, 0x30, 0x03, 0x00, 0x37, 0x00, 0x70,
  0x03, 0x00, 0x33, 0x00, 0x10, 0x03, 0x00, 0x31, 0x00, 0x10, 0x03, 0x00, 0x30, 0x00, 0x00, 0x03,
  0x00, 0x30, 0x00, 0x00, 0x03, 0x00, 0x30, 0x00, 0x40, 0x03, 0x00, 0x34, 0x00, 0x60, 0x03, 0x00,
  0x36, 0x00, 0x40, 0x03, 0x00, 0x30, 0x00, 0x00, 0x03, 0x00, 0x30, 0x00, 0x00, 0x03, 0x00, 0x30,
  0x00, 0x00, 0x03, 0x00, 0x30, 0x00, 0x00, 0x03, 0x00, 0x30, 0x00, 0x00, 0x03, 0x00, 0x30, 0x00,
  0x00, 0x03, 0x00, 0x30, 0x00, 0x00, 0x03, 0x00, 0x30, 0x00, 0x00, 0x03, 0x00, 0x00, 0x00, 0x00,
  0x00, 0x00, 0x00, 0x01, 0x00, 0x18, 0x00, 0x80, 0x01, 0x00, 0x18, 0x00, 0x00, 0x01, 0x00, 0x10,
  0x00, 0x00, 0x00, 0x00, 0x00, 0x00, 0x00, 0x04, 0x00, 0x40, 0x00, 0x00, 0x0C, 0x00, 0xC0, 0x00,
  0x00, 0x0C, 0x00, 0x40, 0x00, 0x00, 0x40, 0x00, 0x00, 0x04, 0x00, 0x60, 0x00, 0x00, 0x86, 0x00,
  0x60, 0x0C, 0x00, 0xC6, 0x00, 0x40, 0x0C, 0x00, 0xC0, 0x30, 0x00, 0x0E, 0x03, 0xE0, 0x30, 0x00,
  0x0E, 0x03, 0xE0, 0x30, 0x00, 0x0C, 0x03, 0x80, 0x30, 0x00, 0x00, 0x03, 0x00, 0x30, 0x00, 0x00,
  0x03, 0x80, 0x30, 0x00, 0x18, 0x03, 0x80, 0x31, 0x00, 0x38, 0x03, 0x80, 0x33, 0x00, 0x38, 0x03,
  0x80, 0x33, 0x00, 0x38, 0x03, 0x80, 0x31, 0x00, 0x08, 0x03, 0x80, 0x30, 0x00, 0x08, 0x03, 0x00,
  0x30, 0x00, 0x00, 0x03, 0x00, 0x30, 0x00, 0x00, 0x03, 0x00, 0x30, 0x00, 0x00, 0x03, 0x00, 0x30,
  0x00, 0x00, 0x03, 0x20, 0x30, 0x00, 0x03, 0x03, 0x03, 0xC3, 0xC0, 0x30, 0x30, 0x0C, 0x0C, 0x03,
  0xC3, 0xC0, 0x30, 0x30, 0x0C, 0x0C, 0x03, 0xC3, 0xC0, 0x30, 0x30, 0x0C, 0x0C, 0x03, 0xC3, 0xC0,
  0x30, 0x30, 0x0C, 0x0C, 0x03, 0xC3, 0xC0, 0x30, 0x30, 0x0C, 0x0C, 0x00, 0x03, 0xC0, 0x00, 0x00,
  0x00, 0x00, 0x00, 0x00, 0x00, 0x00, 0x00, 0x00, 0xC0, 0x00, 0x30, 0x00, 0x0C, 0x00, 0x03, 0xF0,
  0x00, 0x3C, 0x00, 0x0F, 0xC0, 0x00, 0x30, 0x00, 0x0C, 0x00, 0x03, 0xC0, 0x00, 0x30, 0x00, 0x0C,
  0x00, 0x03, 0xC0, 0x00, 0x30, 0x00, 0x0C, 0x00, 0x03, 0xC0, 0x00, 0x30, 0x00, 0x0C, 0x00, 0x00,
  0x00, 0x00, 0x00, 0x00, 0x00, 0x00, 0x00, 0x00, 0x00, 0x00, 0x00, 0x00, 0x00, 0x00, 0x00, 0x00,
  0x30, 0x00, 0x0C, 0x00, 0x03, 0xC0, 0x00, 0x30, 0x00, 0x0C, 0x00, 0x03, 0xC0, 0x00, 0x30, 0x00,
  0x0C, 0x00, 0x03, 0xC0, 0x00, 0x30, 0x00, 0x0C, 0x00, 0x03, 0xC0, 0x00, 0x30, 0x00, 0x0C, 0x00,
  0x03, 0xC0, 0x00, 0x30, 0x00, 0x00, 0x00, 0x0C, 0x00, 0x03, 0xC0, 0x03, 0xF0, 0x00, 0xFC, 0x00,
  0x3C, 0x00, 0x3F, 0x00, 0x0F, 0xC0, 0x03, 0xF0, 0x00, 0x30, 0x00, 0x0C, 0x00, 0x03, 0x00, 0x00,
  0x00, 0x00, 0x00, 0x00, 0x00, 0x00, 0x00, 0x00, 0x00, 0x00, 0x00, 0x00, 0x00, 0x00, 0x00, 0x00,
  0x0C, 0x00, 0x03, 0xC0, 0x00, 0x30, 0x00, 0x0C, 0x00, 0x03, 0xC0, 0x00, 0x30, 0x00, 0x0C, 0x00,
  0x03, 0xC0, 0x00, 0x30, 0x00, 0x0C, 0x00, 0x03, 0xC0, 0x00, 0x30, 0x00, 0x0C, 0x00, 0x03, 0xC0,
  0x00, 0x30, 0x00, 0x0C, 0x00, 0x03, 0x00, 0x00, 0x00, 0x00, 0x00, 0x00, 0x00, 0x00, 0x00, 0x00,
  0x00, 0x00, 0x00, 0x00, 0x30, 0x00, 0x0C, 0x00, 0x03, 0xC0, 0x00, 0x30, 0x00, 0x0C, 0x00, 0x03,
  0xC0, 0x00, 0x30, 0x00, 0x0C, 0x00, 0x03, 0xC0, 0x00, 0x30, 0x00, 0x0C, 0x00, 0x03, 0xC0, 0x00,
  0x30, 0x00, 0x0C, 0x00, 0x03, 0x14, 0x40, 0x01, 0x14, 0xC0, 0x01, 0x08, 0x80, 0x00, 0x08, 0x80,
  0x00, 0x00, 0x80, 0x00, 0x08, 0x80, 0x01, 0x10, 0x00, 0x01, 0x90, 0x00, 0x08, 0x80, 0x10, 0x08,
  0x81, 0x10, 0x0C, 0x41, 0x30, 0x06, 0x22, 0x20, 0x02, 0x20, 0x00, 0x02, 0x20, 0x20, 0x00, 0x02,
  0x20, 0x00, 0x02, 0x30, 0x00, 0x41, 0x00, 0x04, 0xE0, 0x00, 0x0A, 0x84, 0x40, 0x08, 0x8C, 0x80,
  0x00, 0x00, 0x00, 0x00, 0x00, 0x00, 0x01, 0x10, 0x00, 0x01, 0x10, 0x80, 0x01, 0x0C, 0x40, 0x00,
  0x00, 0x00, 0x00, 0x00, 0x00, 0x00, 0x00, 0x00, 0x00, 0x00, 0x00, 0x00, 0x10, 0x80, 0x01, 0x08,
  0xC0, 0x00, 0x04, 0x40, 0x00, 0x00, 0x00, 0x04, 0x40, 0x00, 0x04, 0x41, 0x10, 0x84, 0x61, 0x08,
  0x82, 0x20, 0x80, 0x00, 0x08, 0x80, 0x00, 0x18, 0x00, 0x01, 0x10, 0x80, 0x01, 0x08, 0x80, 0x00,
  0x08, 0x00, 0x00, 0x00, 0x00, 0x00, 0x00, 0x10, 0x00, 0x01, 0x30, 0x00, 0x02, 0x20, 0x00, 0x02,
  0x00, 0x00, 0x10, 0x00, 0x01, 0x18, 0x80, 0x00, 0x08, 0xC0, 0x00, 0x04, 0x00, 0x08, 0x80, 0x00,
  0x0A, 0xA0, 0x00, 0x0E, 0x40, 0x00, 0x04, 0x00, 0x00, 0x00, 0x00, 0x80, 0x00, 0x08, 0x80, 0x00,
  0x1C, 0x40, 0x01, 0x14, 0x00, 0x01, 0x10, 0x00, 0x00, 0x00, 0x00, 0x00, 0x00, 0x00, 0x00, 0x01,
  0x10, 0x08, 0x81, 0x10, 0x8C, 0x43, 0x28, 0x84, 0x42, 0x28, 0x04, 0xC1, 0x70, 0x1C, 0x86, 0x03,
  0x30, 0x00, 0x02, 0x00, 0x00, 0x18, 0x80, 0x01, 0x18, 0x80, 0x01, 0x88, 0x83, 0x30, 0x08, 0x02,
  0x00, 0x00, 0x00, 0x00, 0x00, 0x00, 0x00, 0x80, 0x00, 0x08, 0x83, 0x30, 0x18, 0x83, 0x31, 0x10,
  0x00, 0x01, 0x18, 0x80, 0x01, 0x08, 0x80, 0x00, 0x18, 0x00, 0x01, 0x10, 0x86, 0x61, 0x08, 0x06,
  0x61, 0x00, 0x06, 0x00, 0x00, 0x00, 0x00, 0x00, 0x20, 0x00, 0x02, 0x00, 0x02, 0x20, 0x08, 0x84,
  0x40, 0x48, 0x84, 0x14, 0x08, 0x09, 0x90, 0x00, 0x09, 0x12, 0x20, 0x00, 0x02, 0x81, 0x12, 0x28,
  0x81, 0x92, 0x28, 0x09, 0x01, 0x10, 0x00, 0x21, 0x00, 0x02, 0x20, 0x00, 0x02, 0x0A, 0xA0, 0x00,
  0x0A, 0x80, 0x01, 0x18, 0x80, 0x01, 0x18, 0x80, 0x01, 0x18, 0xC0, 0x00, 0x0C, 0xC0, 0x00, 0x0C,
  0xC0, 0x00, 0x0C, 0x00, 0x00, 0x00, 0x00, 0x00, 0x00, 0x00, 0x00, 0x00, 0x00, 0x00, 0x00, 0x04,
  0x3E, 0x00, 0x00, 0x00, 0x00, 0x00, 0x00, 0x00, 0x40, 0x00, 0x04, 0xC0, 0x0C, 0xCC, 0xC0, 0x6C,
  0x4C, 0xC6, 0x34, 0x00, 0x02, 0x00, 0x00, 0x0C, 0xC0, 0x00, 0x8C, 0x00, 0x08, 0x00, 0x00, 0x10,
  0x00, 0x01, 0x00, 0x1C, 0x40, 0x00, 0x83, 0x00, 0x08, 0x80, 0x00, 0x88, 0x80, 0x08, 0x00, 0x00,
  0x00, 0x00, 0x00, 0x01, 0x10, 0x0C, 0xC2, 0x21, 0x18, 0x84, 0x41, 0x00, 0x00, 0x00, 0x80, 0x01,
  0x18, 0x80, 0x01, 0x98, 0x85, 0x79, 0x98, 0x06, 0xC8, 0x00, 0x0C, 0xC0, 0x00, 0x0C, 0xC0, 0x00,
  0x04, 0x20, 0x40, 0x00, 0x02, 0x04, 0x20, 0x40, 0x00, 0x02, 0x04, 0x20, 0x40, 0x00, 0x02, 0x04,
  0x20, 0x40, 0x00, 0x02, 0x04, 0x20, 0x40, 0x00, 0x02, 0x04, 0x20, 0x40, 0x00, 0x02, 0x04, 0x20,
  0x40, 0x00, 0x02, 0x04, 0x20, 0x40, 0x00, 0x02, 0x04, 0x20, 0x00, 0x00, 0x02, 0x00, 0x00, 0x00,
  0x00, 0x00, 0x10, 0x00, 0x00, 0x01, 0x00, 0x10, 0x00, 0x00, 0x05, 0x00, 0x50, 0x00, 0x00, 0x04,
  0x08, 0x40, 0x80, 0x00, 0x04, 0x08, 0x00, 0x80, 0x00, 0x00, 0x08, 0x00, 0x00, 0x00, 0x08, 0x00,
  0x80, 0x00, 0x00, 0x08, 0x40, 0x82, 0x00, 0x24, 0x08, 0x40, 0x02, 0x00, 0x24, 0x20, 0x40, 0x02,
  0x02, 0x00, 0x20, 0x00, 0x00, 0x02, 0x00, 0x20, 0x00, 0x00, 0x00, 0x00, 0x00, 0x00, 0x00, 0x00,
  0x00, 0x00, 0x00, 0x04, 0x00, 0x40, 0x20, 0x00, 0x04, 0x02, 0x40, 0x20, 0x00, 0x04, 0x02, 0x00,
  0x20, 0x00, 0x00, 0x00, 0x00, 0x80, 0x00, 0x00, 0x08, 0x00, 0x80, 0x00, 0x08, 0x08, 0x80, 0x80,
  0x00, 0x08, 0x00, 0x80, 0x00, 0x00, 0x08, 0x00, 0x00, 0x00, 0x04, 0x00, 0x40, 0x00, 0x00, 0x04,
  0x00, 0x40, 0x00, 0x08, 0x04, 0x80, 0x00, 0x00, 0x08, 0x00, 0x80, 0x00, 0x00, 0x08, 0x00, 0x00,
  0x00, 0x04, 0x00, 0x40, 0x00, 0x00, 0x04, 0x00, 0x40, 0x00, 0x00, 0x04, 0x00, 0x00, 0x00, 0x04,
  0x00, 0x40, 0x00, 0x00, 0x04, 0x00, 0x40, 0x00, 0x00, 0x04, 0x04, 0x00, 0x40, 0x00, 0x00, 0x04,
  0x00, 0x40, 0x00, 0x00, 0x04, 0x00, 0x44, 0x00, 0x40, 0x04, 0x00, 0x44, 0x00, 0x40, 0x04, 0x00,
  0x44, 0x00, 0x00, 0x04, 0x00, 0x40, 0x00, 0x00, 0x04, 0x00, 0x50, 0x00, 0x00, 0x05, 0x00, 0x50,
  0x00, 0x00, 0x05, 0x00, 0x50, 0x00, 0x00, 0x05, 0x00, 0x50, 0x00, 0x00, 0x05, 0x00, 0x50, 0x00,
  0x00, 0x01, 0x00, 0x10, 0x00, 0x00, 0x01, 0x00, 0x10, 0x00, 0x00, 0x01, 0x00, 0x10, 0x00, 0x00,
  0x01, 0x00, 0x10, 0x00, 0x00, 0x21, 0x00, 0x10, 0x02, 0x00, 0x21, 0x00, 0x10, 0x02, 0x00, 0x21,
  0x00, 0x10, 0x00, 0x00, 0x00, 0x00, 0x00, 0x00, 0x00, 0x80, 0x00, 0x00, 0x08, 0x00, 0x80, 0x00,
  0x00, 0x08, 0x00, 0x84, 0x00, 0x40, 0x00, 0x00, 0x04, 0x00, 0x40, 0x00, 0x00, 0x04, 0x00, 0x00,
  0x00, 0x00, 0x00, 0x00, 0x00, 0x40, 0x00, 0x00, 0x04, 0x00, 0x40, 0x00, 0x10, 0x04, 0x00, 0x41,
  0x00, 0x10, 0x00, 0x00, 0x05, 0x00, 0x50, 0x10, 0x00, 0x04, 0x01, 0x40, 0x10, 0x00, 0x04, 0x01,
  0x00, 0x10, 0x00, 0x00, 0x00, 0x00, 0x00, 0x00, 0x00, 0x00, 0x00, 0x00, 0x00, 0x40, 0x08, 0x00,
  0x84, 0x00, 0x40, 0x08, 0x00, 0x84, 0x00, 0x40, 0x08, 0x00, 0x00, 0x00, 0x00, 0x00, 0x00, 0x00,
  0x00, 0x00, 0x44, 0x00, 0x40, 0x04, 0x00, 0x44, 0x00, 0x40, 0x04, 0x00, 0x44, 0x00, 0x00, 0x00,
  0x00, 0x00, 0x00, 0x00, 0x00, 0x00, 0x00, 0x00, 0x00, 0x20, 0x00, 0x10, 0x02, 0x00, 0x21, 0x00,
  0x10, 0x02, 0x00, 0x21, 0x00, 0x10, 0x00, 0x80, 0x00, 0x40, 0x00, 0x20, 0x00, 0x10, 0x00, 0x08,
  0x00, 0x0C, 0x00, 0x06, 0x00, 0x03, 0x80, 0x03, 0x80, 0x01, 0xC0, 0x01, 0xE0, 0x00, 0xE0, 0x00,
  0x70, 0x00, 0xF0, 0x00, 0x78, 0x00, 0x78, 0x00, 0x38, 0x00, 0x38, 0x00, 0x38, 0x00, 0x3C, 0x00,
  0x1C, 0x00, 0x0C, 0x00, 0x04, 0x00, 0x02, 0x00, 0x01, 0x80, 0x00, 0x40, 0x00, 0x20, 0x00, 0x00,
  0x00, 0x00, 0x00, 0x00, 0x00, 0x00, 0x00, 0x00, 0x00, 0x00, 0x00, 0x00, 0x00, 0x00, 0x00, 0x00,
  0x40, 0x00, 0x20, 0x00, 0x10, 0x00, 0x18, 0x00, 0x0C, 0x00, 0x06, 0x00, 0x02, 0x00, 0x03, 0x80,
  0x01, 0xC0, 0x00, 0xC0, 0x00, 0x60, 0x00, 0x70, 0x00, 0x30, 0x00, 0x38, 0x00, 0x18, 0x00, 0x0C,
  0x00, 0x0C, 0x00, 0x06, 0x00, 0x03, 0x00, 0x03, 0x80, 0x01, 0xC0, 0x00, 0x40, 0x00, 0x20, 0x00,
  0x30, 0x00, 0x18, 0x00, 0x0C, 0x00, 0x06, 0x00, 0x02, 0x00, 0x01, 0x80, 0x00, 0xC0, 0x00, 0x60,
  0x00, 0x30, 0x00, 0x10, 0x00, 0x08, 0x00, 0x04, 0x00, 0x02, 0x00, 0x01, 0x80, 0x00, 0x40, 0x00,
  0x20, 0x00, 0x00, 0x00, 0x00, 0x00, 0x00, 0x00, 0x00, 0x00, 0x00, 0x00, 0x00, 0x00, 0x00, 0x00,
  0x00, 0x00, 0x00, 0x00, 0x00, 0x00, 0x00, 0x00, 0x00, 0x00, 0x00, 0x02, 0x00, 0x01, 0x80, 0x00,
  0x40, 0x00, 0x20, 0x00, 0x10, 0x00, 0x08, 0x00, 0x04, 0x00, 0x00, 0x00, 0x00, 0x00, 0x00, 0x00,
  0x00, 0x00, 0x00, 0x00, 0x00, 0x00, 0x00, 0x01, 0x80, 0x00, 0x40, 0x00, 0x20, 0x00, 0x10, 0x00,
  0x00, 0x01, 0x80, 0x00, 0x40, 0x00, 0x20, 0x00, 0x10, 0x00, 0x0C, 0x00, 0x02, 0x00, 0x01, 0xC0,
  0x00, 0x20, 0x00, 0x18, 0x00, 0x04, 0x00, 0x03, 0x80, 0x00, 0x40, 0x00, 0x30, 0x00, 0x08, 0x00,
  0xFC, 0x0F, 0x00, 0x0C, 0x00, 0x04, 0x00, 0x06, 0x00, 0x02, 0x00, 0x3B, 0x00, 0x13, 0x00, 0x18,
  0x00, 0x18, 0x00, 0x08, 0x00, 0x0C, 0x00, 0x04, 0x00, 0x06, 0x00, 0x02, 0x00, 0x01, 0x80, 0x01,
  0x80, 0x00, 0x40, 0x00, 0x20, 0x00, 0x30, 0x00, 0x10, 0x00, 0x18, 0x00, 0x08, 0x00, 0x04, 0x00,
  0x06, 0x00, 0x02, 0x00, 0x01, 0x80, 0x01, 0x80, 0x00, 0x40, 0x00, 0x30, 0x00, 0x08, 0x00, 0x1C,
  0x00, 0x08, 0x00, 0x0C, 0x00, 0x0C, 0x00, 0x04, 0x00, 0x06, 0x00, 0x03, 0x00, 0x03, 0x00, 0x01,
  0x80, 0x07, 0x00, 0x02, 0x00, 0x03, 0x00, 0x01, 0x80, 0x00, 0xC0, 0x03, 0x00, 0x01, 0x80, 0xCF,
  0x03, 0x1C, 0x01, 0x80, 0x00, 0x60, 0x00, 0x10, 0x00, 0x08, 0x00, 0x04, 0x00, 0x03, 0x80, 0x00,
  0x40, 0x00, 0x30, 0x00, 0x08, 0x00, 0x04, 0x00, 0x06, 0x00, 0x02, 0x00, 0x01, 0xC0, 0x00, 0x10,
  0x00, 0x08, 0x00, 0x04, 0x00, 0x06, 0x00, 0x03, 0x00, 0x03, 0x00, 0x03, 0x00, 0x03, 0x00, 0x03,
  0x00, 0x01, 0x80, 0x01, 0x80, 0x00, 0xC0, 0x03, 0x00, 0x01, 0x80, 0x0F, 0x00, 0x1C, 0x00, 0x78,
  0x00, 0x64, 0x00, 0xE0, 0x00, 0x40, 0x00, 0x30, 0x00, 0x08, 0x00, 0x04, 0x00, 0x03, 0x80, 0x00,
  0xC0, 0x00, 0x40, 0x00, 0x20, 0x00, 0x18, 0x00, 0x06, 0xC0, 0x01, 0x20, 0x00, 0x10, 0x00, 0x04,
  0x00, 0x02, 0x00, 0x01, 0x80, 0x00, 0x60, 0x00, 0x10, 0x00, 0x08, 0x00, 0x06, 0x00, 0x01, 0xC0,
  0x00, 0x20, 0x00, 0x10, 0x00, 0x0C, 0x00, 0x02, 0x00, 0x01, 0x80, 0x01, 0x80, 0x00, 0x40, 0x00,
  0x20, 0x00, 0x10, 0x00, 0x08, 0x00, 0x0C, 0x00, 0x04, 0x00, 0x02, 0x00, 0x01, 0x80, 0x00, 0x40,
  0x00, 0x20, 0x00, 0x18, 0x00, 0x04, 0x00, 0x02, 0x80, 0x01, 0x40, 0x00, 0x30, 0x00, 0x08, 0x00,
  0x06, 0x80, 0x01, 0x40, 0x00, 0x30, 0x00, 0x08, 0x00, 0x06, 0x00, 0x01, 0x80, 0x00, 0x60, 0x00,
  0x10, 0x00, 0x08, 0x00, 0x04, 0x00, 0x06, 0x00, 0x02, 0x00, 0x01, 0x80, 0x00, 0xC0, 0x00, 0x40,
  0x00, 0x20, 0x00, 0x10, 0x00, 0x18, 0x00, 0x08, 0x00, 0x0C, 0x00, 0x04, 0x00, 0x06, 0x00, 0x06,
  0x00, 0x02, 0x00, 0x01, 0x80, 0x00, 0x60, 0x00, 0x10, 0x00, 0x18, 0x00, 0x08, 0x00, 0x04, 0x00,
  0x02, 0x80, 0x01, 0x40, 0x00, 0x30, 0x00, 0x08, 0x00, 0x06, 0x80, 0x01, 0x40, 0x00, 0x30, 0x00,
  0x08, 0x00, 0x04, 0x00, 0x03, 0x80, 0x00, 0x40, 0x00, 0x20, 0x00, 0x18, 0x00, 0x04, 0x00, 0x02,
  0x00, 0x01, 0x10, 0x00, 0xFC, 0x0F, 0x00, 0xF0, 0x0F, 0x00, 0xC0, 0x0F, 0x00, 0x80, 0x0F, 0x00,
  0x00, 0x07, 0x00, 0x00, 0x06, 0x00, 0x00, 0x06, 0x00, 0x00, 0x06, 0x00, 0x00, 0x07, 0x00, 0x00,
  0x0F, 0x00, 0x00, 0x0F, 0x00, 0x00, 0x0F, 0x00, 0x00, 0x0F, 0x00, 0x80, 0x0F, 0x00, 0x80, 0x07,
  0x00, 0x80, 0x07, 0x00, 0xC0, 0x03, 0x00, 0xC0, 0x03, 0x00, 0xC0, 0x03, 0x00, 0xC0, 0x03, 0x00,
  0xE0, 0x03, 0x00, 0xE0, 0x01, 0x00, 0xE0, 0x01, 0x00, 0xE0, 0x01, 0x00, 0xE0, 0x00, 0x00, 0xF0,
  0x01, 0x00, 0xF0, 0x01, 0x00, 0xF0, 0x03, 0x00, 0xF8, 0x03, 0x00, 0xBC, 0x07, 0x00, 0xBC, 0x07,
  0x00, 0xBE, 0x07, 0x00, 0x1E, 0x07, 0x00, 0x1E, 0x0F, 0x00, 0x1E, 0x0F, 0x00, 0x0E, 0x0F, 0x00,
  0x0E, 0x0F, 0x00, 0x0E, 0x1F, 0x00, 0x0F, 0x1E, 0x00, 0x0F, 0x3C, 0x80, 0x0F, 0x3C, 0x80, 0x0F,
  0x3C, 0x80, 0x07, 0x7C, 0x80, 0x07, 0x7C, 0x80, 0x03, 0xFE, 0x80, 0x03, 0xFF, 0x81, 0x83, 0xFF,
  0xC1, 0x83, 0xEB, 0xE3, 0x81, 0xE1, 0xE7, 0x81, 0xC1, 0xEF, 0xC0, 0x81, 0xFF, 0xE0, 0x00, 0xFF,
  0xE0, 0x00, 0x7E, 0x70, 0x00, 0x7E, 0x70, 0x00, 0x7C, 0x70, 0x00, 0x3C, 0x70, 0x00, 0x3C, 0x30,
  0x00, 0x1C, 0x38, 0x00, 0x1E, 0x38, 0x00, 0x0F, 0x1C, 0x00, 0x0F, 0x1C, 0x00, 0x0F, 0x1C, 0x80,
  0x0F, 0x0C, 0x80, 0x07, 0x0C, 0x80, 0x07, 0x0E, 0x80, 0x07, 0x06, 0xC0, 0x07, 0x07, 0xC0, 0x03,
  0x03, 0xC0, 0x81, 0x03, 0xC0, 0xC3, 0x03, 0xC0, 0xC3, 0x03, 0xC0, 0xC3, 0x03, 0x80, 0x87, 0x03,
  0x80, 0x87, 0x03, 0x00, 0x07, 0x03, 0x00, 0x0F, 0x03, 0x00, 0x0F, 0x07, 0x00, 0x0F, 0x07, 0x00,
  0x0F, 0x0E, 0x00, 0x0E, 0x0E, 0x00, 0x1E, 0x1E, 0x00, 0x1E, 0x1E, 0x00, 0x1E, 0x1C, 0x00, 0x1E,
  0x38, 0x00, 0x0F, 0x38, 0x00, 0x07, 0x38, 0x00, 0x07, 0x30, 0x80, 0x07, 0x38, 0x80, 0x07, 0x18,
  0x80, 0x07, 0x10, 0x80, 0x03, 0x10, 0x80, 0x01, 0x20, 0x00, 0x03, 0x20, 0x80, 0x03, 0x10, 0xC0,
  0x01, 0x10, 0xC0, 0x00, 0x30, 0xE0, 0x00, 0x30, 0x60, 0x00, 0x30, 0xC0, 0x00, 0x40, 0xA0, 0x00,
  0x40, 0x60, 0x00, 0x40, 0x50, 0x00, 0x00, 0x50, 0x00, 0x00, 0x70, 0x00, 0x20, 0x60, 0x00, 0x00,
  0x00, 0x00, 0x40, 0x40, 0x00, 0x40, 0x60, 0x00, 0x40, 0x60, 0x00, 0x00, 0x20, 0x00, 0x00, 0x18,
  0x00, 0x20, 0x08, 0x00, 0x40, 0x04, 0x00, 0x60, 0x18, 0x00, 0x00, 0x08, 0x00, 0x20, 0x00, 0x00,
  0x00, 0x04, 0x00, 0x00, 0x00, 0x00, 0x00, 0x08, 0x00, 0x40, 0x08, 0x00, 0x00, 0x00, 0x00, 0x20,
  0x10, 0x00, 0x20, 0x00, 0x00, 0x00, 0x04, 0x00, 0x00, 0x10, 0x00, 0x00, 0x00, 0x00, 0x20, 0x00,
  0x00, 0x00, 0x08, 0x00, 0x10, 0x00, 0x00, 0x00, 0x04, 0x00, 0x00, 0x00, 0x00, 0x10, 0x06, 0x00,
  0x10, 0x00, 0x00, 0x00, 0x00, 0x00, 0x00, 0x08, 0x00, 0x00, 0x00, 0x00, 0x08, 0x04, 0x00, 0x00,
  0x00, 0x00, 0x04, 0x01, 0x00, 0x04, 0x00, 0x00, 0x00, 0x00, 0x00, 0x00, 0x00, 0x00, 0x00, 0x02,
  0x00, 0x04, 0x00, 0x00, 0x00, 0x00, 0x00, 0x00, 0x00, 0x00, 0x00, 0x00, 0x00, 0x00, 0x00, 0x00,
  0x00, 0x01, 0x00, 0x00, 0x00, 0x00, 0x02, 0x00, 0x00, 0x00, 0x00, 0x00, 0x00, 0x00, 0x00, 0x00,
  0x00, 0x00, 0x00, 0x00, 0x00, 0x00, 0x00, 0x00, 0x00, 0x04, 0x00, 0x00, 0x00, 0x00, 0x00, 0x00,
  0x00, 0x00, 0x00, 0x00, 0x00, 0x00, 0x00, 0x04, 0x00, 0x00, 0x00, 0x00, 0x00, 0x00, 0x00, 0x00,
  0x00, 0x00, 0x00, 0x00, 0x01, 0x00, 0x00, 0x00, 0x00, 0x00, 0x00, 0x00, 0x00, 0x00, 0x00, 0x00,
  0x00, 0x00, 0x00, 0x00, 0x00, 0x00, 0x00, 0x00, 0x00, 0x00, 0x00, 0x00, 0x00, 0x00, 0x08, 0x30,
  0xE2, 0x31, 0x1E, 0xC7, 0x78, 0x8C, 0x8D, 0x88, 0x08, 0x00, 0x00, 0x20, 0x20, 0x02, 0x22, 0x20,
  0x02, 0x22, 0x20, 0x00, 0x00, 0x00, 0x40, 0x20, 0x04, 0xC2, 0x30, 0x0C, 0xC3, 0x31, 0xBC, 0x81,
  0x0F, 0xF0, 0x00, 0x04, 0x00, 0x00, 0x00, 0x40, 0x00, 0x0E, 0xE0, 0x81, 0x1A, 0x88, 0x81, 0x00,
  0x0A, 0xA0, 0x80, 0x02, 0x28, 0x80, 0x02, 0x08, 0x80, 0x00, 0x00, 0x00, 0x00, 0x02, 0x60, 0x00,
  0x07, 0xF0, 0x80, 0x1D, 0x98, 0xC1, 0x11, 0x1C, 0xC1, 0x10, 0x0E, 0xE0, 0x00, 0x06, 0x60, 0x90,
  0x02, 0x29, 0x90, 0x02, 0x09, 0x90, 0x00, 0x08, 0x0C, 0xC0, 0x00, 0x0E, 0xB0, 0x01, 0x1B, 0x98,
  0x81, 0x31, 0x0C, 0xC3, 0x70, 0x1E, 0x6E, 0xE1, 0x16, 0x28, 0x01, 0x10, 0x00, 0x01, 0x50, 0x00,
  0x04, 0x40, 0x01, 0x14, 0x40, 0x01, 0x14, 0x40, 0x01, 0x50, 0x00, 0x05, 0x50, 0x00, 0x05, 0x40,
  0x01, 0x14, 0x40, 0x01, 0x14, 0x40, 0x05, 0x50, 0x00, 0x15, 0x50, 0x01, 0x15, 0x40, 0x01, 0x54,
  0x40, 0x05, 0x50, 0x01, 0x15, 0x40, 0x05, 0x54, 0x00, 0x15, 0x50, 0x01, 0x54, 0x00, 0x05, 0x40,
  0x00, 0x00, 0x80, 0x00, 0x08, 0xC0, 0x01, 0x1C, 0xC0, 0x03, 0x34, 0x60, 0x07, 0x76, 0x20, 0x06,
  0xE3, 0x30, 0x0C, 0xC1, 0x18, 0x8C, 0x81, 0x08, 0xFF, 0xFF, 0x01, 0x01, 0x82, 0x6D, 0x82, 0x00,
  0x45, 0x82, 0x00, 0x60, 0x20, 0x03, 0x02, 0x20, 0x50, 0xA0, 0x44, 0x8C, 0x00, 0x00, 0x41, 0x22,
  0x55, 0x2A, 0x55, 0x08, 0x00, 0x20, 0x40, 0xA0, 0x41, 0x80, 0x00, 0x00, 0x41, 0xA2, 0x00, 0x10,
  0x60, 0x18, 0x00, 0x00, 0x02, 0x83, 0x02, 0x00, 0x00, 0x40, 0x40, 0xA0, 0x11, 0x00, 0x80, 0x80,
  0x41, 0x00, 0x00, 0x06, 0x05, 0x82, 0x41, 0xA2, 0x51, 0x80, 0x00, 0x06, 0x04, 0x48, 0xA4, 0x48,
  0x05, 0x09, 0x1C, 0x00, 0x08, 0x00, 0x00, 0x00, 0x02, 0x00, 0x00, 0x00, 0x00, 0x00, 0x00, 0x00,
  0x00, 0x00, 0x00, 0x00, 0x00, 0x00, 0x00, 0x00, 0x04, 0x00, 0x00, 0x00, 0x00, 0x00, 0x00, 0x00,
  0x40, 0x00, 0x00, 0x00, 0x00, 0x00, 0x00, 0x00, 0x00, 0x04, 0x00, 0x00, 0x00, 0x00, 0x00, 0x00,
  0x00, 0x00, 0x00, 0x10, 0x00, 0x00, 0x00, 0x00, 0x00, 0x00, 0x00, 0x00, 0x00, 0x00, 0x00, 0x00,
  0x00, 0x10, 0x00, 0x00, 0x00, 0x00, 0x00, 0x00, 0x04, 0x00, 0x00, 0x00, 0x00, 0x00, 0x00, 0x00,
  0x40, 0x00, 0x00, 0x00, 0x00, 0x00, 0x00, 0x00, 0x00, 0x00, 0x00, 0x00, 0xF0, 0x00, 0x04, 0x10,
  0xC0, 0x01, 0x04, 0x10, 0xC0, 0x00, 0x82, 0x0B, 0x3A, 0x08, 0x60, 0x00, 0x01, 0x04, 0x18, 0x20,
  0x80, 0x0F, 0x20, 0x80, 0x00, 0x02, 0x0C, 0x10, 0x5C, 0xD0, 0x41, 0x00, 0x03, 0x08, 0x60, 0x00,
  0x03, 0x08, 0x60, 0x00, 0x01, 0x0C, 0x27, 0x94, 0x50, 0x43, 0x07, 0x01, 0x0C, 0x20, 0x80, 0x01,
  0x04, 0x10, 0xC0, 0x03, 0x08, 0x20, 0xF8, 0x20, 0xC0, 0x00, 0x39, 0xA4, 0x90, 0x42, 0x0B, 0x25,
  0x94, 0x70, 0x02, 0x0C, 0x1C, 0x10, 0xC0, 0x00, 0x02, 0x0F, 0x04, 0x10, 0x40, 0x00, 0x3F, 0x80,
  0x00, 0x03, 0x07, 0x04, 0x10, 0xC0, 0x00, 0x02, 0x08, 0x38, 0x20, 0x80, 0x00, 0x02, 0x08, 0xE0,
  0x01, 0x04, 0x10, 0x60, 0x80, 0x00, 0x03, 0x04, 0x30, 0x80, 0x00, 0x02, 0x08, 0x20, 0xC0, 0x00,
  0x01, 0x04, 0xC8, 0x36, 0x3F, 0x7D, 0xF8, 0x31, 0xFF, 0xFE, 0xFF, 0xFD, 0x7E, 0xFE, 0xCF, 0xFE,
  0x7E, 0xFD, 0xDE, 0xE7, 0xFF, 0xDF, 0xFF, 0xBF, 0xDF, 0xFC, 0xFA, 0xC7, 0x1F, 0x2C, 0xF7, 0xFB,
  0xFF, 0x77, 0xFE, 0xE7, 0xFF, 0x2F, 0xE4, 0xFF, 0x3F, 0xFC, 0xAF, 0xFF, 0x77, 0xFE, 0xF0, 0x74,
  0xFF, 0xF5, 0xFF, 0xFF, 0xF5, 0xFF, 0xE6, 0x77, 0xBB, 0xE2, 0x7F, 0xE3, 0xFF, 0x3F, 0xF4, 0x0A,
  0xBA, 0xF6, 0x0A, 0xBA, 0xF7, 0x0A, 0xFF, 0xFF, 0x8B, 0x7F, 0x7F, 0xFF, 0x61, 0x7F, 0xCF, 0x7D,
  0xE9, 0xFF, 0x4D, 0x39, 0x01, 0x7C, 0x09, 0xFF, 0xC7, 0xFD, 0x07, 0xFF, 0xFF, 0xFF, 0xFF, 0x1B,
  0xC0, 0xC0, 0x1B, 0xE0, 0x00, 0x18, 0xE0, 0x00, 0x78, 0xE0, 0x40, 0xF8, 0xE0, 0x41, 0xF8, 0x70,
  0x41, 0xFC, 0x70, 0xF3, 0x4B, 0x70, 0x43, 0x48, 0x7C, 0x03, 0x48, 0xFC, 0x07, 0xD8, 0x0D, 0x01,
  0x08, 0x00, 0x00, 0x00, 0x00, 0x00, 0x00, 0x00, 0x00, 0x41, 0x40, 0x00, 0x41, 0x41, 0x00, 0xFD,
  0xF9, 0x87, 0x73, 0x41, 0x00, 0x70, 0x41, 0x00, 0xE0, 0x41, 0x00, 0xE0, 0x7F, 0x00, 0x80, 0x01,
  0x00, 0x80, 0x07, 0x18, 0x80, 0x01, 0x08, 0x80, 0x01, 0x1A, 0x00, 0x00, 0x1E, 0x00, 0x00, 0x06,
  0x00, 0x40, 0x06, 0x8E, 0xC0, 0x02, 0x82, 0xC1, 0x12, 0x02, 0xE1, 0x7F, 0x82, 0x01, 0x7A, 0x92,
  0x01, 0x02, 0xFE, 0x01, 0x02, 0xB2, 0x05, 0x00, 0xF0, 0x05, 0x00, 0xFC, 0x07, 0x00, 0x10, 0x05,
  0x00, 0x10, 0x05, 0x00, 0x10, 0x85, 0x80, 0x00, 0x84, 0xB0, 0x23, 0xFF, 0x38, 0x2F, 0x80, 0xF8,
  0x37, 0x80, 0xCC, 0x1F, 0x80, 0x94, 0x71, 0xFC, 0x2C, 0xFC, 0xFF, 0xFF, 0xFF, 0xFF, 0xFF, 0xFF,
  0x07, 0x00, 0x00, 0x20, 0x00, 0x04, 0x80, 0x00, 0x10, 0x00, 0x02, 0x40, 0x00, 0x08, 0x00, 0x01,
  0x20, 0x00, 0x04, 0x80, 0x00, 0x10, 0x00, 0x02, 0x40, 0x00, 0x00, 0x00, 0x02, 0x40, 0x00, 0x08,
  0x00, 0xF1, 0xFF, 0xFF, 0xFF, 0x00, 0x01, 0x20, 0x00, 0x04, 0x80, 0x00, 0x10, 0x00, 0x02, 0x40,
  0x00, 0x28, 0x00, 0x11, 0x00, 0x08, 0x08, 0x04, 0x01, 0x22, 0x00, 0x05, 0x80, 0x00, 0x50, 0x00,
  0x22, 0x40, 0x10, 0x08, 0x18, 0x01, 0x28, 0x00, 0x04, 0x00, 0x02, 0x00, 0x01, 0x80, 0x00, 0x40,
  0x00, 0x20, 0x00, 0x10, 0xFC, 0xFF, 0xFF, 0x3F, 0x00, 0x02, 0x00, 0x01, 0x80, 0x01, 0x80, 0x00,
  0x40, 0x00, 0x20, 0x00, 0x10, 0x00, 0x08, 0x00, 0x04, 0x00, 0x02, 0x00, 0x01, 0x80, 0x00, 0x40,
  0x00, 0x20, 0x00, 0x10, 0x00, 0x18, 0x00, 0x08, 0x00, 0x04, 0x00, 0x02, 0xF0, 0xFF, 0xFF, 0xFF,
  0x04, 0x02, 0x00, 0x00, 0x61, 0x80, 0x00, 0x00, 0x00, 0x00, 0x00, 0x00, 0x00, 0x70, 0x00, 0x00,
  0x00, 0x00, 0x80, 0x01, 0x80, 0x01, 0x00, 0x00, 0x00, 0x00, 0x00, 0x00, 0x00, 0xE0, 0x18, 0x00,
  0x00, 0x00, 0x00, 0x00, 0x80, 0x07, 0x00, 0x00, 0x03, 0x80, 0x00, 0x00, 0x00, 0x00, 0xC0, 0x01,
  0x00, 0x00, 0x00, 0x00, 0x8D, 0xE1, 0x00, 0x00, 0x00, 0x00, 0xF1, 0xE0, 0x21, 0x00, 0x20, 0x00,
  0x00, 0x00, 0x00, 0x00, 0x00, 0x1E, 0x00, 0x10, 0x00, 0x00, 0x07, 0x80, 0x02, 0x00, 0xC0, 0x00,
  0x00, 0x00, 0x00, 0x00, 0x0F, 0x00, 0x08, 0x00, 0x00, 0x00, 0x00, 0x00, 0x03, 0xE0, 0x00, 0x80,
  0x18, 0x00, 0x00, 0x00, 0x00, 0x00, 0x00, 0x1E, 0x30, 0x04, 0x00, 0x00, 0x00, 0x00, 0x07, 0x80,
  0x02, 0x00, 0x00, 0x1E, 0x03, 0x82, 0x00, 0x80, 0x00, 0x00, 0x00, 0x00, 0xFF, 0xFF, 0x00, 0x08,
  0x04, 0x80, 0x40, 0x00, 0x0C, 0x0C, 0x40, 0x80, 0x00, 0x04, 0x28, 0x00, 0x02, 0x12, 0x20, 0x60,
  0x01, 0x03, 0x34, 0x10, 0x40, 0x02, 0x01, 0x20, 0x00, 0x00, 0x00, 0x00, 0x40, 0x00, 0x00, 0x84,
  0x00, 0xC0, 0x08, 0x00, 0xC8, 0x00, 0x80, 0x04, 0x00, 0x40, 0x00, 0x04, 0x00, 0x44, 0x02, 0x40,
  0x26, 0x00, 0x2C, 0x06, 0x80, 0x40, 0x00, 0x08, 0x04, 0x00, 0x00, 0x00, 0x00, 0x00, 0x00, 0x00,
  0x00, 0x00, 0x02, 0x00, 0x20, 0x00, 0x00, 0x03, 0x08, 0x10, 0x80, 0x00, 0x11, 0x0C, 0x00, 0x41,
  0x00, 0x10, 0x04, 0x00, 0x02, 0x02, 0x20, 0x20, 0x00, 0x02, 0x06, 0x00, 0x40, 0x00, 0x00, 0x04,
  0x00, 0x00, 0x00, 0x48, 0x02, 0x80, 0x24, 0x00, 0x6C, 0x03, 0x40, 0x12, 0x00, 0x24, 0x01, 0x00,
  0x00, 0x00, 0x00, 0x02, 0x00, 0x20, 0x00, 0x00, 0x06, 0x00, 0x40, 0x00, 0x00, 0x04, 0x00, 0x00,
  0x00, 0x00, 0x02, 0x00, 0x20, 0x00, 0x00, 0x06, 0x00, 0x40, 0x00, 0x00, 0x04, 0x00, 0x00, 0x00,
  0x00, 0x02, 0x00, 0x20, 0x00, 0x00, 0x06, 0x00, 0x40, 0x00, 0x00, 0x04, 0x00, 0x06, 0x00, 0x60,
  0x00, 0x00, 0x06, 0x00, 0x00, 0x00, 0x00, 0x00, 0x00, 0x00, 0x00, 0x00, 0x00, 0x99, 0x99, 0x09,
  0x00, 0x00, 0x00, 0x00, 0x00, 0x00, 0x00, 0x66, 0x66, 0x06, 0x00, 0x00, 0x00, 0x00, 0x00, 0x00,
  0x00, 0x00, 0x00, 0xF0, 0xFF, 0xFF, 0xFF, 0xFF, 0xFF, 0xFF, 0xFF, 0x00, 0x00, 0x00, 0x00, 0x00,
  0x00, 0x00, 0x00, 0x00, 0x06, 0x00, 0x00, 0x00, 0x00, 0x00, 0x00, 0x00, 0x00, 0x00, 0x18, 0x00,
  0x06, 0x00, 0x00, 0x00, 0x00, 0x00, 0x10, 0x00, 0x80, 0x00, 0x00, 0x00, 0x00, 0x00, 0x00, 0x00,
  0x80, 0x01, 0x00, 0x00, 0x00, 0x00, 0x00, 0x00, 0x00, 0x00, 0x00, 0x18, 0x00, 0x00, 0x00, 0x00,
  0x00, 0x00, 0x00, 0x00, 0xF0, 0xFF, 0xFF, 0xFF, 0xFF, 0xFF, 0xFF, 0xFF, 0x00, 0x00, 0x00, 0x00,
  0x00, 0x00, 0x00, 0x00, 0x60, 0x00, 0x00, 0x00, 0x00, 0x00, 0x00, 0x00, 0x00, 0x00, 0x00, 0x06,
  0x00, 0x00, 0x00, 0x00, 0x00, 0x00, 0x00, 0x00, 0x00, 0x60, 0x00, 0x00, 0x00, 0x00, 0x00, 0x06,
  0x00, 0x00, 0x00, 0x00, 0x00, 0x00, 0x00, 0x06, 0x00, 0x00, 0x00, 0x00, 0x30, 0x00, 0x00, 0x00,
  0x00, 0x00, 0x06, 0x00, 0x00, 0x66, 0x00, 0x00, 0xFF, 0xFF, 0xFF, 0xFF, 0xFF, 0xFF, 0xFF, 0xFF,
  0xFF, 0xFF, 0xFF, 0xFF, 0xFF, 0xFF, 0xFF, 0xFF, 0xFF, 0xFF, 0xFF, 0xFF, 0xFF, 0xDF, 0xDD, 0xDD,
  0x5D, 0xDD, 0xDD, 0xDD, 0xED, 0xDD, 0xDD, 0xDD, 0xF5, 0xFF, 0xFF, 0xFF, 0xFF, 0xFF, 0xFF, 0xFF,
  0xFF, 0xFF, 0xFF, 0xFF, 0xFF, 0xFF, 0xFF, 0x0F, 0x3E, 0x3E, 0x3E, 0x20, 0x1F, 0x1F, 0x9F, 0x91,
  0x8F, 0x8F, 0x8F, 0xC8, 0xC7, 0xC7, 0x07, 0xE0, 0xE3, 0xE3, 0x07, 0xF0, 0xF1, 0xF1, 0x03, 0xF8,
  0xF8, 0xF8, 0x01, 0x7C, 0x7C, 0x0C, 0x00, 0x00, 0x00, 0xFC, 0xFF, 0xFF, 0xFF, 0x00, 0x00, 0x00,
  0xC0, 0xFF, 0xFF, 0xFF, 0x0F, 0x00, 0x00, 0x00, 0xFC, 0xFF, 0xFF, 0xFF, 0x00, 0x00, 0x00, 0xC0,
  0xFF, 0xFF, 0xFF, 0x0F, 0x00, 0x00, 0x00, 0xA8, 0xAA, 0xAA, 0xAA, 0x00, 0x00, 0x00, 0x40, 0x55,
  0x55, 0x55, 0x05, 0x00, 0x00, 0x00, 0xA8, 0xAA, 0xAA, 0xAA, 0x00, 0x00, 0x00, 0x40, 0x55, 0x55,
  0x55, 0x05, 0x00, 0x00, 0x00, 0xA8, 0xAA, 0xAA, 0xAA, 0x00, 0x00, 0x00, 0x40, 0x55, 0x55, 0x55,
  0x05, 0x00, 0x00, 0x00, 0xA8, 0xAA, 0xAA, 0xAA, 0x00, 0x00, 0x00, 0x40, 0x55, 0x55, 0x55, 0x55,
  0x55, 0x55, 0x55, 0x55, 0x55, 0x55, 0x55, 0x55, 0x55, 0x55, 0x55, 0x55, 0x55, 0x55, 0x55, 0x55,
  0x55, 0x55, 0x55, 0x55, 0x55, 0x55, 0x55, 0x55, 0x55, 0x55, 0x55, 0x55, 0x55, 0x55, 0x55, 0x55,
  0x55, 0x55, 0x55, 0x55, 0x55, 0x55, 0x55, 0x55, 0x55, 0x55, 0x55, 0x55, 0xA5, 0xAA, 0xAA, 0xAA,
  0x56, 0x55, 0x55, 0x55, 0xAA, 0xAA, 0xAA, 0x6A, 0x55, 0x55, 0x55, 0xF5, 0xFF, 0xFF, 0xFF, 0x47,
  0x04, 0x11, 0x11, 0x33, 0xC3, 0xCC, 0x8C, 0x99, 0x61, 0x66, 0xC6, 0xCC, 0x30, 0x33, 0x67, 0x66,
  0x98, 0x99, 0x33, 0x33, 0xCC, 0x8C, 0x99, 0x19, 0x66, 0xC6, 0xCC, 0x0C, 0x33, 0x67, 0x66, 0x86,
  0x99, 0x33, 0x33, 0xC3, 0x8C, 0x99, 0x99, 0x61, 0xC6, 0xCC, 0xCC, 0x30, 0x67, 0x66, 0x66, 0x98,
  0x33, 0x33, 0x33, 0x8C, 0x99, 0x99, 0x19, 0x06, 0x00, 0x00, 0x00, 0x00, 0x00, 0x00, 0x00, 0xFF,
  0xFF, 0xFF, 0x3F, 0x00, 0x00, 0x00, 0xF0, 0xFF, 0xFF, 0xFF, 0x03, 0x00, 0x00, 0x00, 0xFF, 0xFF,
  0xFF, 0x3F, 0x00, 0x00, 0x00, 0xF0, 0xFF, 0xFF, 0xFF, 0xFF, 0xFF, 0xFF, 0xFF, 0xFF, 0xFF, 0xFF,
  0xFF, 0xFF, 0xFF, 0xFF, 0xFF, 0xFF, 0xFF, 0xFF, 0xFF, 0xFF, 0xFF, 0xFF, 0xFF, 0xFF, 0xFF, 0xBF,
  0xAA, 0xAA, 0xAA, 0x5A, 0x55, 0x55, 0x55, 0xA9, 0xAA, 0xAA, 0xAA, 0x55, 0x55, 0x55, 0x95, 0xAA,
  0xAA, 0xAA, 0x0A, 0x00, 0x00, 0x00, 0xFC, 0xFF, 0xFF, 0xFF, 0xFF, 0xFF, 0xFF, 0xFF, 0xFF, 0xFF,
  0xFF, 0x0F, 0x00, 0x00, 0x00, 0xFC, 0xFF, 0xFF, 0xFF, 0x00, 0x00, 0x00, 0xC0, 0xFF, 0xFF, 0xFF,
  0x0F, 0x00, 0x00, 0x00, 0xFC, 0xFF, 0xFF, 0xFF, 0x00, 0x00, 0x00, 0xC0, 0xFF, 0xFF, 0xFF, 0x0F,
  0x00, 0x00, 0x00, 0xFC, 0xFF, 0xFF, 0xFF, 0x00, 0x00, 0x00, 0x00, 0x00, 0x00, 0x00, 0xF0, 0xFF,
  0xFF, 0xFF, 0x47, 0x12, 0x11, 0x11, 0x91, 0x44, 0x44, 0x44, 0x24, 0x11, 0x11, 0x01, 0x08, 0x00,
  0x00, 0x44, 0x10, 0x11, 0x11, 0x91, 0x44, 0x44, 0x04, 0x20, 0x00, 0x00, 0x10, 0x41, 0x44, 0x44,
  0x00, 0x02, 0x00, 0x00, 0x91, 0x44, 0x44, 0x44, 0x24, 0x11, 0x11, 0x01, 0x00, 0x00, 0x00, 0x00,
  0x00, 0x00, 0x00, 0x00, 0x00, 0x00, 0x00, 0x00, 0x00, 0x00, 0xF0, 0xFF, 0xFF, 0xFF, 0xFF, 0xFF,
  0xFF, 0xFF, 0xFF, 0xFF, 0x03, 0x00, 0x00, 0x00, 0x00, 0x00, 0xFC, 0xFF, 0xFF, 0x03, 0x00, 0x00,
  0x00, 0x00, 0x00, 0xB4, 0x6D, 0xDB, 0xB6, 0x6D, 0xDB, 0xB6, 0x6D, 0xDB, 0xB6, 0x6D, 0xDB, 0xB6,
  0x6D, 0xDB, 0xB6, 0x6D, 0xDB, 0xB6, 0x6D, 0xDB, 0xB6, 0x6D, 0xDB, 0xB6, 0x6D, 0xDB, 0xB6, 0x6D,
  0xDB, 0xB6, 0x6D, 0xDB, 0x02, 0x00, 0x00, 0x00, 0x00, 0x00, 0xFC, 0xFF, 0xFF, 0x03, 0x00, 0x00,
  0x00, 0x00, 0x00, 0xFC, 0xFF, 0xFF, 0x03, 0x00, 0x00, 0x00, 0x00, 0x00, 0xFC, 0xFF, 0xFF, 0x03,
  0x00, 0x00, 0x00, 0x00, 0x00, 0xFC, 0xFF, 0xFF, 0x03, 0x00, 0x00, 0x00, 0x02, 0x00, 0x00, 0x02,
  0x00, 0x00, 0x02, 0x00, 0x00, 0x02, 0x00, 0x00, 0x02, 0x00, 0x00, 0x02, 0x00, 0x00, 0x02, 0x00,
  0x00, 0x02, 0x00, 0x00, 0x02, 0x00, 0x00, 0x02, 0x00, 0x00, 0x02, 0x00, 0x00, 0x00, 0x00, 0x60,
  0x18, 0x00, 0x60, 0x18, 0x00, 0x60, 0x18, 0x00, 0x60, 0x18, 0x00, 0x60, 0x18, 0x00, 0x60, 0x18,
  0x00, 0x60, 0x18, 0x00, 0x60, 0x18, 0x00, 0x60, 0x18, 0x00, 0x60, 0x18, 0x00, 0x60, 0x18, 0x00,
  0x00, 0x00, 0x00, 0xB4, 0x6D, 0xDB, 0xB6, 0x6D, 0xDB, 0xB6, 0x6D, 0xDB, 0xB6, 0x6D, 0xDB, 0xB6,
  0x6D, 0xDB, 0xB6, 0x6D, 0xDB, 0xB6, 0x6D, 0xDB, 0xB6, 0x6D, 0xDB, 0xB6, 0x6D, 0xDB, 0xB6, 0x6D,
  0xDB, 0xB6, 0x6D, 0xDB, 0xB6, 0x6D, 0xDB, 0xB6, 0x6D, 0xDB, 0xB6, 0x6D, 0xDB, 0x02, 0x00, 0x00,
  0x00, 0x00, 0x00, 0xFC, 0xFF, 0xFF, 0x03, 0x00, 0x00, 0x00, 0x00, 0x00, 0x00, 0x00, 0x00, 0xFC,
  0xFF, 0xFF, 0x03, 0x00, 0x00, 0x00, 0x00, 0x00, 0xFC, 0xFF, 0xFF, 0x03, 0x00, 0x00, 0x00, 0x00,
  0x00, 0xFC, 0xFF, 0xFF, 0x03, 0x00, 0x00, 0x00, 0x00, 0x00, 0xFC, 0xFF, 0xFF, 0x03, 0x00, 0x00,
  0x00, 0x80, 0x00, 0x00, 0x80, 0x00, 0x00, 0x80, 0x00, 0x00, 0x80, 0x00, 0x00, 0x80, 0x00, 0x00,
  0x80, 0x00, 0x00, 0x80, 0x00, 0x00, 0x80, 0x00, 0x00, 0x80, 0x00, 0x00, 0x80, 0x00, 0x00, 0x80,
  0x00, 0x00, 0x80, 0x00, 0x00, 0x80, 0x00, 0x00, 0x80, 0x00, 0x00, 0x80, 0x00, 0x00, 0x80, 0x00,
  0x00, 0x80, 0x00, 0x00, 0x80, 0x00, 0x00, 0x80, 0x00, 0x00, 0x80, 0x00, 0x00, 0x80, 0x00, 0x0C,
  0xC3, 0x30, 0x0C, 0xC3, 0xFF, 0xFF, 0xFF, 0x30, 0x0C, 0xC3, 0x30, 0xFC, 0xFF, 0xFF, 0x0F, 0xC3,
  0x30, 0x00, 0x00, 0x00, 0x00, 0x00, 0x00, 0x00, 0x00, 0x00, 0xC0, 0x30, 0x0C, 0xC3, 0xF0, 0xFF,
  0xFF, 0x3F, 0x0C, 0xC3, 0x30, 0x0C, 0x03, 0x00, 0x00, 0x00, 0x00, 0x00, 0x00, 0xC0, 0x30, 0xFC,
  0xFF, 0xFF, 0x0F, 0xC3, 0x30, 0xFC, 0xFF, 0xFF, 0x0F, 0x03, 0x00, 0x00, 0x00, 0x00, 0x00, 0x00,
  0x00, 0x00, 0xC0, 0x30, 0x0C, 0xC3, 0xFF, 0xFF, 0xFF, 0x30, 0x0C, 0xC3, 0x30, 0xFC, 0xFF, 0xFF,
  0x03, 0x00, 0x00, 0x00, 0x00, 0x00, 0x00, 0x00, 0x0C, 0xFF, 0xFF, 0xFF, 0xC3, 0x30, 0x0C, 0x03,
  0x00, 0x00, 0x00, 0x00, 0x0C, 0xFF, 0xFF, 0xFF, 0xC3, 0x30, 0x00, 0x00, 0x00, 0x00, 0x00, 0x00,
  0x00, 0x30, 0x0C, 0xC3, 0x30, 0xCC, 0xFF, 0xFF, 0x3F, 0xC3, 0x3C, 0x00, 0x3C, 0x00, 0x3C, 0x00,
  0x3C, 0x00, 0x18, 0x00, 0x18, 0x00, 0x18, 0x00, 0x18, 0x00, 0xFC, 0x00, 0xFF, 0x00, 0x83, 0x00,
  0x81, 0x00, 0x81, 0xC3, 0x81, 0xC3, 0x01, 0x42, 0x00, 0x42, 0x00, 0x42, 0x00, 0x18, 0x00, 0x18,
  0x00, 0x18, 0x00, 0x18, 0x00, 0x7E, 0x00, 0x7E, 0x00, 0x42, 0x00, 0x42, 0x00, 0x42, 0x00, 0x42,
  0x00, 0x66, 0x00, 0x66, 0x00, 0x24, 0x00, 0x24, 0x00, 0x3C, 0x00, 0x3C, 0x00, 0x18, 0x00, 0x18,
  0x00, 0x18, 0x00, 0x00, 0x00, 0x00, 0x00, 0x00, 0x00, 0x7E, 0x00, 0x7E, 0x80, 0xC3, 0x81, 0xC3,
  0x81, 0x00, 0x81, 0x00, 0x81, 0x00, 0xE5, 0x00, 0xE7, 0x00, 0x3F, 0x00, 0x3C, 0x00, 0x18, 0x00,
  0x18, 0x00, 0x18, 0x00, 0x00, 0x00, 0x00, 0x00, 0x18, 0x00, 0x18, 0x00, 0x3C, 0x00, 0x24, 0x00,
  0x24, 0x00, 0x3C, 0x00, 0x18, 0x00, 0x18, 0x00, 0x00, 0x00, 0x00, 0x00, 0x00, 0x00, 0x3C, 0x7E,
  0x3C, 0x7E, 0x24, 0x42, 0xE4, 0xC3, 0xE7, 0xC3, 0x03, 0x00, 0x00, 0x00, 0x00, 0x00, 0x00, 0x18,
  0x00, 0x18, 0x00, 0xFF, 0x00, 0xFF, 0x00, 0x81, 0x00, 0x81, 0xC0, 0x81, 0xC3, 0x81, 0x43, 0x00,
  0x66, 0x00, 0x66, 0x00, 0x26, 0x00, 0x24, 0x00, 0x3C, 0x00, 0x3C, 0x00, 0x3C, 0x00, 0x18, 0x00,
  0x18, 0x00, 0x0C, 0x30, 0xC0, 0x00, 0x00, 0x00, 0x70, 0x20, 0xC3, 0x08, 0x61, 0x06, 0x0F, 0x00,
  0x03, 0x8C, 0x01, 0xC6, 0x81, 0x0C, 0x23, 0x84, 0x10, 0x42, 0x08, 0x61, 0x06, 0x0F, 0x00, 0x00,
  0x00, 0x00, 0x0F, 0x24, 0xF0, 0x00, 0x00, 0xC0, 0xE7, 0x90, 0x7C, 0x0E, 0x00, 0x00, 0x0F, 0x23,
  0x84, 0xD0, 0xC3, 0x00, 0x00, 0x30, 0xC0, 0x00, 0x00, 0x00, 0x30, 0xC0, 0x00, 0x00, 0x00, 0x70,
  0x20, 0x81, 0x0C, 0x23, 0xF4, 0x36, 0x18, 0x60, 0x80, 0x01, 0x00, 0x00, 0x00, 0xE0, 0x87, 0x10,
  0x66, 0x90, 0xDC, 0x4B, 0x20, 0xC3, 0x08, 0x21, 0x84, 0x1F, 0x00, 0x07, 0x12, 0xC8, 0x39, 0x3C,
  0x00, 0x0C, 0x70, 0x20, 0x81, 0x04, 0x1E, 0x08, 0xC0, 0x00, 0x03, 0x0C, 0x00, 0x07, 0x0C, 0x80,
  0x07, 0x0C, 0x80, 0x07, 0x0E, 0xE0, 0x03, 0x0E, 0xF0, 0x01, 0x07, 0xF0, 0x80, 0x03, 0x78, 0x80,
  0x03, 0x78, 0xC0, 0x03, 0x38, 0xE0, 0x63, 0x00, 0xE0, 0xE1, 0x01, 0xE0, 0xC0, 0x07, 0x60, 0x80,
  0x0F, 0x00, 0x00, 0x1F, 0x00, 0x00, 0x3E, 0x00, 0x00, 0x78, 0x00, 0x00, 0x78, 0x00, 0x00, 0x00,
  0x00, 0x00, 0x00, 0xE0, 0x0F, 0x00, 0xF0, 0x0F, 0x00, 0x70, 0x00, 0x00, 0x78, 0x00, 0x33, 0x3C,
  0xC0, 0x33, 0x3C, 0xE0, 0x00, 0x1E, 0xE0, 0x00, 0x0E, 0xF0, 0x00, 0x0E, 0x78, 0x00, 0x07, 0x3C,
  0x00, 0x07, 0x1C, 0x00, 0x00, 0x0E, 0x00, 0x00, 0x0F, 0x00, 0x00, 0x07, 0x00, 0x00, 0x07, 0x00,
  0x00, 0x07, 0x78, 0x00, 0x03, 0xFE, 0x80, 0x03, 0xFF, 0x80, 0x83, 0x0F, 0x80, 0xC3, 0x07, 0x80,
  0xE3, 0x01, 0x80, 0x63, 0x00, 0x00, 0x03, 0x00, 0x00, 0x07, 0x80, 0x01, 0x07, 0x80, 0x01, 0x0F,
  0x00, 0x00, 0x0E, 0x00, 0x00, 0x1C, 0x00, 0x00, 0x3C, 0x00, 0x00, 0x38, 0x00, 0x00, 0x78, 0x00,
  0x60, 0xF0, 0x30, 0x60, 0xE0, 0x30, 0x70, 0xC0, 0x00, 0x78, 0x80, 0x00, 0x38, 0x00, 0x00, 0x1C,
  0x00, 0xC0, 0x0F, 0x00, 0xE0, 0x07, 0x00, 0xF0, 0x01, 0x18, 0xF8, 0x00, 0x18, 0x78, 0x00, 0x03,
  0x38, 0x80, 0x03, 0x00, 0xC0, 0x03, 0x00, 0xC0, 0x03, 0x00, 0xE0, 0x01, 0x80, 0x71, 0x00, 0x80,
  0x79, 0x00, 0x03, 0x78, 0x80, 0x03, 0x38, 0xC0, 0x01, 0x18, 0xE0, 0x01, 0x18, 0x70, 0x00, 0x00,
  0x30, 0x00, 0x00, 0x3C, 0x00, 0x00, 0x1C, 0x00, 0x00, 0x18, 0x00, 0x00, 0x8C, 0x23, 0x86, 0xC7,
  0x11, 0xC3, 0xE3, 0x88, 0xE1, 0x71, 0xC4, 0xF0, 0x38, 0x62, 0xF8, 0xFF, 0xFF, 0x3F, 0x0C, 0x18,
  0x1E, 0x06, 0x0C, 0x0F, 0x03, 0x86, 0x87, 0x01, 0xC3, 0xC3, 0x80, 0xE1, 0x61, 0xC4, 0xF0, 0x30,
  0x62, 0x78, 0x08, 0x31, 0x3C, 0x84, 0x18, 0x1E, 0x43, 0x0C, 0x8F, 0x21, 0x86, 0xC1, 0x11, 0x03,
  0xE0, 0x88, 0x01, 0x70, 0x84, 0x00, 0x38, 0x42, 0xC0, 0xFF, 0xE7, 0x01, 0x82, 0x00, 0x00, 0x41,
  0x00, 0x80, 0x20, 0x00, 0x40, 0x10, 0x00, 0x20, 0x08, 0x01, 0x50, 0xC4, 0x00, 0x38, 0x62, 0x00,
  0x1C, 0x31, 0x00, 0x84, 0x18, 0x06, 0x42, 0x0C, 0x07, 0x20, 0x86, 0x07, 0x11, 0xC3, 0x83, 0x88,
  0xE1, 0x41, 0xC4, 0xF0, 0x20, 0x62, 0x78, 0x04, 0x31, 0x3C, 0x82, 0x18, 0x1E, 0x41, 0x0C, 0x8F,
  0x20, 0x86, 0xFF, 0xFF, 0xFF, 0x63, 0x08, 0xE1, 0x31, 0x04, 0xF0, 0x38, 0x02, 0x78, 0x1C, 0x01,
  0x3C, 0x8E, 0x00, 0x1E, 0x47, 0x00, 0x8F, 0x23, 0x80, 0xC7, 0x10, 0xC0, 0x23, 0x08, 0xE0, 0x01,
  0x04, 0xF0, 0x00, 0x02, 0x78, 0x0C, 0x01, 0x3C, 0x8E, 0x00, 0x1E, 0x47, 0x00, 0x8F, 0x23, 0x80,
  0x87, 0x01, 0xC0, 0x43, 0x00, 0xE1, 0x01, 0x80, 0xF0, 0x00, 0x40, 0xF8, 0x03, 0xFC, 0x3F, 0x00,
  0x18, 0x1E, 0x00, 0x0C, 0x0F, 0x00, 0x86, 0x47, 0x00, 0xC3, 0x63, 0x80, 0xE1, 0x71, 0xC4, 0xF0,
  0x38, 0x22, 0x38, 0x00, 0x11, 0x1C, 0x80, 0x08, 0x06, 0x40, 0x04, 0x03, 0x20, 0x82, 0xC1, 0x11,
  0x01, 0xE0, 0x88, 0x00, 0x70, 0x44, 0xC0, 0x38, 0x22, 0x60, 0x18, 0x31, 0x38, 0x8C, 0x18, 0x1C,
  0x46, 0x0C, 0x0E, 0x23, 0x86, 0xC7, 0x11, 0xC3, 0xE0, 0x88, 0x21, 0x70, 0xC4, 0x00, 0x38, 0x62,
  0x80, 0x3F, 0xFF, 0x01, 0x0E, 0x18, 0x00, 0x07, 0x0C, 0x80, 0x03, 0x06, 0xC0, 0x01, 0x43, 0xA3,
  0x80, 0xE1, 0x41, 0xC0, 0xF0, 0x20, 0x60, 0x70, 0x10, 0x11, 0x30, 0x88, 0x00, 0x1C, 0x44, 0x00,
  0x0E, 0x22, 0x82, 0x07, 0x11, 0xC3, 0xC3, 0x88, 0xE1, 0x71, 0x04, 0xF0, 0x38, 0x02, 0x70, 0x1C,
  0x01, 0x28, 0x0E, 0x00, 0x00, 0x06, 0x00, 0x1C, 0x00, 0x07, 0xC0, 0x0F, 0x7E, 0x00, 0x1C, 0x0E,
  0x80, 0x03, 0xE0, 0x00, 0xFE, 0x00, 0x0E, 0x80, 0xC3, 0xE1, 0x70, 0x00, 0xFC, 0xE0, 0x07, 0xC0,
  0x01, 0x00, 0x38, 0x00, 0x0E, 0xE0, 0x0F, 0xE0, 0x00, 0x38, 0x00, 0x00, 0x03, 0xE0, 0x01, 0x3C,
  0x00, 0x02, 0x00, 0x00, 0x00, 0x00, 0xC0, 0x07, 0xF0, 0x01, 0xFF, 0x01, 0x1F, 0xC0, 0x07, 0x00,
  0x70, 0x01, 0x3F, 0x00, 0x87, 0x03, 0xE0, 0x00, 0xFE, 0x00, 0x0E, 0x80, 0x03, 0x00, 0x00, 0x80,
  0xC3, 0xF0, 0x39, 0x38, 0x0E, 0x80, 0x1F, 0xFC, 0x00, 0x38, 0x3E, 0x8E, 0x8F, 0xE0, 0x03, 0xFC,
  0x01, 0x3E, 0x80, 0x0F, 0xE0, 0xC3, 0x01, 0x70, 0x00, 0xFC, 0xE0, 0x07, 0xC0, 0x01, 0x00, 0x00,
  0xE0, 0x00, 0x38, 0xC0, 0x7F, 0x80, 0x03, 0xE0, 0x00, 0x00, 0x00, 0xE0, 0x00, 0x38, 0xC0, 0x7F,
  0x80, 0x03, 0xE0, 0x70, 0x00, 0x7C, 0xC0, 0x07, 0x00, 0x00, 0x00, 0x00, 0x00, 0x00, 0x80, 0x83,
  0xE3, 0xF0, 0xFF, 0x3A, 0x0E, 0x80, 0x03, 0x00, 0x00, 0x00, 0x00, 0x00, 0x1C, 0x78, 0x07, 0xEF,
  0x83, 0x73, 0x00, 0x1C, 0x00, 0x00, 0x00, 0x00, 0x00, 0x00, 0x00, 0x0E, 0xE0, 0x0F, 0xE0, 0x40,
  0x10, 0x40, 0x30, 0x60, 0x70, 0x60, 0x70, 0x60, 0x70, 0x64, 0x60, 0x24, 0x42, 0x26, 0x02, 0x03,
  0x03, 0x03, 0x03, 0x09, 0x09, 0x08, 0x19, 0x18, 0x18, 0x18, 0x90, 0x10, 0x80, 0x11, 0x80, 0x01,
  0x81, 0x81, 0x89, 0xC1, 0x19, 0xC1, 0x38, 0x40, 0x38, 0x00, 0x38, 0x04, 0x30, 0x04, 0x20, 0x4C,
  0x00, 0xC8, 0x00, 0xC8, 0x01, 0x80, 0x09, 0x00, 0x09, 0x00, 0x18, 0x00, 0x18, 0x08, 0x18, 0x08,
  0x10, 0x0C, 0x10, 0x0C, 0x00, 0x04, 0x00, 0x05, 0x82, 0x01, 0xC3, 0x01, 0xC3, 0x01, 0xC3, 0x00,
  0x41, 0x20, 0x00, 0x20, 0x00, 0x22, 0x00, 0x63, 0x00, 0x43, 0x00, 0x43, 0x20, 0x41, 0x30, 0x00,
  0x38, 0x08, 0x38, 0x08, 0x18, 0x08, 0x09, 0x18, 0x01, 0x18, 0x03, 0x10, 0x02, 0x10, 0x02, 0x10,
  0x10, 0x02, 0x31, 0x83, 0x71, 0xC1, 0x61, 0xC0, 0x40, 0x40, 0x00, 0x00, 0x00, 0x00, 0x20, 0x00,
  0x30, 0x00, 0x10, 0x00, 0x01, 0x00, 0x03, 0x00, 0x0B, 0x00, 0x1A, 0x00, 0x18, 0x00, 0x10, 0x01,
  0x80, 0x41, 0x80, 0x61, 0x80, 0x71, 0x80, 0x70, 0x00, 0x30, 0x00, 0x10, 0x00, 0x08, 0x00, 0x08,
  0x01, 0x00, 0xE1, 0xC7, 0x2F, 0x00, 0x08, 0x04, 0x04, 0x81, 0x80, 0x20, 0x1E, 0x10, 0x04, 0xE0,
  0x93, 0xC0, 0x03, 0x02, 0x80, 0x40, 0xE0, 0x0F, 0x08, 0x04, 0x00, 0x81, 0xC0, 0xEF, 0x11, 0x08,
  0x00, 0x02, 0x01, 0x00, 0x20, 0x00, 0x1F, 0x04, 0x20, 0x88, 0x00, 0x04, 0x91, 0xBF, 0x20, 0x10,
  0x00, 0x07, 0x02, 0x00, 0x40, 0x00, 0x00, 0x08, 0x00, 0x00, 0x00, 0x40, 0x00, 0xFC, 0x09, 0x80,
  0x00, 0x01, 0x10, 0x20, 0x10, 0xC2, 0x07, 0x42, 0x00, 0x40, 0x08, 0x00, 0x0A, 0x00, 0x40, 0x3F,
  0xFC, 0x09, 0x00, 0x20, 0x3F, 0x00, 0x04, 0x00, 0xA0, 0x80, 0xFC, 0x04, 0x90, 0x80, 0xE0, 0x12,
  0x1F, 0x44, 0x02, 0xA0, 0x48, 0xF8, 0xD3, 0x09, 0x01, 0x00, 0x20, 0x01, 0x00, 0x24, 0x80, 0xBF,
  0x04, 0x00, 0x94, 0x80, 0x80, 0x12, 0x10, 0x10, 0x02, 0x1E, 0x42, 0x00, 0x50, 0x88, 0x00, 0x02,
  0x0F, 0x40, 0x00, 0x3E, 0x0F, 0x20, 0x00, 0x00, 0x04, 0xBE, 0xBF, 0x00, 0x14, 0x10, 0x80, 0x02,
  0x02, 0x50, 0x40, 0x00, 0x4A, 0xC1, 0x07, 0x28, 0x80, 0x00, 0xC5, 0xD0, 0xBF, 0x07, 0x02, 0x00,
  0x41, 0x00, 0x1E, 0x00, 0x41, 0x20, 0x20, 0x08, 0x04, 0x04, 0x81, 0x80, 0x20, 0x10, 0xF0, 0xC0,
  0x03, 0xC0, 0x07, 0xFC, 0x00, 0x80, 0x00, 0x00, 0x10, 0x11, 0x02, 0x22, 0x42, 0x40, 0x47, 0x08,
  0x08, 0x08, 0x7F, 0x00, 0x2F, 0x00, 0x00, 0x00, 0x00, 0x00, 0x00, 0xF8, 0x00, 0x04, 0x01, 0x80,
  0x20, 0x00, 0x10, 0x84, 0xEF, 0x03, 0x00, 0x01, 0x00, 0x20, 0xC0, 0x87, 0x04, 0x08, 0x10, 0x00,
  0x01, 0x02, 0x22, 0x7E, 0x40, 0x00, 0x00, 0x08, 0x00, 0x00, 0x0F, 0x00, 0x01, 0x00, 0xE0, 0x03,
  0x3D, 0x04, 0x20, 0x04, 0x3E, 0x84, 0x40, 0xF0, 0x00, 0x88, 0x40, 0x00, 0x11, 0xC8, 0x21, 0xF2,
  0x21, 0x40, 0x00, 0x04, 0x08, 0x00, 0xF8, 0xF9, 0xBC, 0x00, 0x90, 0x20, 0x00, 0x12, 0x44, 0x40,
  0x82, 0x0B, 0x40, 0x00, 0x21, 0x88, 0xBE, 0x04, 0x11, 0x90, 0x00, 0xFA, 0x12, 0xC0, 0x40, 0xFE,
  0xE1, 0x0F, 0x80, 0x03, 0x40, 0x80, 0x1F, 0x88, 0x17, 0x00, 0x11, 0xC2, 0x3F, 0x42, 0x00, 0x40,
  0x08, 0x00, 0x00, 0x0F, 0x00, 0x00, 0x00, 0x00, 0x0F, 0x00, 0xFD, 0x00, 0xD0, 0x00, 0x00, 0x0D,
  0x00, 0xD0, 0x0F, 0x00, 0x0D, 0x00, 0xD0, 0x0F, 0xF0, 0xF0, 0x00, 0x00, 0x00, 0xF0, 0xF0, 0x00,
  0xAF, 0x00, 0xF0, 0x0A, 0x00, 0xA0, 0x00, 0x00, 0x0A, 0x00, 0xA0, 0x00, 0xF0, 0x00, 0x00, 0x30,
  0x00, 0xF0, 0x03, 0x00, 0x30, 0x00, 0xF0, 0x03, 0x00, 0x0F, 0x00, 0x00, 0x00, 0x00, 0x00, 0x00,
  0x00, 0x00, 0xA0, 0x0F, 0x00, 0xFA, 0x00, 0xA0, 0x00, 0x00, 0x0A, 0x00, 0xA0, 0x00, 0x00, 0x0A,
  0x00, 0xA0, 0x00, 0x00, 0x0A, 0x00, 0xA0, 0x00, 0x00, 0x0A, 0x00, 0x00, 0x00, 0x00, 0x00, 0x00,
  0x00, 0x00, 0x00, 0x0D, 0x00, 0xD0, 0x00, 0x00, 0x0D, 0x00, 0xD0, 0x00, 0x00, 0x0D, 0x00, 0xD0,
  0x00, 0x00, 0x0D, 0x00, 0x00, 0x00, 0x00, 0x00, 0x00, 0x50, 0x00, 0x00, 0x05, 0x00, 0x50, 0x00,
  0x00, 0x05, 0x00, 0x00, 0x00, 0xF0, 0x00, 0x00, 0x1F, 0x00, 0x00, 0x01, 0x00, 0x10, 0x00, 0xF0,
  0x00, 0x00, 0x0F, 0x00, 0x00, 0x00, 0x00, 0x0F, 0x00, 0x00, 0x00, 0x00, 0x0F, 0x00, 0x00, 0x00,
  0x00, 0x0F, 0x00, 0xF0, 0x00, 0x00, 0x0F, 0x00, 0x00, 0x00, 0x00, 0x00, 0x00, 0x00, 0x00, 0x00,
  0x00, 0x00, 0xF0, 0x00, 0x00, 0x0F, 0x00, 0xF0, 0x00, 0x00, 0x00, 0x00, 0xF0, 0x00, 0x00, 0x00,
  0x00, 0xF0, 0x00, 0x20, 0x00, 0x00, 0xF2, 0x00, 0x20, 0x00, 0x00, 0xF2, 0x00, 0x00, 0x0F, 0x00,
  0xF0, 0x00, 0x70, 0x00, 0x00, 0xF7, 0x00, 0x70, 0x00, 0x00, 0x07, 0x00, 0x70, 0x00, 0x00, 0x07,
  0x00, 0x00, 0x00, 0x00, 0x00, 0x00, 0xA0, 0x00, 0x00, 0x0A, 0x00, 0xA0, 0x00, 0x00, 0x0A, 0x00,
  0x00, 0x00, 0x00, 0x09, 0x00, 0x90, 0x00, 0x00, 0x09, 0x00, 0x90, 0x00, 0x00, 0x09, 0x00, 0x00,
  0x00, 0x00, 0x00, 0x00, 0x00, 0x00, 0x00, 0x00, 0x00, 0x60, 0x00, 0x00, 0x06, 0x00, 0x60, 0x00,
  0x00, 0x06, 0x00, 0x00, 0x00, 0x00, 0x00, 0x00, 0xB0, 0x00, 0x00, 0x0B, 0x00, 0xB0, 0x00, 0x00,
  0x00, 0x00, 0x00, 0x00, 0x00, 0x05, 0x00, 0x50, 0x00, 0x00, 0x05, 0x00, 0x50, 0x00, 0x00, 0x00,
  0x00, 0x00, 0x00, 0x00, 0x00, 0x00, 0x00, 0x00, 0xF0, 0x00, 0x00, 0x00, 0x00, 0xF0, 0x00, 0x00,
  0x00, 0x00, 0x00, 0x00, 0x00, 0x0F, 0x00, 0xF0, 0x00, 0x00, 0x2F, 0x01, 0x82, 0x04, 0x08, 0x12,
  0x20, 0x48, 0x40, 0x20, 0x01, 0x81, 0x04, 0x04, 0x12, 0x10, 0x00, 0x60, 0x00, 0x40, 0x01, 0x00,
  0x09, 0x24, 0x22, 0x90, 0x08, 0x41, 0x22, 0x02, 0x80, 0xF0, 0x09, 0x25, 0x24, 0xA4, 0x90, 0x90,
  0x42, 0x52, 0x04, 0x80, 0x10, 0x00, 0x81, 0x40, 0x02, 0x02, 0x09, 0x08, 0x24, 0x20, 0x90, 0x80,
  0x40, 0x02, 0x01, 0x00, 0x03, 0x00, 0x12, 0x00, 0x48, 0x00, 0x20, 0x81, 0x04, 0x19, 0x12, 0x88,
  0x48, 0x20, 0x22, 0x81, 0x74, 0x00, 0x11, 0x92, 0x45, 0x48, 0x89, 0x20, 0xC5, 0x02, 0x10, 0x34,
  0x80, 0x10, 0x49, 0x41, 0x24, 0x05, 0x8A, 0x14, 0x14, 0x20, 0x50, 0x90, 0x40, 0x40, 0x82, 0x00,
  0x09, 0x02, 0x00, 0x0A, 0x24, 0x16, 0x90, 0x44, 0x00, 0x10, 0x01, 0x40, 0x14, 0xC9, 0xA0, 0x24,
  0x01, 0xA2, 0x04, 0x48, 0x00, 0xD0, 0x26, 0x40, 0x90, 0xB0, 0x00, 0x3C, 0x01, 0x12, 0x04, 0x48,
  0x10, 0x00, 0x40, 0x40, 0x02, 0x01, 0x09, 0x0B, 0x00, 0x43, 0x40, 0x02, 0x01, 0x09, 0x04, 0x24,
  0x08, 0x90, 0x20, 0x43, 0x02, 0x13, 0x30, 0x42, 0x13, 0x07, 0x4A, 0x20, 0x04, 0x80, 0x10, 0x00,
  0xA2, 0x09, 0x64, 0x24, 0x48, 0x90, 0x20, 0x41, 0x62, 0x04, 0x49, 0x12, 0x00, 0x49, 0x00, 0xA4,
  0x00, 0x08, 0x05, 0x20, 0x14, 0x48, 0x50, 0x20, 0x01, 0x81, 0x04, 0x04, 0x12, 0x60, 0x00, 0x00,
  0x02, 0x00, 0x74, 0x02, 0x10, 0x09, 0x38, 0x24, 0x10, 0x00, 0x40, 0x20, 0xC0, 0x82, 0xA4, 0x00,
  0x96, 0x02, 0x40, 0x0A, 0x20, 0x10, 0x80, 0x00, 0x00, 0x01, 0x00, 0x02, 0x00, 0x08, 0x09, 0x20,
  0x24, 0x60, 0x90, 0x40, 0x42, 0x02, 0x11, 0x00, 0x44, 0x00, 0x8C, 0x00, 0x48, 0x02, 0x20, 0x88,
  0x84, 0x20, 0x12, 0x02, 0x07, 0x17, 0x40, 0x42, 0x00, 0x09, 0x01, 0x40, 0x18, 0x00, 0x82, 0x10,
  0x08, 0xA2, 0x44, 0x68, 0x12, 0x41, 0x48, 0x04, 0xF1, 0x00, 0xF0, 0x00, 0xF0, 0x00, 0xF0, 0x00,
  0x60, 0x00, 0x00, 0x00, 0x00, 0x00, 0x00, 0x00, 0xF0, 0x00, 0xF0, 0x00, 0xF0, 0x00, 0xF0, 0x00,
  0x30, 0x00, 0x00, 0x00, 0x00, 0x00, 0x00, 0x00, 0xF0, 0x00, 0xF0, 0x00, 0xF0, 0x00, 0xF0, 0x00,
  0xF0, 0x00, 0xF0, 0x00, 0xF0, 0x00, 0xF0, 0x00, 0xF0, 0x00, 0xF0, 0x00, 0xF0, 0x00, 0xF0, 0x00,
  0xF0, 0x00, 0xF0, 0x00, 0xF0, 0x00, 0xF0, 0x00, 0xF0, 0x00, 0xF0, 0x00, 0xF0, 0x00, 0xF0, 0x00,
  0xF0, 0x00, 0xF0, 0x00, 0xF0, 0x00, 0x70, 0x00, 0x60, 0x00, 0x00, 0x00, 0x00, 0x00, 0x00, 0x00,
  0x00, 0x00, 0x00, 0x00, 0xF0, 0x00, 0xF0, 0x00, 0xF0, 0x00, 0xF0, 0x00, 0xF0, 0x00, 0x00, 0x00,
  0x00, 0x00, 0x00, 0x00, 0x00, 0x00, 0x00, 0x00, 0x00, 0x00, 0xF0, 0x00, 0xF0, 0x00, 0xF0, 0x00,
  0xF0, 0x00, 0xF0, 0x00, 0xF0, 0x00, 0xF0, 0x00, 0xF0, 0x00, 0xF0, 0x00, 0xF0, 0x00, 0xF0, 0x00,
  0xF0, 0x00, 0xF0, 0x00, 0xF0, 0x00, 0xF0, 0x00, 0xF0, 0x00, 0x00, 0x00, 0x00, 0x00, 0x00, 0x00,
  0x00, 0x00, 0x00, 0x00, 0x60, 0x00, 0xF0, 0x00, 0xF0, 0x00, 0xF0, 0x00, 0xF0, 0x00, 0xF0, 0x00,
  0xF0, 0x00, 0xF0, 0x00, 0x70, 0x00, 0x00, 0x00, 0x00, 0x00, 0x00, 0x00, 0x00, 0x00, 0xC0, 0x00,
  0xF0, 0x00, 0xF0, 0x00, 0xF0, 0x00, 0xF0, 0x00, 0xF0, 0x00, 0xF0, 0x00, 0xF0, 0x00, 0xF0, 0x00,
  0xF0, 0x00, 0xF0, 0x00, 0xF0, 0x00, 0xF0, 0x00, 0xF0, 0x00, 0xF0, 0x00, 0xF0, 0x00, 0xF0, 0x00,
  0xF0, 0x00, 0xF0, 0x00, 0xF0, 0x00, 0xF0, 0x00, 0xF0, 0x00, 0xF0, 0x00, 0xF0, 0x00, 0xF0, 0x00,
  0xF0, 0x00, 0xF0, 0x00, 0xF0, 0x00, 0xF0, 0x00, 0xF0, 0x00, 0xF0, 0x00, 0xF0, 0x00, 0xF0, 0x00,
  0xF0, 0x00, 0xE0, 0x00, 0x00, 0x00, 0x00, 0x00, 0x00, 0x00, 0x00, 0x00, 0x00, 0x00, 0x60, 0x00,
  0xF0, 0x00, 0xF0, 0x00, 0xF0, 0x00, 0xF0, 0x00, 0xF0, 0x00, 0xF0, 0x00, 0xF0, 0x00, 0xF0, 0x00,
  0xF0, 0x00, 0xF0, 0x00, 0xF0, 0x00, 0xF0, 0x00, 0xF0, 0x00, 0xF0, 0x00, 0xF0, 0x00, 0xF0, 0x00,
  0xF0, 0x00, 0xF0, 0x00, 0xF0, 0x00, 0xF0, 0x00, 0xF0, 0x00, 0xF0, 0x00, 0xF0, 0x00, 0x60, 0x00,
  0x00, 0x00, 0x00, 0x00, 0x00, 0x00, 0x00, 0x00, 0x00, 0x00, 0x10, 0x00, 0xB0, 0x00, 0xF0, 0x00,
  0xF0, 0x00, 0xF0, 0x00, 0xF0, 0x00, 0xF0, 0x00, 0xF0, 0x00, 0xF0, 0x00, 0xF0, 0x00, 0xF0, 0x00,
  0xF0, 0x00, 0xF0, 0x00, 0x70, 0x00, 0x30, 0x00, 0x00, 0x00, 0x00, 0x00, 0x00, 0x00, 0x00, 0x00,
  0x80, 0x00, 0xF0, 0x00, 0xF0, 0x00, 0xF0, 0x00, 0xF0, 0x00, 0xF0, 0x00, 0xF0, 0x00, 0xF0, 0x00,
  0xF0, 0x00, 0xF0, 0x00, 0x00, 0x00, 0x00, 0x00, 0x00, 0x00, 0x00, 0x00, 0x00, 0x00, 0x00, 0x00,
  0xF0, 0xFF, 0xFF, 0x03, 0x0F, 0xF0, 0x00, 0xF3, 0x3C, 0xCF, 0xC0, 0x0F, 0xFC, 0x0F, 0xF0, 0x00,
  0x30, 0x00, 0x03, 0x30, 0xF3, 0x33, 0x03, 0x3F, 0xF0, 0x03, 0xC0, 0xCC, 0xCC, 0xCC, 0xCC, 0x33,
  0x33, 0x33, 0x33, 0x03, 0x00, 0xCC, 0xCC, 0xCC, 0xCC, 0x0C, 0x00, 0x00, 0x00, 0x00, 0x33, 0x33,
  0x33, 0x33, 0x03, 0x00, 0x00, 0x00, 0x00, 0xC0, 0x0C, 0xCC, 0xC0, 0x0C, 0x00, 0x00, 0x00, 0x00,
  0xCF, 0xF0, 0x0C, 0xCC, 0xC0, 0x00, 0x0C, 0xC0, 0x03, 0x3C, 0x00, 0x00, 0xC3, 0x30, 0xCC, 0xC3,
  0x0C, 0xF0, 0x00, 0x0F, 0x3F, 0xF0, 0xC3, 0x03, 0x3C, 0xC0, 0x00, 0x00, 0x0C, 0xCC, 0xC0, 0xCC,
  0x0C, 0xCC, 0xC0, 0x00, 0x00, 0x00, 0x00, 0xF3, 0x3F, 0xFF, 0x00, 0x00, 0x00, 0xCF, 0xFF, 0xFC,
  0x00, 0x00, 0x00, 0x3F, 0xFF, 0xF3, 0x00, 0x00, 0x00, 0xFF, 0xFC, 0xCF, 0x00, 0x00, 0x00, 0xFF,
  0xF3, 0x3F, 0x00, 0x00, 0x00, 0xFC, 0xCF, 0xFF, 0x00, 0x00, 0x00, 0x00, 0x30, 0x33, 0x33, 0x33,
  0x33, 0x00, 0x00, 0x00, 0x00, 0xC0, 0xFF, 0xFC, 0x0F, 0xC0, 0x00, 0xFC, 0xCF, 0xFF, 0x0C, 0x00,
  0x00, 0x00, 0x00, 0xFC, 0xC0, 0x0F, 0x00, 0x00, 0x00, 0x3F, 0xFC, 0xC3, 0x00, 0x00, 0x00, 0x00,
  0x00, 0xFF, 0xF0, 0x0F, 0x00, 0x00, 0x00, 0x00, 0xCF, 0xFF, 0xFC, 0x00, 0x00, 0x00, 0x30, 0x00,
  0x03, 0xFC, 0xC0, 0x0F, 0xFF, 0xF3, 0x3F, 0x00, 0x00, 0x00, 0x00, 0x00, 0x00, 0x03, 0x3F, 0xF0,
  0x03, 0xC0, 0x00, 0x30, 0x00, 0x0E, 0x80, 0x03, 0x70, 0x00, 0x1C, 0x00, 0x0F, 0xC0, 0x07, 0xA0,
  0x01, 0xE0, 0x00, 0x70, 0x00, 0x78, 0x00, 0xFC, 0x00, 0xFC, 0x05, 0xF8, 0x03, 0xF6, 0x01, 0xF8,
  0x00, 0x72, 0x00, 0x1C, 0x00, 0x06, 0x80, 0x01, 0x60, 0x00, 0x38, 0x00, 0x0C, 0x00, 0x03, 0xC0,
  0x01, 0xF0, 0x00, 0xFC, 0x00, 0x78, 0x00, 0xFC, 0x01, 0xFF, 0x01, 0xF8, 0x00, 0x70, 0x00, 0x18,
  0x00, 0x0E, 0x00, 0x03, 0xC0, 0x01, 0xE0, 0x00, 0x38, 0x00, 0x1C, 0x00, 0x0E, 0x00, 0x07, 0xC0,
  0x01, 0xE0, 0x00, 0xF8, 0x01, 0xF8, 0x00, 0xFE, 0x00, 0x78, 0x00, 0x78, 0x00, 0x3C, 0x00, 0x3C,
  0x00, 0x0F, 0x00, 0x03, 0xC0, 0x00, 0x30, 0x00, 0x0C, 0x00, 0x03, 0xC0, 0x00, 0x38, 0x80, 0x07,
  0xF8, 0xC0, 0x3F, 0xF8, 0x03, 0x0F, 0xC0, 0x00, 0x3C, 0x80, 0x07, 0x70, 0x00, 0x1F, 0xE0, 0x03,
  0x78, 0x00, 0x1E, 0x80, 0x03, 0xE0, 0x00, 0x3E, 0xC0, 0x0F, 0x38, 0x00, 0x07, 0xC0, 0x01, 0x30,
  0x00, 0x0E, 0x80, 0x83, 0x7F, 0xE0, 0x0F, 0xF8, 0x00, 0x3F, 0xC0, 0x00, 0x38, 0x00, 0x06, 0x80,
  0x01, 0x70, 0x00, 0x1C, 0x00, 0x03, 0xE0, 0x00, 0x38, 0x80, 0x07, 0xF0, 0x00, 0x0C, 0x00, 0x03,
  0xC0, 0x00, 0x1C, 0x80, 0x03, 0x60, 0x00, 0x18, 0x00, 0x06, 0x80, 0x03, 0xC0, 0x03, 0xF0, 0x03,
  0xEC, 0x03, 0xE0, 0x03, 0xF8, 0x01, 0xE0, 0x00, 0x38, 0x00, 0x1E, 0x00, 0x07, 0xC0, 0x00, 0x38,
  0x00, 0x0F, 0xF8, 0x03, 0x1F, 0xF0, 0x00, 0x1C, 0x80, 0x07, 0x30, 0x00, 0x0C, 0x00, 0x03, 0xE0,
  0x00, 0x38, 0x80, 0x0F, 0xF0, 0x01, 0x6E, 0x80, 0x01, 0x60, 0x00, 0x38, 0x00, 0x0C, 0x00, 0x07,
  0x80, 0x01, 0xE0, 0x00, 0x30, 0x00, 0x0C, 0x80, 0x03, 0x60, 0x00, 0x18, 0x00, 0x0E, 0x00, 0x17,
  0x80, 0x0F, 0xC0, 0x03, 0xE0, 0x00, 0x78, 0x00, 0x3A, 0x00, 0x1C, 0x00, 0x0F, 0x80, 0x07, 0xC0,
  0x0F, 0xF0, 0x0F, 0x8C, 0x07, 0xC0, 0x01, 0x70, 0x00, 0x1C, 0x00, 0x0E, 0x80, 0x1F, 0xC0, 0x0F,
  0xA0, 0x03, 0xC0, 0x00, 0x70, 0x00, 0x18, 0x00, 0x0E, 0x00, 0x07, 0x80, 0x01, 0x60, 0x00,
};

static const baked_level_t BAKED_LEVELS[BAKED_NLEVELS] = {
  {  4, 4,  54,   0, 0x0 }, /* t0 id-0 */
  {  4, 4,  57,   6, 0x360 }, /* t0 id-1 */
  { 16, 1,  50,   5, 0x6F0 }, /* t0 id-2 */
  {  8, 2,  50,   5, 0xA10 }, /* t0 id-4 */
  {  4, 4,  59,   5, 0xD30 }, /* t0 id-5 */
  { 16, 1,  52,   5, 0x10E0 }, /* t0 id-3 */
  {  6, 2,  71,   5, 0x1420 }, /* t0 id-6 */
  {  8, 2,  59,   5, 0x1774 }, /* t0 id-7 */
  { 16, 1,  66,   5, 0x1B24 }, /* t0 id-8 */
  { 16, 1,  59,   5, 0x1F44 }, /* t0 id-11 */
  {  8, 2,  74,  13, 0x22F4 }, /* t0 id-9 */
  {  6, 3,  83,   5, 0x2794 }, /* t0 id-10 */
  {  4, 4,  61,   5, 0x2D6A }, /* t0 id-12 */
  {  8, 2,  60,   5, 0x313A }, /* t0 id-13 */
  { 16, 1,  37,   5, 0x34FA }, /* t0 id-14 */
  {  4, 3,  30,   4, 0x374A }, /* t0 id-54 */
  { 16, 1,  60,   5, 0x38B2 }, /* t0 id-16 */
  {  8, 2,  40,  13, 0x3C72 }, /* t0 id-17 */
  {  4, 4,  60,  13, 0x3EF2 }, /* t0 id-18 */
  {  4, 4,  30,   5, 0x42B2 }, /* t0 id-19 */
  {  8, 2,  82,   5, 0x4492 }, /* t0 id-20 */
  { 16, 1,  55,   5, 0x49B2 }, /* t0 id-21 */
  {  8, 2,  61,   5, 0x4D22 }, /* t0 id-24 */
  {  4, 4,  64,   5, 0x50F2 }, /* t0 id-23 */
  {  8, 2,  67,   5, 0x54F2 }, /* t0 id-22 */
  { 16, 1,  56,   5, 0x5922 }, /* t0 id-25 */
  {  4, 4,  62,   5, 0x5CA2 }, /* t0 id-26 */
  { 16, 1,  77,   5, 0x6082 }, /* t0 id-32 */
  {  8, 2,  29,   5, 0x6552 }, /* t0 id-28 */
  {  8, 2,  53,  10, 0x6722 }, /* t0 id-55 */
  {  9, 2,  60,   1, 0x6A72 }, /* t0 id-53 */
  { 16, 1,  76,   5, 0x6EAA }, /* t0 id-30 */
  {  5, 2,  48,   4, 0x736A }, /* t0 id-33 */
  { 16, 1,  70,   5, 0x754A }, /* t0 id-34 */
  {  4, 7,  82,  24, 0x79AA }, /* t0 id-50 */
  { 16, 1,  44,   5, 0x82A2 }, /* t0 id-40 */
  {  8, 2,  67,   5, 0x8562 }, /* t0 id-35 */
  {  4, 4,  80,  13, 0x8992 }, /* t0 id-36 */
  {  8, 2,  91,   5, 0x8E92 }, /* t0 id-31 */
  {  4, 4,  74,   5, 0x9442 }, /* t0 id-37 */
  {  8, 2, 100,   5, 0x98E2 }, /* t0 id-29 */
  {  8, 2,  67,   5, 0x9F22 }, /* t0 id-38 */
  {  4, 4, 105,   5, 0xA352 }, /* t0 id-39 */
  {  8, 2,  97,   5, 0xA9E2 }, /* t0 id-45 */
  {  4, 4,  73,   5, 0xAFF2 }, /* t0 id-44 */
  { 16, 1, 100,   5, 0xB482 }, /* t0 id-42 */
  {  8, 2,  54,   5, 0xBAC2 }, /* t0 id-43 */
  {  4, 4,  85,   5, 0xBE22 }, /* t0 id-41 */
  {  8, 2,  75,   5, 0xC372 }, /* t0 id-46 */
  {  4, 4,  84,  11, 0xC822 }, /* t0 id-47 */
  { 13, 1,  72,   3, 0xCD62 }, /* t0 id-75 */
  {  5, 2,  44,   3, 0xD10A }, /* t0 id-76 */
  {  4, 4,  84,   2, 0xD2C2 }, /* t0 id-72 */
  {  4, 5,  60,   8, 0xD802 }, /* t0 id-69 */
  {  6, 3,  94,   4, 0xDCB2 }, /* t0 id-74 */
  {  6, 3,  54,   9, 0xE34E }, /* t0 id-81 */
  {  6, 3,  73,   4, 0xE71A }, /* t0 id-73 */
  {  8, 2,  78,  11, 0xEC3C }, /* t0 id-80 */
  {  4, 4,  72,   6, 0xF11C }, /* t0 id-78 */
  {  5, 4,  77,   9, 0xF59C }, /* t0 id-70 */
  { 16, 1, 110,   6, 0xFBA0 }, /* t0 id-71 */
  {  5, 3,  48,   0, 0x10280 }, /* t0 id-77 */
  { 16, 1, 102,   7, 0x10550 }, /* t0 id-239 */
  {  5, 4,  72,  19, 0x10BB0 }, /* t0 id-67 */
  {  8, 2,  75,   5, 0x11150 }, /* t0 id-48 */
  {  5, 4, 101,  18, 0x11600 }, /* t1 id-284 */
  { 12, 1, 125,   3, 0x11DE4 }, /* t1 id-326 */
  {  4, 4,  86,  11, 0x123C0 }, /* t1 id-288 */
  {  6, 4,  88,  21, 0x12920 }, /* t1 id-314 */
  {  6, 4, 149,  17, 0x13160 }, /* t1 id-299 */
  { 10, 2, 112,  17, 0x13F58 }, /* t1 id-293 */
  { 12, 1, 132,  10, 0x14818 }, /* t1 id-285 */
  { 13, 2, 177,  20, 0x14E48 }, /* t2 id-233 */
  { 24, 1,  36,   6, 0x16042 }, /* t3 id-301 */
  { 11, 2, 110,  15, 0x163A2 }, /* t3 id-302 */
  { 15, 1, 108,  12, 0x16D16 }, /* t3 id-244 */
  { 16, 1, 107,   5, 0x1736A }, /* t3 id-246 */
  { 24, 1, 129,  10, 0x17A1A }, /* t3 id-303 */
  { 15, 1,  99,   2, 0x18632 }, /* t4 id-320 */
  {  6, 4,  81,  15, 0x18BFF }, /* t4 id-325 */
  {  4, 3,  70,   6, 0x19397 }, /* t4 id-234 */
  {  6, 4,  67,   2, 0x196DF }, /* t4 id-332 */
  { 10, 1,  54,   0, 0x19D27 }, /* t4 id-319 */
  {  5, 4,  53,   1, 0x19F43 }, /* t4 id-120 */
  { 10, 1, 106,   2, 0x1A367 }, /* t4 id-300 */
  { 17, 1,  86,   0, 0x1A78B }, /* t4 id-249 */
  { 14, 1,  67,  12, 0x1AD41 }, /* t4 id-318 */
  {  8, 2, 102,   8, 0x1B0EB }, /* t5 id-148 */
  {  7, 3,  66,   2, 0x1B74B }, /* t5 id-137 */
  { 17, 1,  95,   0, 0x1BCB5 }, /* t5 id-146 */
  {  5, 3,  88,   5, 0x1C304 }, /* t5 id-145 */
  { 17, 1,  95,   5, 0x1C82C }, /* t5 id-147 */
  {  9, 1,  34,   0, 0x1CE7B }, /* t5 id-138 */
  {  5, 4,  75,   6, 0x1CFAD }, /* t5 id-136 */
  {  8, 2,  88,   9, 0x1D589 }, /* t5 id-169 */
  { 21, 1,  91,   1, 0x1DB09 }, /* t5 id-168 */
  {  8, 2,  54,  15, 0x1E280 }, /* t6 id-84 */
  { 13, 1,  60,   3, 0x1E5E0 }, /* t6 id-86 */
  {  4, 3,  63,   3, 0x1E8EC }, /* t6 id-90 */
  { 10, 2,  50,  17, 0x1EBE0 }, /* t6 id-131 */
  {  8, 2,  67,  15, 0x1EFC8 }, /* t6 id-60 */
  {  8, 2,  85,   0, 0x1F3F8 }, /* t6 id-94 */
  {  8, 2,  83,   2, 0x1F948 }, /* t6 id-87 */
  {  5, 2,  81,   0, 0x1FE78 }, /* t6 id-124 */
  {  7, 3,  59,  12, 0x201A2 }, /* t6 id-99 */
  {  5, 3,  58,   5, 0x20679 }, /* t6 id-98 */
  {  4, 4,  56,   2, 0x209DF }, /* t6 id-56 */
  {  7, 3,  63,   4, 0x20D5F }, /* t6 id-123 */
  {  7, 1,  73,   6, 0x2128A }, /* t6 id-88 */
  { 22, 1,  58,   1, 0x21489 }, /* t7 id-240 */
  { 18, 1,  63,   0, 0x21985 }, /* t7 id-245 */
  { 21, 1,  71,   7, 0x21DF3 }, /* t7 id-241 */
  { 24, 1,  91,   1, 0x223C6 }, /* t7 id-235 */
  { 15, 1,  84,   0, 0x22C4E }, /* t7 id-236 */
  {  6, 3,  70,   1, 0x2313A }, /* t7 id-226 */
  { 18, 1,  58,   0, 0x23626 }, /* t7 id-227 */
  { 20, 1,  68,  10, 0x23A3A }, /* t7 id-228 */
  {  5, 4,  60,   1, 0x23F8A }, /* t7 id-222 */
  { 12, 1,  56,   1, 0x2443A }, /* t7 id-242 */
  { 20, 1, 114,   0, 0x246DA }, /* t7 id-243 */
  { 12, 1, 104,   0, 0x24FC2 }, /* t7 id-248 */
  { 23, 1,  93,   0, 0x254A2 }, /* t7 id-225 */
  {  7, 3, 109,   1, 0x25CFD }, /* t7 id-224 */
  {  5, 4,  72,   6, 0x265EE }, /* t8 id-265 */
  {  5, 5,  55,   3, 0x26B8E }, /* t8 id-79 */
  { 14, 1,  74,   1, 0x270ED }, /* t8 id-259 */
  {  6, 3,  88,  10, 0x274F9 }, /* t8 id-264 */
  {  6, 4, 107,  18, 0x27B29 }, /* t8 id-260 */
  {  7, 3,  82,   8, 0x28531 }, /* t8 id-266 */
  { 22, 1,  93,   1, 0x28BEB }, /* t8 id-262 */
  {  6, 4, 111,   2, 0x293E9 }, /* t8 id-267 */
  {  5, 4,  46,   0, 0x29E51 }, /* t8 id-261 */
  {  4, 6, 160,   3, 0x2A1E9 }, /* t8 id-263 */
  {  7, 3,  92,   1, 0x2B0E9 }, /* t9 id-237 */
  {  9, 2,  61,  10, 0x2B875 }, /* t9 id-83 */
  {  4, 4, 106,   1, 0x2BCBF }, /* t9 id-96 */
  {  5, 4,  58,  14, 0x2C35F }, /* t9 id-97 */
  {  4, 5, 134,   2, 0x2C7E7 }, /* t9 id-95 */
  {  6, 3,  82,   2, 0x2D25F }, /* t10 id-92 */
  { 13, 1,  59,   0, 0x2D823 }, /* t10 id-85 */
  { 16, 1,  62,   3, 0x2DB22 }, /* t10 id-58 */
  {  8, 2,  58,  12, 0x2DF02 }, /* t10 id-57 */
  { 10, 2, 101,  13, 0x2E2A2 }, /* t10 id-121 */
  {  4, 3,  36,   0, 0x2EA86 }, /* t11 id-165 */
  {  5, 4,  93,   5, 0x2EC36 }, /* t11 id-162 */
  {  8, 3,  97,   0, 0x2F37A }, /* t11 id-164 */
  {  5, 4, 124,  16, 0x2FC92 }, /* t11 id-171 */
  {  4, 4,  51,   5, 0x30642 }, /* t11 id-166 */
  { 10, 2, 129,   1, 0x30972 }, /* t11 id-161 */
  { 10, 2, 117,   2, 0x31386 }, /* t11 id-163 */
  {  9, 2, 120,   2, 0x31CAA }, /* t12 id-100 */
  { 18, 1, 119,   0, 0x3251A }, /* t12 id-101 */
  {  4, 6,  87,   1, 0x32D78 }, /* t12 id-102 */
  {  9, 2, 132,   1, 0x335A0 }, /* t12 id-103 */
  {  8, 3,  71,   1, 0x33EE8 }, /* t12 id-104 */
  {  5, 4,  89,   1, 0x34590 }, /* t12 id-105 */
  { 14, 1, 157,   3, 0x34C84 }, /* t12 id-106 */
  { 11, 2, 122,   2, 0x3551A }, /* t12 id-107 */
  { 12, 1, 130,   0, 0x35F96 }, /* t12 id-108 */
  {  7, 2,  95,   5, 0x365AE }, /* t12 id-109 */
  {  5, 4, 155,   0, 0x36AE0 }, /* t12 id-110 */
  {  6, 3, 134,   4, 0x376FC }, /* t12 id-111 */
  { 11, 2,  80,   4, 0x38068 }, /* t12 id-112 */
  { 17, 1, 149,  11, 0x38748 }, /* t12 id-113 */
  { 24, 1, 193,   0, 0x3912D }, /* t12 id-114 */
  { 11, 2, 126,   2, 0x3A345 }, /* t12 id-115 */
  { 13, 1, 105,   2, 0x3AE19 }, /* t12 id-116 */
  { 12, 1, 199,   3, 0x3B36E }, /* t12 id-117 */
  { 15, 1, 138,  14, 0x3BCC2 }, /* t12 id-118 */
  {  8, 3, 268,   0, 0x3C4D8 }, /* t12 id-119 */
  { 12, 2,  76,   0, 0x3DDF8 }, /* t13 id-191 */
  { 12, 2,  89,   1, 0x3E518 }, /* t13 id-194 */
  { 14, 1,  48,   3, 0x3ED70 }, /* t13 id-192 */
  {  9, 2,  64,   1, 0x3F010 }, /* t13 id-197 */
  { 26, 1,  49,  21, 0x3F490 }, /* t13 id-198 */
  {  8, 2,  68,   3, 0x3F98A }, /* t13 id-199 */
  { 22, 1,  95,  12, 0x3FDCA }, /* t13 id-195 */
  { 24, 1,  95,  17, 0x405F4 }, /* t13 id-196 */
  {  4, 3, 129,   2, 0x40EDC }, /* t13 id-200 */
  {  6, 4, 120,   2, 0x414E8 }, /* t13 id-193 */
  {  6, 3,  92,  10, 0x42028 }, /* t13 id-202 */
  {  5, 4, 106,   6, 0x426A0 }, /* t13 id-203 */
  {  4, 6,  53,  20, 0x42EE8 }, /* t13 id-210 */
  {  7, 3,  57,   7, 0x433E0 }, /* t13 id-206 */
  {  8, 3,  56,   8, 0x4388D }, /* t13 id-208 */
  { 23, 1,  99,   8, 0x43DCD }, /* t13 id-204 */
  { 14, 2,  54,  26, 0x446B2 }, /* t13 id-212 */
  {  5, 4,  92,   6, 0x44C9A }, /* t13 id-205 */
  {  4, 4,  51,  10, 0x453CA }, /* t13 id-211 */
  {  5, 4,  69,  17, 0x456FA }, /* t13 id-213 */
  { 12, 1,  87,   0, 0x45C5E }, /* t13 id-238 */
  { 12, 1,  51,   5, 0x46072 }, /* t13 id-209 */
  {  6, 3,  65,  14, 0x462D6 }, /* t13 id-215 */
  {  6, 2, 130,   1, 0x46768 }, /* t13 id-201 */
  { 17, 1, 131,   4, 0x46D80 }, /* t13 id-214 */
  { 22, 1,  38,   1, 0x47633 }, /* t14 id-229 */
  {  4, 6,  89,   2, 0x47977 }, /* t14 id-216 */
  {  6, 4, 142,   0, 0x481CF }, /* t14 id-220 */
  { 23, 1, 125,   0, 0x48F1F }, /* t14 id-221 */
  {  4, 3,  59,   1, 0x49A5A }, /* t14 id-185 */
  {  4, 3,  88,   1, 0x49D1E }, /* t14 id-170 */
  {  5, 4,  78,  18, 0x4A13E }, /* t14 id-217 */
  {  4, 2,  50,   1, 0x4A756 }, /* t14 id-230 */
  {  5, 3, 128,   1, 0x4A8E6 }, /* t14 id-218 */
  {  4, 6,  45,  14, 0x4B066 }, /* t14 id-231 */
  { 21, 1,  63,  14, 0x4B49E }, /* t14 id-232 */
  { 10, 3,  69,   1, 0x4B9C9 }, /* t15 id-356 */
  {  9, 3,  58,   1, 0x4C1DF }, /* t15 id-357 */
  {  8, 3,  47,   1, 0x4C7FD }, /* t15 id-358 */
  { 10, 3,  67,   1, 0x4CC65 }, /* t15 id-359 */
  {  7, 3,  63,   1, 0x4D43F }, /* t15 id-360 */
  {  5, 3,  87,   1, 0x4D96A }, /* t15 id-363 */
  {  4, 3,  81,  10, 0x4DE83 }, /* t15 id-364 */
  {  4, 5,  50,   4, 0x4E24F }, /* t16 id-254 */
  {  6, 3,  56,   0, 0x4E637 }, /* t16 id-255 */
  {  7, 3,  47,   1, 0x4EA27 }, /* t16 id-256 */
  { 20, 1,  55,   0, 0x4EE02 }, /* t16 id-257 */
  { 19, 1,  32,   1, 0x4F24E }, /* t16 id-258 */
  {  5, 3,  60,   6, 0x4F4AE }, /* t17 id-344 */
  {  5, 4,  82,  13, 0x4F832 }, /* t17 id-338 */
  { 20, 1,  97,   1, 0x4FE9A }, /* t17 id-269 */
  { 12, 2,  96,  23, 0x5062E }, /* t17 id-340 */
  {  8, 3, 115,  10, 0x50F2E }, /* t17 id-346 */
  {  6, 3,  76,  13, 0x519F6 }, /* t17 id-415 */
  {  4, 5,  77,  16, 0x51F4E }, /* t17 id-416 */
  {  4, 4,   1,   0, 0x52552 }, /* t17 id-417 */
  {  7, 2, 120,  10, 0x52562 }, /* t17 id-391 */
  {  5, 2,  50,   1, 0x52BF2 }, /* t18 id-298 */
  { 15, 1,  96,   4, 0x52DE6 }, /* t18 id-294 */
  {  5, 3,  62,   2, 0x53386 }, /* t18 id-353 */
  {  9, 1,  87,   8, 0x53728 }, /* t18 id-286 */
  {  9, 2,  53,   7, 0x53A37 }, /* t18 id-375 */
  { 11, 2, 121,  11, 0x53DF1 }, /* t18 id-275 */
  {  9, 2,  80,   3, 0x54857 }, /* t18 id-252 */
  {  4, 4,   1,   0, 0x54DF7 }, /* t18 id-418 */
  { 23, 1,  79,   4, 0x54E07 }, /* t18 id-316 */
  {  4, 4, 111,   2, 0x55520 }, /* t18 id-178 */
  {  4, 3,  62,   8, 0x55C10 }, /* t19 id-395 */
  { 12, 2,  72,   6, 0x55EF8 }, /* t19 id-140 */
  {  8, 2,  65,  15, 0x565B8 }, /* t19 id-270 */
  {  8, 2,  60,   3, 0x569C8 }, /* t19 id-378 */
  {  5, 3,  96,   8, 0x56D88 }, /* t19 id-398 */
  {  5, 3,  55,  10, 0x57328 }, /* t19 id-400 */
  { 12, 2,  57,   1, 0x57661 }, /* t19 id-399 */
  {  4, 6,  60,   4, 0x57BB9 }, /* t20 id-341 */
  { 16, 1, 122,   1, 0x58159 }, /* t20 id-354 */
  {  7, 3,  76,   1, 0x588F9 }, /* t20 id-366 */
  { 13, 1, 119,  12, 0x58F35 }, /* t20 id-336 */
  { 11, 2,  75,   0, 0x59540 }, /* t20 id-379 */
  {  4, 4, 104,  12, 0x59BB2 }, /* t20 id-393 */
  { 12, 1,  79,   5, 0x5A232 }, /* t21 id-371 */
  {  4, 3,  82,   1, 0x5A5E6 }, /* t21 id-343 */
  { 11, 2,  78,  10, 0x5A9BE }, /* t21 id-414 */
  { 12, 2, 172,   7, 0x5B072 }, /* t21 id-377 */
  {  5, 4,  72,   2, 0x5C092 }, /* t21 id-333 */
  {  6, 4, 113,  21, 0x5C632 }, /* t21 id-351 */
  {  4, 4, 133,  14, 0x5D0CA }, /* t21 id-380 */
  {  4, 4,  88,   5, 0x5D91A }, /* t21 id-334 */
  { 19, 1, 101,   1, 0x5DE9A }, /* t22 id-181 */
  {  8, 2, 158,   4, 0x5E619 }, /* t22 id-251 */
  {  5, 2,  74,   6, 0x5EFF9 }, /* t22 id-331 */
  {  4, 3,  93,   2, 0x5F2DD }, /* t22 id-315 */
  {  5, 2,  82,   0, 0x5F739 }, /* t22 id-126 */
  {  6, 2, 122,  11, 0x5FA6D }, /* t22 id-268 */
  {  5, 2,  87,   7, 0x60025 }, /* t22 id-373 */
  {  4, 3,  70,   4, 0x6038B }, /* t22 id-397 */
  { 16, 1, 149,  12, 0x606D3 }, /* t22 id-179 */
  {  6, 4,  19,  12, 0x61023 }, /* t24 id-281 */
  { 19, 1,  69,   2, 0x611EB }, /* t24 id-287 */
  {  9, 2,  46,   3, 0x6170A }, /* t24 id-282 */
  {  8, 3,  38,  19, 0x61A46 }, /* t24 id-295 */
  {  8, 3,  56,  23, 0x61DD6 }, /* t24 id-289 */
  { 16, 1,  32,   4, 0x62316 }, /* t24 id-283 */
  {  5, 4,  66,  16, 0x62516 }, /* t24 id-292 */
  { 10, 1,  63,   8, 0x62A3E }, /* t24 id-291 */
  {  5, 3,  84,   1, 0x62CB4 }, /* t24 id-290 */
  {  6, 4,  97,   0, 0x631A0 }, /* t25 id-419 */
  {  4, 2,  76,   6, 0x63AB8 }, /* t25 id-313 */
  {  9, 1,  96,   3, 0x63D18 }, /* t25 id-369 */
  { 10, 1,  86,   6, 0x64078 }, /* t25 id-368 */
  {  8, 3, 115,   7, 0x643D4 }, /* t25 id-349 */
  { 11, 1,  66,   0, 0x64E9C }, /* t25 id-278 */
  {  4, 4, 108,  13, 0x65172 }, /* t25 id-394 */
  {  4, 4, 155,   1, 0x65832 }, /* t25 id-190 */
  {  4, 4, 127,   2, 0x661E2 }, /* t25 id-127 */
  { 11, 2, 124,   8, 0x669D2 }, /* t25 id-342 */
  {  5, 3, 120,   4, 0x6747A }, /* t25 id-339 */
  { 10, 2, 195,  14, 0x67B82 }, /* t26 id-189 */
  {  7, 2, 154,   2, 0x68ABE }, /* t26 id-253 */
  {  4, 3, 131,   2, 0x6932A }, /* t26 id-370 */
  {  6, 2, 143,   4, 0x6994E }, /* t26 id-177 */
  {  5, 4, 169,  11, 0x6A002 }, /* t26 id-392 */
  {  5, 3, 116,   9, 0x6AD36 }, /* t26 id-129 */
  { 15, 1, 206,   6, 0x6B402 }, /* t26 id-187 */
  { 24, 1, 175,  22, 0x6C014 }, /* t26 id-188 */
  { 12, 1, 123,  11, 0x6D07C }, /* t27 id-429 */
  {  8, 1,  74,   7, 0x6D640 }, /* t27 id-424 */
  {  4, 4,  46,   3, 0x6D890 }, /* t27 id-421 */
  {  5, 2,  93,   2, 0x6DB70 }, /* t27 id-428 */
  { 12, 2,  77,  22, 0x6DF12 }, /* t27 id-427 */
  { 14, 1,  77,   6, 0x6E64A }, /* t27 id-423 */
  { 16, 1,  63,   9, 0x6EA80 }, /* t27 id-420 */
  {  5, 4,  63,  18, 0x6EE70 }, /* t27 id-430 */
  {  5, 4,  70,  14, 0x6F35C }, /* t27 id-422 */
  { 30, 1, 129,  29, 0x6F8D4 }, /* t27 id-425 */
  {  8, 3, 107,  21, 0x707F2 }, /* t27 id-426 */
  {  6, 2,  82,   7, 0x711FA }, /* t28 id-157 */
  {  4, 4,  92,   2, 0x715D2 }, /* t28 id-133 */
  {  5, 2,  84,   1, 0x71B92 }, /* t28 id-150 */
  {  8, 3,  75,  14, 0x71EDA }, /* t28 id-184 */
  { 23, 1, 104,   6, 0x725E2 }, /* t28 id-158 */
  { 14, 1,  96,   2, 0x72F3A }, /* t28 id-159 */
  {  8, 2,  79,  10, 0x7347A }, /* t28 id-93 */
  { 21, 1, 118,   1, 0x7396A }, /* t28 id-160 */
  {  5, 4, 131,   2, 0x74318 }, /* t28 id-152 */
  {  6, 3, 120,   1, 0x74D54 }, /* t28 id-128 */
  {  4, 4, 197,   1, 0x755C4 }, /* t29 id-143 */
  {  6, 2, 137,   2, 0x76214 }, /* t29 id-144 */
  { 14, 1, 173,   1, 0x76880 }, /* t29 id-142 */
};

static const uint16_t BAKED_TUN_START[BAKED_TUNNELS] = {
  0, 65, 72, 73, 78, 87, 96, 109, 123, 133, 138, 143, 150, 170, 195, 206, 213, 218, 227, 237, 244, 250, 258, 0, 267, 276, 287, 295, 306, 316,
};
static const uint16_t BAKED_TUN_COUNT[BAKED_TUNNELS] = {
  65, 7, 1, 5, 9, 9, 13, 14, 10, 5, 5, 7, 20, 25, 11, 7, 5, 9, 10, 7, 6, 8, 9, 0, 9, 11, 8, 11, 10, 3,
};

#endif /* LEVELS_BAKED_H */
